Mapping 8 CVs...
Estimated time: ~84 minutes (8 CVs × 10.5 min/CV)

[1/8] 2001_Ut_Format...
================================================================================
TWO-PASS HIERARCHICAL TAXONOMY MAPPING (V2)
================================================================================
Input: .outputs/phase2_20cvs/2001_Ut_Format_preprocessed.json
Strategy: Pass 1 (20 parents) → Router → Pass 2 (3-9 children)

✓ Loaded segmented CV

Processing 218 top-level groups...

  [1] Unknown
      Entries: 2, Subgroups: 1
📝 Prompt logged: 2025-11-09_14-12-22_taxonomy_mapping_pass1_6dd57ceae4f3.json
📝 Response logged: 2025-11-09_14-12-25_taxonomy_mapping_pass1_6dd57ceae4f3_RESPONSE.json
      Pass 1 → Personal Data / Contact Information (0.95)
      Router → Skip Pass 2 (direct to extraction)

    [2] Unknown
        Entries: 2, Subgroups: 0
📝 Prompt logged: 2025-11-09_14-12-25_taxonomy_mapping_pass1_e761e0f15cd8.json
📝 Response logged: 2025-11-09_14-12-28_taxonomy_mapping_pass1_e761e0f15cd8_RESPONSE.json
        Pass 1 → Personal Data / Contact Information (0.95)
        Router → Skip Pass 2 (direct to extraction)

  [3] Unknown
      Entries: 1, Subgroups: 3
📝 Prompt logged: 2025-11-09_14-12-28_taxonomy_mapping_pass1_7b1becd767f2.json
📝 Response logged: 2025-11-09_14-12-31_taxonomy_mapping_pass1_7b1becd767f2_RESPONSE.json
      Pass 1 → Professional Positions & Employment (0.95)
📝 Prompt logged: 2025-11-09_14-12-31_taxonomy_mapping_pass2_batch_3d6130451829.json
📝 Response logged: 2025-11-09_14-12-33_taxonomy_mapping_pass2_batch_3d6130451829_RESPONSE.json
      Pass 2 (batch of 1) → Current Academic/Clinical Positions (avg: 1.00)

    [4] Unknown
        Entries: 3, Subgroups: 0
📝 Prompt logged: 2025-11-09_14-12-33_taxonomy_mapping_pass1_67b40d197079.json
📝 Response logged: 2025-11-09_14-12-35_taxonomy_mapping_pass1_67b40d197079_RESPONSE.json
        Pass 1 → Professional Positions & Employment (0.95)
📝 Prompt logged: 2025-11-09_14-12-35_taxonomy_mapping_pass2_batch_d1bd2bc3363b.json
📝 Response logged: 2025-11-09_14-12-40_taxonomy_mapping_pass2_batch_d1bd2bc3363b_RESPONSE.json
        Pass 2 (batch of 3) → Current Academic/Clinical Positions (avg: 0.80)

    [5] Unknown
        Entries: 2, Subgroups: 0
📝 Prompt logged: 2025-11-09_14-12-40_taxonomy_mapping_pass1_cf4163f8fec9.json
📝 Response logged: 2025-11-09_14-12-42_taxonomy_mapping_pass1_cf4163f8fec9_RESPONSE.json
        Pass 1 → Professional Positions & Employment (0.95)
📝 Prompt logged: 2025-11-09_14-12-42_taxonomy_mapping_pass2_batch_e81f0edd4c2d.json
📝 Response logged: 2025-11-09_14-12-46_taxonomy_mapping_pass2_batch_e81f0edd4c2d_RESPONSE.json
        Pass 2 (batch of 2) → Current Academic/Clinical Positions (avg: 0.85)

    [6] Unknown
        Entries: 3, Subgroups: 0
📝 Prompt logged: 2025-11-09_14-12-46_taxonomy_mapping_pass1_00af5c567293.json
📝 Response logged: 2025-11-09_14-12-48_taxonomy_mapping_pass1_00af5c567293_RESPONSE.json
        Pass 1 → Personal Data / Contact Information (0.95)
        Router → Skip Pass 2 (direct to extraction)

  [7] Unknown
      Entries: 0, Subgroups: 1
📝 Prompt logged: 2025-11-09_14-12-48_taxonomy_mapping_pass1_19d8bf409dcf.json
📝 Response logged: 2025-11-09_14-12-50_taxonomy_mapping_pass1_19d8bf409dcf_RESPONSE.json
      Pass 1 → Personal Data / Contact Information (0.95)
      Router → Skip Pass 2 (direct to extraction)

    [8] Unknown
        Entries: 1, Subgroups: 0
📝 Prompt logged: 2025-11-09_14-12-50_taxonomy_mapping_pass1_64251ff6c3e8.json
📝 Response logged: 2025-11-09_14-12-52_taxonomy_mapping_pass1_64251ff6c3e8_RESPONSE.json
        Pass 1 → Personal Data / Contact Information (0.95)
        Router → Skip Pass 2 (direct to extraction)

  [9] Unknown
      Entries: 2, Subgroups: 0
📝 Prompt logged: 2025-11-09_14-12-52_taxonomy_mapping_pass1_cb2a1e95a102.json
📝 Response logged: 2025-11-09_14-12-54_taxonomy_mapping_pass1_cb2a1e95a102_RESPONSE.json
      Pass 1 → Personal Data / Contact Information (0.95)
      Router → Skip Pass 2 (direct to extraction)

  [10] Unknown
      Entries: 2, Subgroups: 0
📝 Prompt logged: 2025-11-09_14-12-54_taxonomy_mapping_pass1_a10745c297b0.json
📝 Response logged: 2025-11-09_14-12-56_taxonomy_mapping_pass1_a10745c297b0_RESPONSE.json
      Pass 1 → Education (0.95)
📝 Prompt logged: 2025-11-09_14-12-56_taxonomy_mapping_pass2_batch_3c6275681b47.json
📝 Response logged: 2025-11-09_14-12-59_taxonomy_mapping_pass2_batch_3c6275681b47_RESPONSE.json
      Pass 2 (batch of 2) → Doctoral Degree (PhD, MD, DrPH, etc.) (avg: 0.90)

  [11] Unknown
      Entries: 0, Subgroups: 0
📝 Prompt logged: 2025-11-09_14-12-59_taxonomy_mapping_pass1_2776f3db0de2.json
📝 Response logged: 2025-11-09_14-13-02_taxonomy_mapping_pass1_2776f3db0de2_RESPONSE.json
      Pass 1 → Appendix / Other (0.85)

  [12] Unknown
      Entries: 4, Subgroups: 0
📝 Prompt logged: 2025-11-09_14-13-02_taxonomy_mapping_pass1_e60247b85a75.json
📝 Response logged: 2025-11-09_14-13-04_taxonomy_mapping_pass1_e60247b85a75_RESPONSE.json
      Pass 1 → Professional Positions & Employment (0.95)
📝 Prompt logged: 2025-11-09_14-13-04_taxonomy_mapping_pass2_batch_cea080ac1131.json
📝 Response logged: 2025-11-09_14-13-08_taxonomy_mapping_pass2_batch_cea080ac1131_RESPONSE.json
      Pass 2 (batch of 4) → Past Academic/Clinical Positions (avg: 0.90)

  [13] Unknown
      Entries: 3, Subgroups: 0
📝 Prompt logged: 2025-11-09_14-13-08_taxonomy_mapping_pass1_20adcb246102.json
📝 Response logged: 2025-11-09_14-13-09_taxonomy_mapping_pass1_20adcb246102_RESPONSE.json
      Pass 1 → Professional Positions & Employment (0.95)
📝 Prompt logged: 2025-11-09_14-13-09_taxonomy_mapping_pass2_batch_3a7b39f85bdc.json
📝 Response logged: 2025-11-09_14-13-12_taxonomy_mapping_pass2_batch_3a7b39f85bdc_RESPONSE.json
      Pass 2 (batch of 3) → Past Academic/Clinical Positions (avg: 0.92)

  [14] Unknown
      Entries: 0, Subgroups: 0
📝 Prompt logged: 2025-11-09_14-13-12_taxonomy_mapping_pass1_2776f3db0de2.json
📝 Response logged: 2025-11-09_14-13-15_taxonomy_mapping_pass1_2776f3db0de2_RESPONSE.json
      Pass 1 → Appendix / Other (0.85)

  [15] Unknown
      Entries: 1, Subgroups: 10
📝 Prompt logged: 2025-11-09_14-13-15_taxonomy_mapping_pass1_3d425d79e80b.json
📝 Response logged: 2025-11-09_14-13-17_taxonomy_mapping_pass1_3d425d79e80b_RESPONSE.json
      Pass 1 → Professional Positions & Employment (0.95)
📝 Prompt logged: 2025-11-09_14-13-17_taxonomy_mapping_pass2_batch_4438d3ed15ec.json
📝 Response logged: 2025-11-09_14-13-18_taxonomy_mapping_pass2_batch_4438d3ed15ec_RESPONSE.json
      Pass 2 (batch of 1) → Current Academic/Clinical Positions (avg: 0.90)

    [16] Unknown
        Entries: 2, Subgroups: 0
📝 Prompt logged: 2025-11-09_14-13-18_taxonomy_mapping_pass1_87a194bf18db.json
📝 Response logged: 2025-11-09_14-13-21_taxonomy_mapping_pass1_87a194bf18db_RESPONSE.json
        Pass 1 → Professional Positions & Employment (0.95)
📝 Prompt logged: 2025-11-09_14-13-21_taxonomy_mapping_pass2_batch_65d53ed8b6b1.json
📝 Response logged: 2025-11-09_14-13-24_taxonomy_mapping_pass2_batch_65d53ed8b6b1_RESPONSE.json
        Pass 2 (batch of 2) → Past Academic/Clinical Positions (avg: 0.85)

    [17] Unknown
        Entries: 3, Subgroups: 0
📝 Prompt logged: 2025-11-09_14-13-24_taxonomy_mapping_pass1_eb02287e3b1a.json
📝 Response logged: 2025-11-09_14-13-26_taxonomy_mapping_pass1_eb02287e3b1a_RESPONSE.json
        Pass 1 → Professional Positions & Employment (0.95)
📝 Prompt logged: 2025-11-09_14-13-26_taxonomy_mapping_pass2_batch_3db9ff427a48.json
📝 Response logged: 2025-11-09_14-13-30_taxonomy_mapping_pass2_batch_3db9ff427a48_RESPONSE.json
        Pass 2 (batch of 3) → Past Academic/Clinical Positions (avg: 0.90)

    [18] Unknown
        Entries: 2, Subgroups: 0
📝 Prompt logged: 2025-11-09_14-13-30_taxonomy_mapping_pass1_8c8b51653aaa.json
📝 Response logged: 2025-11-09_14-13-31_taxonomy_mapping_pass1_8c8b51653aaa_RESPONSE.json
        Pass 1 → Professional Positions & Employment (0.95)
📝 Prompt logged: 2025-11-09_14-13-31_taxonomy_mapping_pass2_batch_1f35ffa7c801.json
📝 Response logged: 2025-11-09_14-13-34_taxonomy_mapping_pass2_batch_1f35ffa7c801_RESPONSE.json
        Pass 2 (batch of 2) → Past Academic/Clinical Positions (avg: 0.93)

    [19] Unknown
        Entries: 1, Subgroups: 0
📝 Prompt logged: 2025-11-09_14-13-34_taxonomy_mapping_pass1_bb536de3646e.json
📝 Response logged: 2025-11-09_14-13-36_taxonomy_mapping_pass1_bb536de3646e_RESPONSE.json
        Pass 1 → Postdoctoral Training (0.85)
        Pass 2 → Failed: No confusion info for parent: C

    [20] Unknown
        Entries: 1, Subgroups: 0
📝 Prompt logged: 2025-11-09_14-13-36_taxonomy_mapping_pass1_833928649d95.json
📝 Response logged: 2025-11-09_14-13-38_taxonomy_mapping_pass1_833928649d95_RESPONSE.json
        Pass 1 → Honors and Awards (0.85)

    [21] Unknown
        Entries: 2, Subgroups: 0
📝 Prompt logged: 2025-11-09_14-13-38_taxonomy_mapping_pass1_6d6e7f7d3743.json
📝 Response logged: 2025-11-09_14-13-41_taxonomy_mapping_pass1_6d6e7f7d3743_RESPONSE.json
        Pass 1 → Postdoctoral Training (0.85)
        Pass 2 → Failed: No confusion info for parent: C

    [22] Unknown
        Entries: 2, Subgroups: 0
📝 Prompt logged: 2025-11-09_14-13-41_taxonomy_mapping_pass1_e7b315e7e36c.json
📝 Response logged: 2025-11-09_14-13-43_taxonomy_mapping_pass1_e7b315e7e36c_RESPONSE.json
        Pass 1 → Professional Positions & Employment (0.95)
📝 Prompt logged: 2025-11-09_14-13-43_taxonomy_mapping_pass2_batch_cea19b1ae229.json
📝 Response logged: 2025-11-09_14-13-46_taxonomy_mapping_pass2_batch_cea19b1ae229_RESPONSE.json
        Pass 2 (batch of 2) → Past Academic/Clinical Positions (avg: 0.88)

    [23] Unknown
        Entries: 4, Subgroups: 0
📝 Prompt logged: 2025-11-09_14-13-46_taxonomy_mapping_pass1_eab70ebb7c20.json
📝 Response logged: 2025-11-09_14-13-48_taxonomy_mapping_pass1_eab70ebb7c20_RESPONSE.json
        Pass 1 → Professional Positions & Employment (0.95)
📝 Prompt logged: 2025-11-09_14-13-48_taxonomy_mapping_pass2_batch_e043c0dc6981.json
📝 Response logged: 2025-11-09_14-13-52_taxonomy_mapping_pass2_batch_e043c0dc6981_RESPONSE.json
        Pass 2 (batch of 4) → Past Academic/Clinical Positions (avg: 0.90)

    [24] Unknown
        Entries: 3, Subgroups: 0
📝 Prompt logged: 2025-11-09_14-13-52_taxonomy_mapping_pass1_b190c54fa1c5.json
📝 Response logged: 2025-11-09_14-13-57_taxonomy_mapping_pass1_b190c54fa1c5_RESPONSE.json
        Pass 1 → Clinical Practice, Innovation, and Leadership (0.95)
        Pass 2 → Failed: No confusion info for parent: L

    [25] Unknown
        Entries: 1, Subgroups: 0
📝 Prompt logged: 2025-11-09_14-13-57_taxonomy_mapping_pass1_cbe964180f68.json
📝 Response logged: 2025-11-09_14-14-00_taxonomy_mapping_pass1_cbe964180f68_RESPONSE.json
        Pass 1 → Professional Positions & Employment (0.95)
📝 Prompt logged: 2025-11-09_14-14-00_taxonomy_mapping_pass2_batch_fe272f82333a.json
📝 Response logged: 2025-11-09_14-14-01_taxonomy_mapping_pass2_batch_fe272f82333a_RESPONSE.json
        Pass 2 (batch of 1) → Current Academic/Clinical Positions (avg: 0.95)

  [26] Unknown
      Entries: 2, Subgroups: 9
📝 Prompt logged: 2025-11-09_14-14-01_taxonomy_mapping_pass1_5e6ab9f45a3e.json
📝 Response logged: 2025-11-09_14-14-04_taxonomy_mapping_pass1_5e6ab9f45a3e_RESPONSE.json
      Pass 1 → Professional Positions & Employment (0.95)
📝 Prompt logged: 2025-11-09_14-14-04_taxonomy_mapping_pass2_batch_02476bf6b7ef.json
📝 Response logged: 2025-11-09_14-14-06_taxonomy_mapping_pass2_batch_02476bf6b7ef_RESPONSE.json
      Pass 2 (batch of 2) → Past Academic/Clinical Positions (avg: 0.85)

    [27] Unknown
        Entries: 2, Subgroups: 0
📝 Prompt logged: 2025-11-09_14-14-06_taxonomy_mapping_pass1_417be2e2b98b.json
📝 Response logged: 2025-11-09_14-14-09_taxonomy_mapping_pass1_417be2e2b98b_RESPONSE.json
        Pass 1 → Professional Positions & Employment (0.95)
📝 Prompt logged: 2025-11-09_14-14-09_taxonomy_mapping_pass2_batch_4d5e14742dc1.json
📝 Response logged: 2025-11-09_14-14-12_taxonomy_mapping_pass2_batch_4d5e14742dc1_RESPONSE.json
        Pass 2 (batch of 2) → Current Academic/Clinical Positions (avg: 0.85)

    [28] Unknown
        Entries: 4, Subgroups: 0
📝 Prompt logged: 2025-11-09_14-14-12_taxonomy_mapping_pass1_c6e9a8f426a5.json
📝 Response logged: 2025-11-09_14-14-15_taxonomy_mapping_pass1_c6e9a8f426a5_RESPONSE.json
        Pass 1 → Professional Positions & Employment (0.95)
📝 Prompt logged: 2025-11-09_14-14-15_taxonomy_mapping_pass2_batch_076357f58490.json
📝 Response logged: 2025-11-09_14-14-19_taxonomy_mapping_pass2_batch_076357f58490_RESPONSE.json
        Pass 2 (batch of 4) → Current Academic/Clinical Positions (avg: 0.84)

    [29] Unknown
        Entries: 4, Subgroups: 0
📝 Prompt logged: 2025-11-09_14-14-19_taxonomy_mapping_pass1_33fe493021b7.json
📝 Response logged: 2025-11-09_14-14-21_taxonomy_mapping_pass1_33fe493021b7_RESPONSE.json
        Pass 1 → Professional Positions & Employment (0.95)
📝 Prompt logged: 2025-11-09_14-14-21_taxonomy_mapping_pass2_batch_a6195ceb09b7.json
📝 Response logged: 2025-11-09_14-14-25_taxonomy_mapping_pass2_batch_a6195ceb09b7_RESPONSE.json
        Pass 2 (batch of 4) → Current Academic/Clinical Positions (avg: 0.84)

    [30] Unknown
        Entries: 4, Subgroups: 0
📝 Prompt logged: 2025-11-09_14-14-25_taxonomy_mapping_pass1_654a1478b103.json
📝 Response logged: 2025-11-09_14-14-27_taxonomy_mapping_pass1_654a1478b103_RESPONSE.json
        Pass 1 → Professional Positions & Employment (0.95)
📝 Prompt logged: 2025-11-09_14-14-27_taxonomy_mapping_pass2_batch_4248e9646d8e.json
📝 Response logged: 2025-11-09_14-14-31_taxonomy_mapping_pass2_batch_4248e9646d8e_RESPONSE.json
        Pass 2 (batch of 4) → Past Academic/Clinical Positions (avg: 0.86)

    [31] Unknown
        Entries: 2, Subgroups: 0
📝 Prompt logged: 2025-11-09_14-14-31_taxonomy_mapping_pass1_13ca94c651c7.json
📝 Response logged: 2025-11-09_14-14-33_taxonomy_mapping_pass1_13ca94c651c7_RESPONSE.json
        Pass 1 → Professional Positions & Employment (0.95)
📝 Prompt logged: 2025-11-09_14-14-33_taxonomy_mapping_pass2_batch_ef89d0907d4d.json
📝 Response logged: 2025-11-09_14-14-36_taxonomy_mapping_pass2_batch_ef89d0907d4d_RESPONSE.json
        Pass 2 (batch of 2) → Current Academic/Clinical Positions (avg: 0.85)

    [32] Unknown
        Entries: 4, Subgroups: 0
📝 Prompt logged: 2025-11-09_14-14-36_taxonomy_mapping_pass1_4e248a851a2d.json
📝 Response logged: 2025-11-09_14-14-39_taxonomy_mapping_pass1_4e248a851a2d_RESPONSE.json
        Pass 1 → Professional Positions & Employment (0.95)
📝 Prompt logged: 2025-11-09_14-14-39_taxonomy_mapping_pass2_batch_1a872d865412.json
📝 Response logged: 2025-11-09_14-14-43_taxonomy_mapping_pass2_batch_1a872d865412_RESPONSE.json
        Pass 2 (batch of 4) → Current Academic/Clinical Positions (avg: 0.82)

    [33] Unknown
        Entries: 2, Subgroups: 0
📝 Prompt logged: 2025-11-09_14-14-43_taxonomy_mapping_pass1_722c864f3725.json
📝 Response logged: 2025-11-09_14-14-45_taxonomy_mapping_pass1_722c864f3725_RESPONSE.json
        Pass 1 → Professional Positions & Employment (0.95)
📝 Prompt logged: 2025-11-09_14-14-45_taxonomy_mapping_pass2_batch_7acf6f614b06.json
📝 Response logged: 2025-11-09_14-14-49_taxonomy_mapping_pass2_batch_7acf6f614b06_RESPONSE.json
        Pass 2 (batch of 2) → Past Academic/Clinical Positions (avg: 0.93)

    [34] Unknown
        Entries: 1, Subgroups: 0
📝 Prompt logged: 2025-11-09_14-14-49_taxonomy_mapping_pass1_84d1023c893a.json
📝 Response logged: 2025-11-09_14-14-51_taxonomy_mapping_pass1_84d1023c893a_RESPONSE.json
        Pass 1 → Professional Positions & Employment (0.95)
📝 Prompt logged: 2025-11-09_14-14-51_taxonomy_mapping_pass2_batch_94e052019878.json
📝 Response logged: 2025-11-09_14-14-53_taxonomy_mapping_pass2_batch_94e052019878_RESPONSE.json
        Pass 2 (batch of 1) → Current Academic/Clinical Positions (avg: 0.90)

    [35] Unknown
        Entries: 4, Subgroups: 0
📝 Prompt logged: 2025-11-09_14-14-53_taxonomy_mapping_pass1_0f3cad04acf1.json
📝 Response logged: 2025-11-09_14-14-55_taxonomy_mapping_pass1_0f3cad04acf1_RESPONSE.json
        Pass 1 → Professional Positions & Employment (0.95)
📝 Prompt logged: 2025-11-09_14-14-55_taxonomy_mapping_pass2_batch_6ff80675cd3e.json
📝 Response logged: 2025-11-09_14-15-00_taxonomy_mapping_pass2_batch_6ff80675cd3e_RESPONSE.json
        Pass 2 (batch of 4) → Current Academic/Clinical Positions (avg: 0.85)

  [36] Unknown
      Entries: 5, Subgroups: 0
📝 Prompt logged: 2025-11-09_14-15-00_taxonomy_mapping_pass1_7513cc695f7e.json
📝 Response logged: 2025-11-09_14-15-02_taxonomy_mapping_pass1_7513cc695f7e_RESPONSE.json
      Pass 1 → Licensure and Certification (0.95)
      Pass 2 → Failed: No confusion info for parent: F

  [37] Unknown
      Entries: 5, Subgroups: 0
📝 Prompt logged: 2025-11-09_14-15-02_taxonomy_mapping_pass1_517d2929b71d.json
📝 Response logged: 2025-11-09_14-15-04_taxonomy_mapping_pass1_517d2929b71d_RESPONSE.json
      Pass 1 → Licensure and Certification (0.95)
      Pass 2 → Failed: No confusion info for parent: F

  [38] Unknown
      Entries: 0, Subgroups: 0
📝 Prompt logged: 2025-11-09_14-15-04_taxonomy_mapping_pass1_2776f3db0de2.json
📝 Response logged: 2025-11-09_14-15-06_taxonomy_mapping_pass1_2776f3db0de2_RESPONSE.json
      Pass 1 → Appendix / Other (0.85)

  [39] Unknown
      Entries: 1, Subgroups: 2
📝 Prompt logged: 2025-11-09_14-15-06_taxonomy_mapping_pass1_30652561c437.json
📝 Response logged: 2025-11-09_14-15-09_taxonomy_mapping_pass1_30652561c437_RESPONSE.json
      Pass 1 → Institutional / Hospital Affiliation (0.85)
      Router → Skip Pass 2 (direct to extraction)

    [40] Unknown
        Entries: 1, Subgroups: 0
📝 Prompt logged: 2025-11-09_14-15-09_taxonomy_mapping_pass1_4b7fbe9520cc.json
📝 Response logged: 2025-11-09_14-15-13_taxonomy_mapping_pass1_4b7fbe9520cc_RESPONSE.json
        Pass 1 → Professional Positions & Employment (0.95)
📝 Prompt logged: 2025-11-09_14-15-13_taxonomy_mapping_pass2_batch_f290e4ccd1b0.json
📝 Response logged: 2025-11-09_14-15-15_taxonomy_mapping_pass2_batch_f290e4ccd1b0_RESPONSE.json
        Pass 2 (batch of 1) → Past Academic/Clinical Positions (avg: 0.90)

    [41] Unknown
        Entries: 1, Subgroups: 0
📝 Prompt logged: 2025-11-09_14-15-15_taxonomy_mapping_pass1_62cbe6b6a9a7.json
📝 Response logged: 2025-11-09_14-15-17_taxonomy_mapping_pass1_62cbe6b6a9a7_RESPONSE.json
        Pass 1 → Licensure and Certification (0.95)
        Pass 2 → Failed: No confusion info for parent: F

  [42] Unknown
      Entries: 2, Subgroups: 0
📝 Prompt logged: 2025-11-09_14-15-17_taxonomy_mapping_pass1_6a25c78a76c8.json
📝 Response logged: 2025-11-09_14-15-20_taxonomy_mapping_pass1_6a25c78a76c8_RESPONSE.json
      Pass 1 → Licensure and Certification (0.95)
      Pass 2 → Failed: No confusion info for parent: F

  [43] Unknown
      Entries: 1, Subgroups: 0
📝 Prompt logged: 2025-11-09_14-15-20_taxonomy_mapping_pass1_a03b578f0910.json
📝 Response logged: 2025-11-09_14-15-24_taxonomy_mapping_pass1_a03b578f0910_RESPONSE.json
      Pass 1 → Education (0.85)
📝 Prompt logged: 2025-11-09_14-15-24_taxonomy_mapping_pass2_batch_5f91239f2133.json
📝 Response logged: 2025-11-09_14-15-25_taxonomy_mapping_pass2_batch_5f91239f2133_RESPONSE.json
      Pass 2 (batch of 1) → Continuing Education / Professional Development (avg: 0.90)

  [44] Unknown
      Entries: 4, Subgroups: 0
📝 Prompt logged: 2025-11-09_14-15-25_taxonomy_mapping_pass1_8c3eaf910739.json
📝 Response logged: 2025-11-09_14-15-28_taxonomy_mapping_pass1_8c3eaf910739_RESPONSE.json
      Pass 1 → Licensure and Certification (0.95)
      Pass 2 → Failed: No confusion info for parent: F

  [45] Unknown
      Entries: 1, Subgroups: 0
📝 Prompt logged: 2025-11-09_14-15-28_taxonomy_mapping_pass1_1442dbc83758.json
📝 Response logged: 2025-11-09_14-15-30_taxonomy_mapping_pass1_1442dbc83758_RESPONSE.json
      Pass 1 → Professional Organizations and Society Memberships (0.95)

  [46] Unknown
      Entries: 1, Subgroups: 0
📝 Prompt logged: 2025-11-09_14-15-30_taxonomy_mapping_pass1_69c4b2ba9574.json
📝 Response logged: 2025-11-09_14-15-33_taxonomy_mapping_pass1_69c4b2ba9574_RESPONSE.json
      Pass 1 → Professional Positions & Employment (0.95)
📝 Prompt logged: 2025-11-09_14-15-33_taxonomy_mapping_pass2_batch_52852aaca6ac.json
📝 Response logged: 2025-11-09_14-15-35_taxonomy_mapping_pass2_batch_52852aaca6ac_RESPONSE.json
      Pass 2 (batch of 1) → Past Academic/Clinical Positions (avg: 0.80)

  [47] Unknown
      Entries: 5, Subgroups: 0
📝 Prompt logged: 2025-11-09_14-15-35_taxonomy_mapping_pass1_14dbba442ef9.json
📝 Response logged: 2025-11-09_14-15-37_taxonomy_mapping_pass1_14dbba442ef9_RESPONSE.json
      Pass 1 → Professional Positions & Employment (0.95)
📝 Prompt logged: 2025-11-09_14-15-37_taxonomy_mapping_pass2_batch_f5b83bd366cf.json
📝 Response logged: 2025-11-09_14-15-43_taxonomy_mapping_pass2_batch_f5b83bd366cf_RESPONSE.json
      Pass 2 (batch of 5) → Past Academic/Clinical Positions (avg: 0.90)

  [48] Unknown
      Entries: 10, Subgroups: 1
📝 Prompt logged: 2025-11-09_14-15-43_taxonomy_mapping_pass1_f1347427f954.json
📝 Response logged: 2025-11-09_14-15-46_taxonomy_mapping_pass1_f1347427f954_RESPONSE.json
      Pass 1 → Professional Organizations and Society Memberships (0.85)

    [49] Unknown
        Entries: 13, Subgroups: 0
📝 Prompt logged: 2025-11-09_14-15-46_taxonomy_mapping_pass1_345a12b06d67.json
📝 Response logged: 2025-11-09_14-15-50_taxonomy_mapping_pass1_345a12b06d67_RESPONSE.json
        Pass 1 → Professional Organizations and Society Memberships (0.85)

  [50] Unknown
      Entries: 1, Subgroups: 0
📝 Prompt logged: 2025-11-09_14-15-50_taxonomy_mapping_pass1_cbb973ef3b62.json
📝 Response logged: 2025-11-09_14-15-52_taxonomy_mapping_pass1_cbb973ef3b62_RESPONSE.json
      Pass 1 → Professional Positions & Employment (0.95)
📝 Prompt logged: 2025-11-09_14-15-52_taxonomy_mapping_pass2_batch_b1c5e66c4d9a.json
📝 Response logged: 2025-11-09_14-15-54_taxonomy_mapping_pass2_batch_b1c5e66c4d9a_RESPONSE.json
      Pass 2 (batch of 1) → Past Academic/Clinical Positions (avg: 0.80)

  [51] Unknown
      Entries: 1, Subgroups: 0
📝 Prompt logged: 2025-11-09_14-15-54_taxonomy_mapping_pass1_f97eb4424755.json
📝 Response logged: 2025-11-09_14-15-57_taxonomy_mapping_pass1_f97eb4424755_RESPONSE.json
      Pass 1 → Honors and Awards (0.95)

  [52] Unknown
      Entries: 1, Subgroups: 0
📝 Prompt logged: 2025-11-09_14-15-57_taxonomy_mapping_pass1_85f9ee5a7326.json
📝 Response logged: 2025-11-09_14-15-59_taxonomy_mapping_pass1_85f9ee5a7326_RESPONSE.json
      Pass 1 → Mentoring (0.95)
📝 Prompt logged: 2025-11-09_14-15-59_taxonomy_mapping_pass2_batch_0aa59035cb7f.json
📝 Response logged: 2025-11-09_14-16-01_taxonomy_mapping_pass2_batch_0aa59035cb7f_RESPONSE.json
      Pass 2 (batch of 1) → Leadership & Mentoring Programs (avg: 0.90)

  [53] Unknown
      Entries: 1, Subgroups: 0
📝 Prompt logged: 2025-11-09_14-16-01_taxonomy_mapping_pass1_2fac07d706a4.json
📝 Response logged: 2025-11-09_14-16-04_taxonomy_mapping_pass1_2fac07d706a4_RESPONSE.json
      Pass 1 → Honors and Awards (0.95)

  [54] Unknown
      Entries: 1, Subgroups: 0
📝 Prompt logged: 2025-11-09_14-16-04_taxonomy_mapping_pass1_49a3e20fae25.json
📝 Response logged: 2025-11-09_14-16-07_taxonomy_mapping_pass1_49a3e20fae25_RESPONSE.json
      Pass 1 → Clinical Practice, Innovation, and Leadership (0.85)
      Pass 2 → Failed: No confusion info for parent: L

  [55] Unknown
      Entries: 2, Subgroups: 0
📝 Prompt logged: 2025-11-09_14-16-07_taxonomy_mapping_pass1_b188c233e426.json
📝 Response logged: 2025-11-09_14-16-10_taxonomy_mapping_pass1_b188c233e426_RESPONSE.json
      Pass 1 → Honors and Awards (0.90)

  [56] Unknown
      Entries: 1, Subgroups: 0
📝 Prompt logged: 2025-11-09_14-16-10_taxonomy_mapping_pass1_f894f11514f5.json
📝 Response logged: 2025-11-09_14-16-12_taxonomy_mapping_pass1_f894f11514f5_RESPONSE.json
      Pass 1 → Honors and Awards (0.95)

  [57] Unknown
      Entries: 1, Subgroups: 0
📝 Prompt logged: 2025-11-09_14-16-12_taxonomy_mapping_pass1_6684af585a30.json
📝 Response logged: 2025-11-09_14-16-14_taxonomy_mapping_pass1_6684af585a30_RESPONSE.json
      Pass 1 → Invitations to Speak/Present (0.95)
📝 Prompt logged: 2025-11-09_14-16-14_taxonomy_mapping_pass2_batch_66ee0123b7f4.json
📝 Response logged: 2025-11-09_14-16-16_taxonomy_mapping_pass2_batch_66ee0123b7f4_RESPONSE.json
      Pass 2 (batch of 1) → Grand Rounds, Visiting Professorships, Departmental Seminars (avg: 0.90)

  [58] Unknown
      Entries: 1, Subgroups: 0
📝 Prompt logged: 2025-11-09_14-16-16_taxonomy_mapping_pass1_ee92a85d8e13.json
📝 Response logged: 2025-11-09_14-16-19_taxonomy_mapping_pass1_ee92a85d8e13_RESPONSE.json
      Pass 1 → Professional Positions & Employment (0.85)
📝 Prompt logged: 2025-11-09_14-16-19_taxonomy_mapping_pass2_batch_0506d31cb302.json
📝 Response logged: 2025-11-09_14-16-21_taxonomy_mapping_pass2_batch_0506d31cb302_RESPONSE.json
      Pass 2 (batch of 1) → Past Academic/Clinical Positions (avg: 0.80)

  [59] Unknown
      Entries: 1, Subgroups: 0
📝 Prompt logged: 2025-11-09_14-16-21_taxonomy_mapping_pass1_10206f35427a.json
📝 Response logged: 2025-11-09_14-16-23_taxonomy_mapping_pass1_10206f35427a_RESPONSE.json
      Pass 1 → Honors and Awards (0.95)

  [60] Unknown
      Entries: 1, Subgroups: 0
📝 Prompt logged: 2025-11-09_14-16-23_taxonomy_mapping_pass1_b317e7531fdd.json
📝 Response logged: 2025-11-09_14-16-25_taxonomy_mapping_pass1_b317e7531fdd_RESPONSE.json
      Pass 1 → Honors and Awards (0.95)

  [61] Unknown
      Entries: 1, Subgroups: 0
📝 Prompt logged: 2025-11-09_14-16-25_taxonomy_mapping_pass1_b12d193adb1b.json
📝 Response logged: 2025-11-09_14-16-27_taxonomy_mapping_pass1_b12d193adb1b_RESPONSE.json
      Pass 1 → Honors and Awards (0.95)

  [62] Unknown
      Entries: 1, Subgroups: 0
📝 Prompt logged: 2025-11-09_14-16-27_taxonomy_mapping_pass1_4e6145597193.json
📝 Response logged: 2025-11-09_14-16-29_taxonomy_mapping_pass1_4e6145597193_RESPONSE.json
      Pass 1 → Honors and Awards (0.95)

  [63] Unknown
      Entries: 1, Subgroups: 0
📝 Prompt logged: 2025-11-09_14-16-29_taxonomy_mapping_pass1_ca8d25d50691.json
📝 Response logged: 2025-11-09_14-16-32_taxonomy_mapping_pass1_ca8d25d50691_RESPONSE.json
      Pass 1 → Honors and Awards (0.95)

  [64] Unknown
      Entries: 1, Subgroups: 0
📝 Prompt logged: 2025-11-09_14-16-32_taxonomy_mapping_pass1_2e603189704a.json
📝 Response logged: 2025-11-09_14-16-33_taxonomy_mapping_pass1_2e603189704a_RESPONSE.json
      Pass 1 → Honors and Awards (0.95)

  [65] Unknown
      Entries: 1, Subgroups: 0
📝 Prompt logged: 2025-11-09_14-16-33_taxonomy_mapping_pass1_57ea45d0a8f5.json
📝 Response logged: 2025-11-09_14-16-35_taxonomy_mapping_pass1_57ea45d0a8f5_RESPONSE.json
      Pass 1 → Invitations to Speak/Present (0.95)
📝 Prompt logged: 2025-11-09_14-16-35_taxonomy_mapping_pass2_batch_6dab89506f7a.json
📝 Response logged: 2025-11-09_14-16-44_taxonomy_mapping_pass2_batch_6dab89506f7a_RESPONSE.json
      Pass 2 (batch of 1) → Invited Keynotes, Named Lectures, Plenaries (avg: 0.80)

  [66] Unknown
      Entries: 3, Subgroups: 0
📝 Prompt logged: 2025-11-09_14-16-44_taxonomy_mapping_pass1_4d9f81794432.json
📝 Response logged: 2025-11-09_14-16-46_taxonomy_mapping_pass1_4d9f81794432_RESPONSE.json
      Pass 1 → Honors and Awards (0.95)

  [67] Unknown
      Entries: 1, Subgroups: 0
📝 Prompt logged: 2025-11-09_14-16-46_taxonomy_mapping_pass1_c5363fa47f59.json
📝 Response logged: 2025-11-09_14-16-48_taxonomy_mapping_pass1_c5363fa47f59_RESPONSE.json
      Pass 1 → Professional Positions & Employment (0.95)
📝 Prompt logged: 2025-11-09_14-16-48_taxonomy_mapping_pass2_batch_cb3881c1992c.json
📝 Response logged: 2025-11-09_14-16-50_taxonomy_mapping_pass2_batch_cb3881c1992c_RESPONSE.json
      Pass 2 (batch of 1) → Current Academic/Clinical Positions (avg: 0.90)

  [68] Unknown
      Entries: 1, Subgroups: 0
📝 Prompt logged: 2025-11-09_14-16-50_taxonomy_mapping_pass1_735e8b125f9c.json
📝 Response logged: 2025-11-09_14-16-53_taxonomy_mapping_pass1_735e8b125f9c_RESPONSE.json
      Pass 1 → Institutional Administrative Activities (0.90)

  [69] Unknown
      Entries: 1, Subgroups: 0
📝 Prompt logged: 2025-11-09_14-16-53_taxonomy_mapping_pass1_e68b2b5598ea.json
📝 Response logged: 2025-11-09_14-16-55_taxonomy_mapping_pass1_e68b2b5598ea_RESPONSE.json
      Pass 1 → Institutional Administrative Activities (0.95)

  [70] Unknown
      Entries: 1, Subgroups: 0
📝 Prompt logged: 2025-11-09_14-16-55_taxonomy_mapping_pass1_131c1f6f25d3.json
📝 Response logged: 2025-11-09_14-16-58_taxonomy_mapping_pass1_131c1f6f25d3_RESPONSE.json
      Pass 1 → Institutional Administrative Activities (0.90)

  [71] Unknown
      Entries: 1, Subgroups: 0
📝 Prompt logged: 2025-11-09_14-16-58_taxonomy_mapping_pass1_994ce8066969.json
📝 Response logged: 2025-11-09_14-17-01_taxonomy_mapping_pass1_994ce8066969_RESPONSE.json
      Pass 1 → Extramural Professional Responsibilities (0.85)
📝 Prompt logged: 2025-11-09_14-17-01_taxonomy_mapping_pass2_batch_4eb874eef085.json
📝 Response logged: 2025-11-09_14-17-03_taxonomy_mapping_pass2_batch_4eb874eef085_RESPONSE.json
      Pass 2 (batch of 1) → Editorial Board Membership (avg: 0.90)

  [72] Unknown
      Entries: 1, Subgroups: 0
📝 Prompt logged: 2025-11-09_14-17-03_taxonomy_mapping_pass1_3b376c0f789a.json
📝 Response logged: 2025-11-09_14-17-05_taxonomy_mapping_pass1_3b376c0f789a_RESPONSE.json
      Pass 1 → Institutional Administrative Activities (0.90)

  [73] Unknown
      Entries: 1, Subgroups: 0
📝 Prompt logged: 2025-11-09_14-17-05_taxonomy_mapping_pass1_85deac32147a.json
📝 Response logged: 2025-11-09_14-17-07_taxonomy_mapping_pass1_85deac32147a_RESPONSE.json
      Pass 1 → Professional Positions & Employment (0.95)
📝 Prompt logged: 2025-11-09_14-17-07_taxonomy_mapping_pass2_batch_50cc5da2aa7b.json
📝 Response logged: 2025-11-09_14-17-09_taxonomy_mapping_pass2_batch_50cc5da2aa7b_RESPONSE.json
      Pass 2 (batch of 1) → Current Academic/Clinical Positions (avg: 0.90)

  [74] Unknown
      Entries: 1, Subgroups: 0
📝 Prompt logged: 2025-11-09_14-17-09_taxonomy_mapping_pass1_5441cea3531c.json
📝 Response logged: 2025-11-09_14-17-11_taxonomy_mapping_pass1_5441cea3531c_RESPONSE.json
      Pass 1 → Professional Positions & Employment (0.85)
📝 Prompt logged: 2025-11-09_14-17-11_taxonomy_mapping_pass2_batch_423530a97453.json
📝 Response logged: 2025-11-09_14-17-13_taxonomy_mapping_pass2_batch_423530a97453_RESPONSE.json
      Pass 2 (batch of 1) → Current Academic/Clinical Positions (avg: 0.90)

  [75] Unknown
      Entries: 1, Subgroups: 0
📝 Prompt logged: 2025-11-09_14-17-13_taxonomy_mapping_pass1_05fe84bfdde4.json
📝 Response logged: 2025-11-09_14-17-15_taxonomy_mapping_pass1_05fe84bfdde4_RESPONSE.json
      Pass 1 → Institutional Administrative Activities (0.90)

  [76] Unknown
      Entries: 1, Subgroups: 0
📝 Prompt logged: 2025-11-09_14-17-15_taxonomy_mapping_pass1_35e91fc4233e.json
📝 Response logged: 2025-11-09_14-17-25_taxonomy_mapping_pass1_35e91fc4233e_RESPONSE.json
      Pass 1 → Institutional Administrative Activities (0.95)

  [77] Unknown
      Entries: 7, Subgroups: 1
📝 Prompt logged: 2025-11-09_14-17-25_taxonomy_mapping_pass1_b508a6c8185a.json
📝 Response logged: 2025-11-09_14-17-27_taxonomy_mapping_pass1_b508a6c8185a_RESPONSE.json
      Pass 1 → Extramural Professional Responsibilities (0.95)
📝 Prompt logged: 2025-11-09_14-17-27_taxonomy_mapping_pass2_batch_f5c7078d516a.json
📝 Response logged: 2025-11-09_14-17-38_taxonomy_mapping_pass2_batch_f5c7078d516a_RESPONSE.json
      Pass 2 (batch of 7) → Service on Boards and/or Committees (avg: 0.93)

    [78] Unknown
        Entries: 20, Subgroups: 0
📝 Prompt logged: 2025-11-09_14-17-38_taxonomy_mapping_pass1_9d3f06bece49.json
📝 Response logged: 2025-11-09_14-17-40_taxonomy_mapping_pass1_9d3f06bece49_RESPONSE.json
        Pass 1 → Bibliography (0.95)
📝 Prompt logged: 2025-11-09_14-17-40_taxonomy_mapping_pass2_batch_8afa7249b47d.json
📝 Response logged: 2025-11-09_14-17-54_taxonomy_mapping_pass2_batch_8afa7249b47d_RESPONSE.json
        Pass 2 (batch of 20) → Other (Media, Podcasts, Blogs) (avg: 0.90)

  [79] Unknown
      Entries: 1, Subgroups: 0
📝 Prompt logged: 2025-11-09_14-17-54_taxonomy_mapping_pass1_d866f82c71d3.json
📝 Response logged: 2025-11-09_14-17-56_taxonomy_mapping_pass1_d866f82c71d3_RESPONSE.json
      Pass 1 → Bibliography (0.85)
📝 Prompt logged: 2025-11-09_14-17-56_taxonomy_mapping_pass2_batch_14865f7c8073.json
📝 Response logged: 2025-11-09_14-17-58_taxonomy_mapping_pass2_batch_14865f7c8073_RESPONSE.json
      Pass 2 (batch of 1) → Reviews & Editorials (avg: 0.90)

  [80] Unknown
      Entries: 1, Subgroups: 0
📝 Prompt logged: 2025-11-09_14-17-58_taxonomy_mapping_pass1_8e6fbe528095.json
📝 Response logged: 2025-11-09_14-18-00_taxonomy_mapping_pass1_8e6fbe528095_RESPONSE.json
      Pass 1 → Bibliography (0.95)
📝 Prompt logged: 2025-11-09_14-18-00_taxonomy_mapping_pass2_batch_31ff68eff64f.json
📝 Response logged: 2025-11-09_14-18-03_taxonomy_mapping_pass2_batch_31ff68eff64f_RESPONSE.json
      Pass 2 (batch of 1) → Abstracts & Conference Proceedings (avg: 0.90)

  [81] Unknown
      Entries: 1, Subgroups: 0
📝 Prompt logged: 2025-11-09_14-18-03_taxonomy_mapping_pass1_783dc59d2907.json
📝 Response logged: 2025-11-09_14-18-06_taxonomy_mapping_pass1_783dc59d2907_RESPONSE.json
      Pass 1 → Bibliography (0.85)
📝 Prompt logged: 2025-11-09_14-18-06_taxonomy_mapping_pass2_batch_b87640acb0c6.json
📝 Response logged: 2025-11-09_14-18-08_taxonomy_mapping_pass2_batch_b87640acb0c6_RESPONSE.json
      Pass 2 (batch of 1) → Reviews & Editorials (synthesis, commentary) (avg: 0.90)

  [82] Unknown
      Entries: 1, Subgroups: 0
📝 Prompt logged: 2025-11-09_14-18-08_taxonomy_mapping_pass1_a91168ff996a.json
📝 Response logged: 2025-11-09_14-18-10_taxonomy_mapping_pass1_a91168ff996a_RESPONSE.json
      Pass 1 → Professional Positions & Employment (0.85)
📝 Prompt logged: 2025-11-09_14-18-10_taxonomy_mapping_pass2_batch_9273f0f37005.json
📝 Response logged: 2025-11-09_14-18-12_taxonomy_mapping_pass2_batch_9273f0f37005_RESPONSE.json
      Pass 2 (batch of 1) → Current Academic/Clinical Positions (avg: 0.90)

  [83] Unknown
      Entries: 1, Subgroups: 0
📝 Prompt logged: 2025-11-09_14-18-12_taxonomy_mapping_pass1_283d290eb4a6.json
📝 Response logged: 2025-11-09_14-18-16_taxonomy_mapping_pass1_283d290eb4a6_RESPONSE.json
      Pass 1 → Professional Positions & Employment (0.95)
📝 Prompt logged: 2025-11-09_14-18-16_taxonomy_mapping_pass2_batch_6cc37d8b0379.json
📝 Response logged: 2025-11-09_14-18-18_taxonomy_mapping_pass2_batch_6cc37d8b0379_RESPONSE.json
      Pass 2 (batch of 1) → Past Academic/Clinical Positions (avg: 0.80)

  [84] Unknown
      Entries: 1, Subgroups: 0
📝 Prompt logged: 2025-11-09_14-18-18_taxonomy_mapping_pass1_d6b04c23d35a.json
📝 Response logged: 2025-11-09_14-18-21_taxonomy_mapping_pass1_d6b04c23d35a_RESPONSE.json
      Pass 1 → Appendix / Other (0.85)

  [85] Unknown
      Entries: 1, Subgroups: 0
📝 Prompt logged: 2025-11-09_14-18-21_taxonomy_mapping_pass1_d6058365d00a.json
📝 Response logged: 2025-11-09_14-18-24_taxonomy_mapping_pass1_d6058365d00a_RESPONSE.json
      Pass 1 → Institutional / Hospital Affiliation (0.85)
      Router → Skip Pass 2 (direct to extraction)

  [86] Unknown
      Entries: 1, Subgroups: 0
📝 Prompt logged: 2025-11-09_14-18-24_taxonomy_mapping_pass1_30ea93cd2cc0.json
📝 Response logged: 2025-11-09_14-18-27_taxonomy_mapping_pass1_30ea93cd2cc0_RESPONSE.json
      Pass 1 → Professional Positions & Employment (0.95)
📝 Prompt logged: 2025-11-09_14-18-27_taxonomy_mapping_pass2_batch_542c715350ae.json
📝 Response logged: 2025-11-09_14-18-28_taxonomy_mapping_pass2_batch_542c715350ae_RESPONSE.json
      Pass 2 (batch of 1) → Past Academic/Clinical Positions (avg: 0.80)

  [87] Unknown
      Entries: 1, Subgroups: 0
📝 Prompt logged: 2025-11-09_14-18-28_taxonomy_mapping_pass1_4aabadb1bf1a.json
📝 Response logged: 2025-11-09_14-18-32_taxonomy_mapping_pass1_4aabadb1bf1a_RESPONSE.json
      Pass 1 → Appendix / Other (0.85)

  [88] Unknown
      Entries: 1, Subgroups: 0
📝 Prompt logged: 2025-11-09_14-18-32_taxonomy_mapping_pass1_3414be3461ab.json
📝 Response logged: 2025-11-09_14-18-35_taxonomy_mapping_pass1_3414be3461ab_RESPONSE.json
      Pass 1 → Bibliography (0.95)
📝 Prompt logged: 2025-11-09_14-18-35_taxonomy_mapping_pass2_batch_3ac10faf263d.json
📝 Response logged: 2025-11-09_14-18-37_taxonomy_mapping_pass2_batch_3ac10faf263d_RESPONSE.json
      Pass 2 (batch of 1) → Peer-Reviewed Research Articles (original research) (avg: 0.90)

  [89] Unknown
      Entries: 1, Subgroups: 0
📝 Prompt logged: 2025-11-09_14-18-37_taxonomy_mapping_pass1_69f3172852e5.json
📝 Response logged: 2025-11-09_14-18-40_taxonomy_mapping_pass1_69f3172852e5_RESPONSE.json
      Pass 1 → Professional Positions & Employment (0.95)
📝 Prompt logged: 2025-11-09_14-18-40_taxonomy_mapping_pass2_batch_d3d9b084784f.json
📝 Response logged: 2025-11-09_14-18-41_taxonomy_mapping_pass2_batch_d3d9b084784f_RESPONSE.json
      Pass 2 (batch of 1) → Past Academic/Clinical Positions (avg: 0.80)

  [90] Unknown
      Entries: 1, Subgroups: 0
📝 Prompt logged: 2025-11-09_14-18-41_taxonomy_mapping_pass1_0230489df574.json
📝 Response logged: 2025-11-09_14-18-44_taxonomy_mapping_pass1_0230489df574_RESPONSE.json
      Pass 1 → Research (0.85)
📝 Prompt logged: 2025-11-09_14-18-44_taxonomy_mapping_pass2_batch_c68ea9ed4880.json
📝 Response logged: 2025-11-09_14-18-46_taxonomy_mapping_pass2_batch_c68ea9ed4880_RESPONSE.json
      Pass 2 (batch of 1) → Research Activities (Summary) (avg: 0.90)

  [91] Unknown
      Entries: 1, Subgroups: 0
📝 Prompt logged: 2025-11-09_14-18-46_taxonomy_mapping_pass1_b3faebbcffca.json
📝 Response logged: 2025-11-09_14-18-48_taxonomy_mapping_pass1_b3faebbcffca_RESPONSE.json
      Pass 1 → Bibliography (0.85)
📝 Prompt logged: 2025-11-09_14-18-48_taxonomy_mapping_pass2_batch_d35835fdb345.json
📝 Response logged: 2025-11-09_14-18-52_taxonomy_mapping_pass2_batch_d35835fdb345_RESPONSE.json
      Pass 2 (batch of 1) → Abstracts & Conference Proceedings (avg: 0.90)

  [92] Unknown
      Entries: 1, Subgroups: 0
📝 Prompt logged: 2025-11-09_14-18-52_taxonomy_mapping_pass1_f9f97dd53962.json
📝 Response logged: 2025-11-09_14-18-54_taxonomy_mapping_pass1_f9f97dd53962_RESPONSE.json
      Pass 1 → Bibliography (0.95)
📝 Prompt logged: 2025-11-09_14-18-54_taxonomy_mapping_pass2_batch_4671fd4fce86.json
📝 Response logged: 2025-11-09_14-18-56_taxonomy_mapping_pass2_batch_4671fd4fce86_RESPONSE.json
      Pass 2 (batch of 1) → Reviews & Editorials (synthesis, commentary) (avg: 0.80)

  [93] Unknown
      Entries: 1, Subgroups: 0
📝 Prompt logged: 2025-11-09_14-18-56_taxonomy_mapping_pass1_e806dc5e0c3a.json
📝 Response logged: 2025-11-09_14-18-59_taxonomy_mapping_pass1_e806dc5e0c3a_RESPONSE.json
      Pass 1 → Bibliography (0.95)
📝 Prompt logged: 2025-11-09_14-18-59_taxonomy_mapping_pass2_batch_db678638938b.json
📝 Response logged: 2025-11-09_14-19-01_taxonomy_mapping_pass2_batch_db678638938b_RESPONSE.json
      Pass 2 (batch of 1) → Peer-Reviewed Research Articles (original research) (avg: 0.90)

  [94] Unknown
      Entries: 1, Subgroups: 0
📝 Prompt logged: 2025-11-09_14-19-01_taxonomy_mapping_pass1_e2f925744c0b.json
📝 Response logged: 2025-11-09_14-19-05_taxonomy_mapping_pass1_e2f925744c0b_RESPONSE.json
      Pass 1 → Research (0.85)
📝 Prompt logged: 2025-11-09_14-19-05_taxonomy_mapping_pass2_batch_ec38dbe90891.json
📝 Response logged: 2025-11-09_14-19-07_taxonomy_mapping_pass2_batch_ec38dbe90891_RESPONSE.json
      Pass 2 (batch of 1) → Research Activities (Summary) (avg: 0.90)

  [95] Unknown
      Entries: 1, Subgroups: 0
📝 Prompt logged: 2025-11-09_14-19-07_taxonomy_mapping_pass1_e27797518f41.json
📝 Response logged: 2025-11-09_14-19-12_taxonomy_mapping_pass1_e27797518f41_RESPONSE.json
      Pass 1 → Professional Positions & Employment (0.95)
📝 Prompt logged: 2025-11-09_14-19-12_taxonomy_mapping_pass2_batch_8734ca7fc261.json
📝 Response logged: 2025-11-09_14-19-15_taxonomy_mapping_pass2_batch_8734ca7fc261_RESPONSE.json
      Pass 2 (batch of 1) → Past Academic/Clinical Positions (avg: 0.90)

  [96] Unknown
      Entries: 1, Subgroups: 0
📝 Prompt logged: 2025-11-09_14-19-15_taxonomy_mapping_pass1_1231ebc3301b.json
📝 Response logged: 2025-11-09_14-19-18_taxonomy_mapping_pass1_1231ebc3301b_RESPONSE.json
      Pass 1 → Research (0.85)
📝 Prompt logged: 2025-11-09_14-19-18_taxonomy_mapping_pass2_batch_fc914e38efc8.json
📝 Response logged: 2025-11-09_14-19-20_taxonomy_mapping_pass2_batch_fc914e38efc8_RESPONSE.json
      Pass 2 (batch of 1) → Research Activities (Summary) (avg: 0.90)

  [97] Unknown
      Entries: 1, Subgroups: 0
📝 Prompt logged: 2025-11-09_14-19-20_taxonomy_mapping_pass1_84001377d493.json
📝 Response logged: 2025-11-09_14-19-22_taxonomy_mapping_pass1_84001377d493_RESPONSE.json
      Pass 1 → Bibliography (0.95)
📝 Prompt logged: 2025-11-09_14-19-22_taxonomy_mapping_pass2_batch_012d5a1b55b1.json
📝 Response logged: 2025-11-09_14-19-25_taxonomy_mapping_pass2_batch_012d5a1b55b1_RESPONSE.json
      Pass 2 (batch of 1) → Reviews & Editorials (synthesis, commentary) (avg: 0.80)

  [98] Unknown
      Entries: 1, Subgroups: 0
📝 Prompt logged: 2025-11-09_14-19-25_taxonomy_mapping_pass1_1d35cb0de720.json
📝 Response logged: 2025-11-09_14-19-27_taxonomy_mapping_pass1_1d35cb0de720_RESPONSE.json
      Pass 1 → Bibliography (0.95)
📝 Prompt logged: 2025-11-09_14-19-27_taxonomy_mapping_pass2_batch_1c2f86a63228.json
📝 Response logged: 2025-11-09_14-19-29_taxonomy_mapping_pass2_batch_1c2f86a63228_RESPONSE.json
      Pass 2 (batch of 1) → Peer-Reviewed Research Articles (original research) (avg: 0.90)

  [99] Unknown
      Entries: 1, Subgroups: 0
📝 Prompt logged: 2025-11-09_14-19-29_taxonomy_mapping_pass1_652a0d91f202.json
📝 Response logged: 2025-11-09_14-19-31_taxonomy_mapping_pass1_652a0d91f202_RESPONSE.json
      Pass 1 → Professional Positions & Employment (0.95)
📝 Prompt logged: 2025-11-09_14-19-31_taxonomy_mapping_pass2_batch_a5b4f9a8d40b.json
📝 Response logged: 2025-11-09_14-19-34_taxonomy_mapping_pass2_batch_a5b4f9a8d40b_RESPONSE.json
      Pass 2 (batch of 1) → Past Academic/Clinical Positions (avg: 0.80)

  [100] Unknown
      Entries: 1, Subgroups: 0
📝 Prompt logged: 2025-11-09_14-19-34_taxonomy_mapping_pass1_12b27a5f9044.json
📝 Response logged: 2025-11-09_14-19-36_taxonomy_mapping_pass1_12b27a5f9044_RESPONSE.json
      Pass 1 → Bibliography (0.95)
📝 Prompt logged: 2025-11-09_14-19-36_taxonomy_mapping_pass2_batch_be529a71bc5c.json
📝 Response logged: 2025-11-09_14-19-41_taxonomy_mapping_pass2_batch_be529a71bc5c_RESPONSE.json
      Pass 2 (batch of 1) → Reviews & Editorials (synthesis, commentary) (avg: 0.90)

  [101] Unknown
      Entries: 1, Subgroups: 0
📝 Prompt logged: 2025-11-09_14-19-41_taxonomy_mapping_pass1_b63a6a1745c6.json
📝 Response logged: 2025-11-09_14-19-43_taxonomy_mapping_pass1_b63a6a1745c6_RESPONSE.json
      Pass 1 → Bibliography (0.95)
📝 Prompt logged: 2025-11-09_14-19-43_taxonomy_mapping_pass2_batch_20229fdb322d.json
📝 Response logged: 2025-11-09_14-19-45_taxonomy_mapping_pass2_batch_20229fdb322d_RESPONSE.json
      Pass 2 (batch of 1) → Reviews & Editorials (synthesis, commentary) (avg: 0.90)

  [102] Unknown
      Entries: 15, Subgroups: 0
📝 Prompt logged: 2025-11-09_14-19-45_taxonomy_mapping_pass1_c312d8473d2e.json
📝 Response logged: 2025-11-09_14-19-52_taxonomy_mapping_pass1_c312d8473d2e_RESPONSE.json
      Pass 1 → Bibliography (0.95)
📝 Prompt logged: 2025-11-09_14-19-52_taxonomy_mapping_pass2_batch_179a384ff789.json
📝 Response logged: 2025-11-09_14-20-05_taxonomy_mapping_pass2_batch_179a384ff789_RESPONSE.json
      Pass 2 (batch of 15) → Reviews & Editorials (avg: 0.90)

  [103] Unknown
      Entries: 7, Subgroups: 0
📝 Prompt logged: 2025-11-09_14-20-05_taxonomy_mapping_pass1_0c781add7199.json
📝 Response logged: 2025-11-09_14-20-08_taxonomy_mapping_pass1_0c781add7199_RESPONSE.json
      Pass 1 → Extramural Professional Responsibilities (0.95)
📝 Prompt logged: 2025-11-09_14-20-08_taxonomy_mapping_pass2_batch_81921bebc7c6.json
📝 Response logged: 2025-11-09_14-20-15_taxonomy_mapping_pass2_batch_81921bebc7c6_RESPONSE.json
      Pass 2 (batch of 7) → Service on Boards and/or Committees (avg: 0.87)

  [104] Unknown
      Entries: 1, Subgroups: 0
📝 Prompt logged: 2025-11-09_14-20-15_taxonomy_mapping_pass1_1854ab1f731f.json
📝 Response logged: 2025-11-09_14-20-18_taxonomy_mapping_pass1_1854ab1f731f_RESPONSE.json
      Pass 1 → Institutional Administrative Activities (0.85)

  [105] Unknown
      Entries: 2, Subgroups: 1
📝 Prompt logged: 2025-11-09_14-20-18_taxonomy_mapping_pass1_dd2b5a30926e.json
📝 Response logged: 2025-11-09_14-20-21_taxonomy_mapping_pass1_dd2b5a30926e_RESPONSE.json
      Pass 1 → Institutional Administrative Activities (0.85)

    [106] Unknown
        Entries: 2, Subgroups: 0
📝 Prompt logged: 2025-11-09_14-20-21_taxonomy_mapping_pass1_b23411ad7cc2.json
📝 Response logged: 2025-11-09_14-20-25_taxonomy_mapping_pass1_b23411ad7cc2_RESPONSE.json
        Pass 1 → Institutional Administrative Activities (0.85)

  [107] Unknown
      Entries: 1, Subgroups: 0
📝 Prompt logged: 2025-11-09_14-20-25_taxonomy_mapping_pass1_40479f2471ed.json
📝 Response logged: 2025-11-09_14-20-29_taxonomy_mapping_pass1_40479f2471ed_RESPONSE.json
      Pass 1 → Professional Positions & Employment (0.95)
📝 Prompt logged: 2025-11-09_14-20-29_taxonomy_mapping_pass2_batch_1bf5f0d8f02b.json
📝 Response logged: 2025-11-09_14-20-32_taxonomy_mapping_pass2_batch_1bf5f0d8f02b_RESPONSE.json
      Pass 2 (batch of 1) → Current Academic/Clinical Positions (avg: 0.80)

  [108] Unknown
      Entries: 0, Subgroups: 2
📝 Prompt logged: 2025-11-09_14-20-32_taxonomy_mapping_pass1_5c01724bcc98.json
📝 Response logged: 2025-11-09_14-20-35_taxonomy_mapping_pass1_5c01724bcc98_RESPONSE.json
      Pass 1 → Institutional Administrative Activities (0.85)

    [109] Unknown
        Entries: 1, Subgroups: 0
📝 Prompt logged: 2025-11-09_14-20-35_taxonomy_mapping_pass1_0c05e68d5561.json
📝 Response logged: 2025-11-09_14-20-38_taxonomy_mapping_pass1_0c05e68d5561_RESPONSE.json
        Pass 1 → Institutional Administrative Activities (0.85)

    [110] Unknown
        Entries: 1, Subgroups: 0
📝 Prompt logged: 2025-11-09_14-20-38_taxonomy_mapping_pass1_dc63f64ee372.json
📝 Response logged: 2025-11-09_14-20-41_taxonomy_mapping_pass1_dc63f64ee372_RESPONSE.json
        Pass 1 → Institutional Administrative Activities (0.85)

  [111] Unknown
      Entries: 1, Subgroups: 0
📝 Prompt logged: 2025-11-09_14-20-41_taxonomy_mapping_pass1_59723e671261.json
📝 Response logged: 2025-11-09_14-20-43_taxonomy_mapping_pass1_59723e671261_RESPONSE.json
      Pass 1 → Professional Positions & Employment (0.85)
📝 Prompt logged: 2025-11-09_14-20-43_taxonomy_mapping_pass2_batch_fabe38d94f6d.json
📝 Response logged: 2025-11-09_14-20-46_taxonomy_mapping_pass2_batch_fabe38d94f6d_RESPONSE.json
      Pass 2 (batch of 1) → Past Academic/Clinical Positions (avg: 0.80)

  [112] Unknown
      Entries: 2, Subgroups: 0
📝 Prompt logged: 2025-11-09_14-20-46_taxonomy_mapping_pass1_ff3d6122664b.json
📝 Response logged: 2025-11-09_14-20-49_taxonomy_mapping_pass1_ff3d6122664b_RESPONSE.json
      Pass 1 → Extramural Professional Responsibilities (0.85)
📝 Prompt logged: 2025-11-09_14-20-49_taxonomy_mapping_pass2_batch_569cb7d86db4.json
📝 Response logged: 2025-11-09_14-20-52_taxonomy_mapping_pass2_batch_569cb7d86db4_RESPONSE.json
      Pass 2 (batch of 2) → Service on Boards and/or Committees (avg: 0.70)

  [113] Unknown
      Entries: 3, Subgroups: 0
📝 Prompt logged: 2025-11-09_14-20-52_taxonomy_mapping_pass1_d1cea5cffdc3.json
📝 Response logged: 2025-11-09_14-20-55_taxonomy_mapping_pass1_d1cea5cffdc3_RESPONSE.json
      Pass 1 → Mentoring (0.95)
📝 Prompt logged: 2025-11-09_14-20-55_taxonomy_mapping_pass2_batch_f257ae92559e.json
📝 Response logged: 2025-11-09_14-21-01_taxonomy_mapping_pass2_batch_f257ae92559e_RESPONSE.json
      Pass 2 (batch of 3) → Leadership & Mentoring Programs (avg: 0.93)

  [114] Unknown
      Entries: 10, Subgroups: 0
📝 Prompt logged: 2025-11-09_14-21-01_taxonomy_mapping_pass1_b74da4b9a6b7.json
📝 Response logged: 2025-11-09_14-21-18_taxonomy_mapping_pass1_b74da4b9a6b7_RESPONSE.json
      Pass 1 → Mentoring (0.95)
📝 Prompt logged: 2025-11-09_14-21-18_taxonomy_mapping_pass2_batch_b8a4b73f696d.json
📝 Response logged: 2025-11-09_14-21-31_taxonomy_mapping_pass2_batch_b8a4b73f696d_RESPONSE.json
      Pass 2 (batch of 10) → Leadership & Mentoring Programs (avg: 0.86)

  [115] Unknown
      Entries: 1, Subgroups: 0
📝 Prompt logged: 2025-11-09_14-21-31_taxonomy_mapping_pass1_3ba9f2025bf3.json
📝 Response logged: 2025-11-09_14-21-33_taxonomy_mapping_pass1_3ba9f2025bf3_RESPONSE.json
      Pass 1 → Postdoctoral Training (0.95)
      Pass 2 → Failed: No confusion info for parent: C

  [116] Unknown
      Entries: 1, Subgroups: 0
📝 Prompt logged: 2025-11-09_14-21-33_taxonomy_mapping_pass1_6eb4b00871a7.json
📝 Response logged: 2025-11-09_14-21-36_taxonomy_mapping_pass1_6eb4b00871a7_RESPONSE.json
      Pass 1 → Institutional / Hospital Affiliation (0.85)
      Router → Skip Pass 2 (direct to extraction)

  [117] Unknown
      Entries: 1, Subgroups: 0
📝 Prompt logged: 2025-11-09_14-21-36_taxonomy_mapping_pass1_c36e459abe18.json
📝 Response logged: 2025-11-09_14-21-39_taxonomy_mapping_pass1_c36e459abe18_RESPONSE.json
      Pass 1 → Professional Positions & Employment (0.85)
📝 Prompt logged: 2025-11-09_14-21-39_taxonomy_mapping_pass2_batch_c4cc8fd76c43.json
📝 Response logged: 2025-11-09_14-21-42_taxonomy_mapping_pass2_batch_c4cc8fd76c43_RESPONSE.json
      Pass 2 (batch of 1) → Current Academic/Clinical Positions (avg: 0.80)

  [118] Unknown
      Entries: 2, Subgroups: 0
📝 Prompt logged: 2025-11-09_14-21-42_taxonomy_mapping_pass1_3e8c48c5bff2.json
📝 Response logged: 2025-11-09_14-21-44_taxonomy_mapping_pass1_3e8c48c5bff2_RESPONSE.json
      Pass 1 → Professional Positions & Employment (0.95)
📝 Prompt logged: 2025-11-09_14-21-44_taxonomy_mapping_pass2_batch_d2337f133854.json
📝 Response logged: 2025-11-09_14-21-46_taxonomy_mapping_pass2_batch_d2337f133854_RESPONSE.json
      Pass 2 (batch of 2) → Past Academic/Clinical Positions (avg: 0.90)

  [119] Unknown
      Entries: 2, Subgroups: 0
📝 Prompt logged: 2025-11-09_14-21-46_taxonomy_mapping_pass1_5af165cc5d4e.json
📝 Response logged: 2025-11-09_14-21-49_taxonomy_mapping_pass1_5af165cc5d4e_RESPONSE.json
      Pass 1 → Professional Positions & Employment (0.95)
📝 Prompt logged: 2025-11-09_14-21-49_taxonomy_mapping_pass2_batch_121d0bb77ae9.json
📝 Response logged: 2025-11-09_14-21-51_taxonomy_mapping_pass2_batch_121d0bb77ae9_RESPONSE.json
      Pass 2 (batch of 2) → Past Academic/Clinical Positions (avg: 0.90)

  [120] Unknown
      Entries: 1, Subgroups: 0
📝 Prompt logged: 2025-11-09_14-21-51_taxonomy_mapping_pass1_bdb78079a149.json
📝 Response logged: 2025-11-09_14-21-55_taxonomy_mapping_pass1_bdb78079a149_RESPONSE.json
      Pass 1 → Clinical Practice, Innovation, and Leadership (0.95)
      Pass 2 → Failed: No confusion info for parent: L

  [121] Unknown
      Entries: 1, Subgroups: 0
📝 Prompt logged: 2025-11-09_14-21-55_taxonomy_mapping_pass1_74b63e9becf4.json
📝 Response logged: 2025-11-09_14-21-58_taxonomy_mapping_pass1_74b63e9becf4_RESPONSE.json
      Pass 1 → Postdoctoral Training (0.90)
      Pass 2 → Failed: No confusion info for parent: C

  [122] Unknown
      Entries: 6, Subgroups: 0
📝 Prompt logged: 2025-11-09_14-21-58_taxonomy_mapping_pass1_8ec90e2fda36.json
📝 Response logged: 2025-11-09_14-22-01_taxonomy_mapping_pass1_8ec90e2fda36_RESPONSE.json
      Pass 1 → Mentoring (0.85)
📝 Prompt logged: 2025-11-09_14-22-01_taxonomy_mapping_pass2_batch_8040ec96f164.json
📝 Response logged: 2025-11-09_14-22-08_taxonomy_mapping_pass2_batch_8040ec96f164_RESPONSE.json
      Pass 2 (batch of 6) → Leadership & Mentoring Programs (avg: 0.82)

  [123] Unknown
      Entries: 2, Subgroups: 0
📝 Prompt logged: 2025-11-09_14-22-08_taxonomy_mapping_pass1_537809601bd0.json
📝 Response logged: 2025-11-09_14-22-13_taxonomy_mapping_pass1_537809601bd0_RESPONSE.json
      Pass 1 → Educational Contributions (0.85)
📝 Prompt logged: 2025-11-09_14-22-13_taxonomy_mapping_pass2_batch_c2a0fe3ac307.json
📝 Response logged: 2025-11-09_14-22-16_taxonomy_mapping_pass2_batch_c2a0fe3ac307_RESPONSE.json
      Pass 2 (batch of 2) → Didactic Teaching (courses taught) (avg: 0.90)

  [124] Unknown
      Entries: 1, Subgroups: 0
📝 Prompt logged: 2025-11-09_14-22-16_taxonomy_mapping_pass1_a382850cc0bb.json
📝 Response logged: 2025-11-09_14-22-20_taxonomy_mapping_pass1_a382850cc0bb_RESPONSE.json
      Pass 1 → Educational Contributions (0.85)
📝 Prompt logged: 2025-11-09_14-22-20_taxonomy_mapping_pass2_batch_f39596c249df.json
📝 Response logged: 2025-11-09_14-22-22_taxonomy_mapping_pass2_batch_f39596c249df_RESPONSE.json
      Pass 2 (batch of 1) → Didactic Teaching (courses taught) (avg: 0.90)

  [125] Unknown
      Entries: 5, Subgroups: 1
📝 Prompt logged: 2025-11-09_14-22-22_taxonomy_mapping_pass1_087d4faafb00.json
📝 Response logged: 2025-11-09_14-22-25_taxonomy_mapping_pass1_087d4faafb00_RESPONSE.json
      Pass 1 → Educational Contributions (0.85)
📝 Prompt logged: 2025-11-09_14-22-25_taxonomy_mapping_pass2_batch_8f0545a782c5.json
📝 Response logged: 2025-11-09_14-22-32_taxonomy_mapping_pass2_batch_8f0545a782c5_RESPONSE.json
      Pass 2 (batch of 5) → Continuing/Professional Education (CME) (avg: 0.90)

    [126] Unknown
        Entries: 2, Subgroups: 0
📝 Prompt logged: 2025-11-09_14-22-32_taxonomy_mapping_pass1_70d82ad9d395.json
📝 Response logged: 2025-11-09_14-22-35_taxonomy_mapping_pass1_70d82ad9d395_RESPONSE.json
        Pass 1 → Honors and Awards (0.85)

  [127] Unknown
      Entries: 5, Subgroups: 0
📝 Prompt logged: 2025-11-09_14-22-35_taxonomy_mapping_pass1_70e074fcb92f.json
📝 Response logged: 2025-11-09_14-22-40_taxonomy_mapping_pass1_70e074fcb92f_RESPONSE.json
      Pass 1 → Postdoctoral Training (0.85)
      Pass 2 → Failed: No confusion info for parent: C

  [128] Unknown
      Entries: 2, Subgroups: 0
📝 Prompt logged: 2025-11-09_14-22-40_taxonomy_mapping_pass1_4d2eee919127.json
📝 Response logged: 2025-11-09_14-22-42_taxonomy_mapping_pass1_4d2eee919127_RESPONSE.json
      Pass 1 → Research (0.95)
📝 Prompt logged: 2025-11-09_14-22-42_taxonomy_mapping_pass2_batch_57c78eb20ab8.json
📝 Response logged: 2025-11-09_14-22-45_taxonomy_mapping_pass2_batch_57c78eb20ab8_RESPONSE.json
      Pass 2 (batch of 2) → Research Activities (Summary) (avg: 0.88)

  [129] Unknown
      Entries: 4, Subgroups: 0
📝 Prompt logged: 2025-11-09_14-22-45_taxonomy_mapping_pass1_398cec87904e.json
📝 Response logged: 2025-11-09_14-22-47_taxonomy_mapping_pass1_398cec87904e_RESPONSE.json
      Pass 1 → Professional Positions & Employment (0.95)
📝 Prompt logged: 2025-11-09_14-22-47_taxonomy_mapping_pass2_batch_8eccdbfd8458.json
📝 Response logged: 2025-11-09_14-22-52_taxonomy_mapping_pass2_batch_8eccdbfd8458_RESPONSE.json
      Pass 2 (batch of 4) → Current Academic/Clinical Positions (avg: 0.83)

  [130] Unknown
      Entries: 3, Subgroups: 1
📝 Prompt logged: 2025-11-09_14-22-52_taxonomy_mapping_pass1_b55e4553cd0a.json
📝 Response logged: 2025-11-09_14-22-54_taxonomy_mapping_pass1_b55e4553cd0a_RESPONSE.json
      Pass 1 → Professional Positions & Employment (0.95)
📝 Prompt logged: 2025-11-09_14-22-54_taxonomy_mapping_pass2_batch_a6b9b9b38d27.json
📝 Response logged: 2025-11-09_14-22-57_taxonomy_mapping_pass2_batch_a6b9b9b38d27_RESPONSE.json
      Pass 2 (batch of 3) → Current Academic/Clinical Positions (avg: 0.87)

    [131] Unknown
        Entries: 13, Subgroups: 0
📝 Prompt logged: 2025-11-09_14-22-57_taxonomy_mapping_pass1_70ece31e9824.json
📝 Response logged: 2025-11-09_14-23-00_taxonomy_mapping_pass1_70ece31e9824_RESPONSE.json
        Pass 1 → Educational Contributions (0.85)
📝 Prompt logged: 2025-11-09_14-23-00_taxonomy_mapping_pass2_batch_f8078bbaf8dd.json
📝 Response logged: 2025-11-09_14-23-11_taxonomy_mapping_pass2_batch_f8078bbaf8dd_RESPONSE.json
        Pass 2 (batch of 13) → Curriculum Development (avg: 0.90)

  [132] Unknown
      Entries: 21, Subgroups: 0
📝 Prompt logged: 2025-11-09_14-23-11_taxonomy_mapping_pass1_5ceb69dfc824.json
📝 Response logged: 2025-11-09_14-23-14_taxonomy_mapping_pass1_5ceb69dfc824_RESPONSE.json
      Pass 1 → Professional Positions & Employment (0.95)
📝 Prompt logged: 2025-11-09_14-23-14_taxonomy_mapping_pass2_batch_3ac1cf496803.json
📝 Response logged: 2025-11-09_14-23-25_taxonomy_mapping_pass2_batch_3ac1cf496803_RESPONSE.json
      Pass 2 (batch of 21) → Past Academic/Clinical Positions (avg: 0.75)

  [133] Unknown
      Entries: 24, Subgroups: 0
📝 Prompt logged: 2025-11-09_14-23-25_taxonomy_mapping_pass1_dbca1baf3df6.json
📝 Response logged: 2025-11-09_14-23-28_taxonomy_mapping_pass1_dbca1baf3df6_RESPONSE.json
      Pass 1 → Honors and Awards (0.85)

  [134] Unknown
      Entries: 24, Subgroups: 0
📝 Prompt logged: 2025-11-09_14-23-28_taxonomy_mapping_pass1_436f4e214dd4.json
📝 Response logged: 2025-11-09_14-23-30_taxonomy_mapping_pass1_436f4e214dd4_RESPONSE.json
      Pass 1 → Professional Positions & Employment (0.95)
📝 Prompt logged: 2025-11-09_14-23-30_taxonomy_mapping_pass2_batch_87f2e15868b8.json
📝 Response logged: 2025-11-09_14-23-44_taxonomy_mapping_pass2_batch_87f2e15868b8_RESPONSE.json
      Pass 2 (batch of 24) → Past Academic/Clinical Positions (avg: 0.89)

  [135] Unknown
      Entries: 18, Subgroups: 2
📝 Prompt logged: 2025-11-09_14-23-44_taxonomy_mapping_pass1_f6fe070fce12.json
📝 Response logged: 2025-11-09_14-23-45_taxonomy_mapping_pass1_f6fe070fce12_RESPONSE.json
      Pass 1 → Professional Positions & Employment (0.95)
📝 Prompt logged: 2025-11-09_14-23-45_taxonomy_mapping_pass2_batch_e5a4d675da48.json
📝 Response logged: 2025-11-09_14-23-56_taxonomy_mapping_pass2_batch_e5a4d675da48_RESPONSE.json
      Pass 2 (batch of 18) → Current Academic/Clinical Positions (avg: 0.88)

    [136] Unknown
        Entries: 4, Subgroups: 0
📝 Prompt logged: 2025-11-09_14-23-56_taxonomy_mapping_pass1_fe007647ed84.json
📝 Response logged: 2025-11-09_14-23-58_taxonomy_mapping_pass1_fe007647ed84_RESPONSE.json
        Pass 1 → Professional Positions & Employment (0.95)
📝 Prompt logged: 2025-11-09_14-23-58_taxonomy_mapping_pass2_batch_47f5a1b092ca.json
📝 Response logged: 2025-11-09_14-24-04_taxonomy_mapping_pass2_batch_47f5a1b092ca_RESPONSE.json
        Pass 2 (batch of 4) → Past Academic/Clinical Positions (avg: 0.88)

    [137] Unknown
        Entries: 4, Subgroups: 0
📝 Prompt logged: 2025-11-09_14-24-04_taxonomy_mapping_pass1_1a67f000c725.json
📝 Response logged: 2025-11-09_14-24-06_taxonomy_mapping_pass1_1a67f000c725_RESPONSE.json
        Pass 1 → Professional Positions & Employment (0.95)
📝 Prompt logged: 2025-11-09_14-24-06_taxonomy_mapping_pass2_batch_deb4f8a4c589.json
📝 Response logged: 2025-11-09_14-24-11_taxonomy_mapping_pass2_batch_deb4f8a4c589_RESPONSE.json
        Pass 2 (batch of 4) → Current Academic/Clinical Positions (avg: 0.80)

  [138] Unknown
      Entries: 1, Subgroups: 0
📝 Prompt logged: 2025-11-09_14-24-11_taxonomy_mapping_pass1_babfbf3705a9.json
📝 Response logged: 2025-11-09_14-24-12_taxonomy_mapping_pass1_babfbf3705a9_RESPONSE.json
      Pass 1 → Professional Positions & Employment (0.95)
📝 Prompt logged: 2025-11-09_14-24-12_taxonomy_mapping_pass2_batch_f8ac4ae41883.json
📝 Response logged: 2025-11-09_14-24-16_taxonomy_mapping_pass2_batch_f8ac4ae41883_RESPONSE.json
      Pass 2 (batch of 1) → Past Academic/Clinical Positions (avg: 0.90)

  [139] Unknown
      Entries: 16, Subgroups: 0
📝 Prompt logged: 2025-11-09_14-24-16_taxonomy_mapping_pass1_be402f7eb333.json
📝 Response logged: 2025-11-09_14-24-19_taxonomy_mapping_pass1_be402f7eb333_RESPONSE.json
      Pass 1 → Professional Positions & Employment (0.95)
📝 Prompt logged: 2025-11-09_14-24-19_taxonomy_mapping_pass2_batch_c4d33412cd70.json
📝 Response logged: 2025-11-09_14-24-28_taxonomy_mapping_pass2_batch_c4d33412cd70_RESPONSE.json
      Pass 2 (batch of 16) → Past Academic/Clinical Positions (avg: 0.90)

  [140] Unknown
      Entries: 0, Subgroups: 0
📝 Prompt logged: 2025-11-09_14-24-28_taxonomy_mapping_pass1_2776f3db0de2.json
📝 Response logged: 2025-11-09_14-24-31_taxonomy_mapping_pass1_2776f3db0de2_RESPONSE.json
      Pass 1 → Appendix / Other (0.85)

  [141] Unknown
      Entries: 1, Subgroups: 0
📝 Prompt logged: 2025-11-09_14-24-31_taxonomy_mapping_pass1_50c8e1ca79e8.json
📝 Response logged: 2025-11-09_14-24-33_taxonomy_mapping_pass1_50c8e1ca79e8_RESPONSE.json
      Pass 1 → Institutional / Hospital Affiliation (0.85)
      Router → Skip Pass 2 (direct to extraction)

  [142] Unknown
      Entries: 1, Subgroups: 0
📝 Prompt logged: 2025-11-09_14-24-33_taxonomy_mapping_pass1_8282c2ad5901.json
📝 Response logged: 2025-11-09_14-24-36_taxonomy_mapping_pass1_8282c2ad5901_RESPONSE.json
      Pass 1 → Research (0.85)
📝 Prompt logged: 2025-11-09_14-24-36_taxonomy_mapping_pass2_batch_2b03e08723f9.json
📝 Response logged: 2025-11-09_14-24-38_taxonomy_mapping_pass2_batch_2b03e08723f9_RESPONSE.json
      Pass 2 (batch of 1) → Research Activities (Summary) (avg: 0.90)

  [143] Unknown
      Entries: 1, Subgroups: 0
📝 Prompt logged: 2025-11-09_14-24-38_taxonomy_mapping_pass1_e1178f92126b.json
📝 Response logged: 2025-11-09_14-24-41_taxonomy_mapping_pass1_e1178f92126b_RESPONSE.json
      Pass 1 → Institutional / Hospital Affiliation (0.85)
      Router → Skip Pass 2 (direct to extraction)

  [144] Unknown
      Entries: 8, Subgroups: 1
📝 Prompt logged: 2025-11-09_14-24-41_taxonomy_mapping_pass1_82c92728ca88.json
📝 Response logged: 2025-11-09_14-24-43_taxonomy_mapping_pass1_82c92728ca88_RESPONSE.json
      Pass 1 → Professional Positions & Employment (0.95)
📝 Prompt logged: 2025-11-09_14-24-43_taxonomy_mapping_pass2_batch_3a8e09d62c2b.json
📝 Response logged: 2025-11-09_14-24-53_taxonomy_mapping_pass2_batch_3a8e09d62c2b_RESPONSE.json
      Pass 2 (batch of 8) → Past Academic/Clinical Positions (avg: 0.80)

    [145] Unknown
        Entries: 4, Subgroups: 0
📝 Prompt logged: 2025-11-09_14-24-53_taxonomy_mapping_pass1_fcf1f053dc04.json
📝 Response logged: 2025-11-09_14-24-57_taxonomy_mapping_pass1_fcf1f053dc04_RESPONSE.json
        Pass 1 → Institutional / Hospital Affiliation (0.85)
        Router → Skip Pass 2 (direct to extraction)

  [146] Unknown
      Entries: 1, Subgroups: 0
📝 Prompt logged: 2025-11-09_14-24-57_taxonomy_mapping_pass1_665ab7c8ade9.json
📝 Response logged: 2025-11-09_14-25-00_taxonomy_mapping_pass1_665ab7c8ade9_RESPONSE.json
      Pass 1 → Institutional / Hospital Affiliation (0.85)
      Router → Skip Pass 2 (direct to extraction)

  [147] Unknown
      Entries: 2, Subgroups: 0
📝 Prompt logged: 2025-11-09_14-25-00_taxonomy_mapping_pass1_923ebc455bf9.json
📝 Response logged: 2025-11-09_14-25-02_taxonomy_mapping_pass1_923ebc455bf9_RESPONSE.json
      Pass 1 → Research (0.95)
📝 Prompt logged: 2025-11-09_14-25-02_taxonomy_mapping_pass2_batch_4e9ea26366ba.json
📝 Response logged: 2025-11-09_14-25-05_taxonomy_mapping_pass2_batch_4e9ea26366ba_RESPONSE.json
      Pass 2 (batch of 2) → Research Support (Grants/Funding) (avg: 0.88)

  [148] Unknown
      Entries: 3, Subgroups: 0
📝 Prompt logged: 2025-11-09_14-25-05_taxonomy_mapping_pass1_af2b14e33bd1.json
📝 Response logged: 2025-11-09_14-25-08_taxonomy_mapping_pass1_af2b14e33bd1_RESPONSE.json
      Pass 1 → Professional Positions & Employment (0.95)
📝 Prompt logged: 2025-11-09_14-25-08_taxonomy_mapping_pass2_batch_06ed01f23b1b.json
📝 Response logged: 2025-11-09_14-25-11_taxonomy_mapping_pass2_batch_06ed01f23b1b_RESPONSE.json
      Pass 2 (batch of 3) → Job Titles and Employment Positions (avg: 0.83)

  [149] Unknown
      Entries: 2, Subgroups: 0
📝 Prompt logged: 2025-11-09_14-25-11_taxonomy_mapping_pass1_224e069ee65a.json
📝 Response logged: 2025-11-09_14-25-14_taxonomy_mapping_pass1_224e069ee65a_RESPONSE.json
      Pass 1 → Research (0.95)
📝 Prompt logged: 2025-11-09_14-25-14_taxonomy_mapping_pass2_batch_670c593a4388.json
📝 Response logged: 2025-11-09_14-25-17_taxonomy_mapping_pass2_batch_670c593a4388_RESPONSE.json
      Pass 2 (batch of 2) → Clinical Trials (avg: 0.88)

  [150] Unknown
      Entries: 1, Subgroups: 0
📝 Prompt logged: 2025-11-09_14-25-17_taxonomy_mapping_pass1_97f546c15187.json
📝 Response logged: 2025-11-09_14-25-19_taxonomy_mapping_pass1_97f546c15187_RESPONSE.json
      Pass 1 → Research (0.95)
📝 Prompt logged: 2025-11-09_14-25-19_taxonomy_mapping_pass2_batch_546810a9b9e0.json
📝 Response logged: 2025-11-09_14-25-22_taxonomy_mapping_pass2_batch_546810a9b9e0_RESPONSE.json
      Pass 2 (batch of 1) → Research Activities (Summary) (avg: 0.90)

  [151] Unknown
      Entries: 0, Subgroups: 0
📝 Prompt logged: 2025-11-09_14-25-22_taxonomy_mapping_pass1_2776f3db0de2.json
📝 Response logged: 2025-11-09_14-25-25_taxonomy_mapping_pass1_2776f3db0de2_RESPONSE.json
      Pass 1 → Appendix / Other (0.85)

  [152] Unknown
      Entries: 1, Subgroups: 0
📝 Prompt logged: 2025-11-09_14-25-25_taxonomy_mapping_pass1_1c14ee6ff0e6.json
📝 Response logged: 2025-11-09_14-25-28_taxonomy_mapping_pass1_1c14ee6ff0e6_RESPONSE.json
      Pass 1 → Research (0.95)
📝 Prompt logged: 2025-11-09_14-25-28_taxonomy_mapping_pass2_batch_4f7fb65d864d.json
📝 Response logged: 2025-11-09_14-25-30_taxonomy_mapping_pass2_batch_4f7fb65d864d_RESPONSE.json
      Pass 2 (batch of 1) → Clinical Trials (avg: 0.95)

  [153] Unknown
      Entries: 1, Subgroups: 0
📝 Prompt logged: 2025-11-09_14-25-30_taxonomy_mapping_pass1_dd0b69f35774.json
📝 Response logged: 2025-11-09_14-25-32_taxonomy_mapping_pass1_dd0b69f35774_RESPONSE.json
      Pass 1 → Research (0.95)
📝 Prompt logged: 2025-11-09_14-25-32_taxonomy_mapping_pass2_batch_599d364332a4.json
📝 Response logged: 2025-11-09_14-25-35_taxonomy_mapping_pass2_batch_599d364332a4_RESPONSE.json
      Pass 2 (batch of 1) → Clinical Trials (avg: 0.90)

  [154] Unknown
      Entries: 7, Subgroups: 0
📝 Prompt logged: 2025-11-09_14-25-35_taxonomy_mapping_pass1_b1e2703a1b30.json
📝 Response logged: 2025-11-09_14-25-37_taxonomy_mapping_pass1_b1e2703a1b30_RESPONSE.json
      Pass 1 → Invitations to Speak/Present (0.95)
📝 Prompt logged: 2025-11-09_14-25-37_taxonomy_mapping_pass2_batch_e82b6a4ab81e.json
📝 Response logged: 2025-11-09_14-25-47_taxonomy_mapping_pass2_batch_e82b6a4ab81e_RESPONSE.json
      Pass 2 (batch of 7) → Invited Keynotes, Named Lectures, Plenaries (avg: 0.81)

  [155] Unknown
      Entries: 1, Subgroups: 0
📝 Prompt logged: 2025-11-09_14-25-47_taxonomy_mapping_pass1_908194bf3c07.json
📝 Response logged: 2025-11-09_14-25-50_taxonomy_mapping_pass1_908194bf3c07_RESPONSE.json
      Pass 1 → Research (0.85)
📝 Prompt logged: 2025-11-09_14-25-50_taxonomy_mapping_pass2_batch_1b94b3990251.json
📝 Response logged: 2025-11-09_14-25-53_taxonomy_mapping_pass2_batch_1b94b3990251_RESPONSE.json
      Pass 2 (batch of 1) → Clinical Trials (avg: 0.90)

  [156] Unknown
      Entries: 2, Subgroups: 0
📝 Prompt logged: 2025-11-09_14-25-53_taxonomy_mapping_pass1_de730f1c6426.json
📝 Response logged: 2025-11-09_14-25-55_taxonomy_mapping_pass1_de730f1c6426_RESPONSE.json
      Pass 1 → Research (0.85)
📝 Prompt logged: 2025-11-09_14-25-55_taxonomy_mapping_pass2_batch_b818d8bdad97.json
📝 Response logged: 2025-11-09_14-25-57_taxonomy_mapping_pass2_batch_b818d8bdad97_RESPONSE.json
      Pass 2 (batch of 2) → Research Activities (Summary) (avg: 0.93)

  [157] Unknown
      Entries: 1, Subgroups: 0
📝 Prompt logged: 2025-11-09_14-25-57_taxonomy_mapping_pass1_2e3b6ab66274.json
📝 Response logged: 2025-11-09_14-26-00_taxonomy_mapping_pass1_2e3b6ab66274_RESPONSE.json
      Pass 1 → Research (0.85)
📝 Prompt logged: 2025-11-09_14-26-00_taxonomy_mapping_pass2_batch_b1083abdbbbf.json
📝 Response logged: 2025-11-09_14-26-01_taxonomy_mapping_pass2_batch_b1083abdbbbf_RESPONSE.json
      Pass 2 (batch of 1) → Research Support (Grants/Funding) (avg: 0.90)

  [158] Unknown
      Entries: 1, Subgroups: 0
📝 Prompt logged: 2025-11-09_14-26-01_taxonomy_mapping_pass1_1be015cc5fb0.json
📝 Response logged: 2025-11-09_14-26-04_taxonomy_mapping_pass1_1be015cc5fb0_RESPONSE.json
      Pass 1 → Personal Data / Contact Information (0.95)
      Router → Skip Pass 2 (direct to extraction)

  [159] Unknown
      Entries: 3, Subgroups: 0
📝 Prompt logged: 2025-11-09_14-26-04_taxonomy_mapping_pass1_be96daace77e.json
📝 Response logged: 2025-11-09_14-26-06_taxonomy_mapping_pass1_be96daace77e_RESPONSE.json
      Pass 1 → Research (0.95)
📝 Prompt logged: 2025-11-09_14-26-06_taxonomy_mapping_pass2_batch_525632607c45.json
📝 Response logged: 2025-11-09_14-26-11_taxonomy_mapping_pass2_batch_525632607c45_RESPONSE.json
      Pass 2 (batch of 3) → Clinical Trials (avg: 0.90)

  [160] Unknown
      Entries: 1, Subgroups: 0
📝 Prompt logged: 2025-11-09_14-26-11_taxonomy_mapping_pass1_79fbf7d3c9cd.json
📝 Response logged: 2025-11-09_14-26-14_taxonomy_mapping_pass1_79fbf7d3c9cd_RESPONSE.json
      Pass 1 → Research (0.85)
📝 Prompt logged: 2025-11-09_14-26-14_taxonomy_mapping_pass2_batch_2647badb17b4.json
📝 Response logged: 2025-11-09_14-26-17_taxonomy_mapping_pass2_batch_2647badb17b4_RESPONSE.json
      Pass 2 (batch of 1) → Research Activities (Summary) (avg: 0.90)

  [161] Unknown
      Entries: 1, Subgroups: 0
📝 Prompt logged: 2025-11-09_14-26-17_taxonomy_mapping_pass1_85f30fd2f666.json
📝 Response logged: 2025-11-09_14-26-20_taxonomy_mapping_pass1_85f30fd2f666_RESPONSE.json
      Pass 1 → Research (0.95)
📝 Prompt logged: 2025-11-09_14-26-20_taxonomy_mapping_pass2_batch_63559fa5c1a2.json
📝 Response logged: 2025-11-09_14-26-23_taxonomy_mapping_pass2_batch_63559fa5c1a2_RESPONSE.json
      Pass 2 (batch of 1) → Clinical Trials (avg: 0.90)

  [162] Unknown
      Entries: 1, Subgroups: 0
📝 Prompt logged: 2025-11-09_14-26-23_taxonomy_mapping_pass1_8dba9596ab64.json
📝 Response logged: 2025-11-09_14-26-25_taxonomy_mapping_pass1_8dba9596ab64_RESPONSE.json
      Pass 1 → Research (0.95)
📝 Prompt logged: 2025-11-09_14-26-25_taxonomy_mapping_pass2_batch_1dc051f3e6ab.json
📝 Response logged: 2025-11-09_14-26-27_taxonomy_mapping_pass2_batch_1dc051f3e6ab_RESPONSE.json
      Pass 2 (batch of 1) → Clinical Trials (avg: 0.90)

  [163] Unknown
      Entries: 1, Subgroups: 0
📝 Prompt logged: 2025-11-09_14-26-27_taxonomy_mapping_pass1_ad742758358a.json
📝 Response logged: 2025-11-09_14-26-31_taxonomy_mapping_pass1_ad742758358a_RESPONSE.json
      Pass 1 → Research (0.85)
📝 Prompt logged: 2025-11-09_14-26-31_taxonomy_mapping_pass2_batch_1ffa5f4f724e.json
📝 Response logged: 2025-11-09_14-26-34_taxonomy_mapping_pass2_batch_1ffa5f4f724e_RESPONSE.json
      Pass 2 (batch of 1) → Research Support (Grants/Funding) (avg: 0.90)

  [164] Unknown
      Entries: 2, Subgroups: 0
📝 Prompt logged: 2025-11-09_14-26-34_taxonomy_mapping_pass1_58aa4bdd0b56.json
📝 Response logged: 2025-11-09_14-26-35_taxonomy_mapping_pass1_58aa4bdd0b56_RESPONSE.json
      Pass 1 → Research (0.95)
📝 Prompt logged: 2025-11-09_14-26-35_taxonomy_mapping_pass2_batch_1853ca362acd.json
📝 Response logged: 2025-11-09_14-26-38_taxonomy_mapping_pass2_batch_1853ca362acd_RESPONSE.json
      Pass 2 (batch of 2) → Clinical Trials (avg: 0.95)

  [165] Unknown
      Entries: 3, Subgroups: 0
📝 Prompt logged: 2025-11-09_14-26-38_taxonomy_mapping_pass1_947b199cefc9.json
📝 Response logged: 2025-11-09_14-26-40_taxonomy_mapping_pass1_947b199cefc9_RESPONSE.json
      Pass 1 → Research (0.95)
📝 Prompt logged: 2025-11-09_14-26-40_taxonomy_mapping_pass2_batch_475096ea14d6.json
📝 Response logged: 2025-11-09_14-26-44_taxonomy_mapping_pass2_batch_475096ea14d6_RESPONSE.json
      Pass 2 (batch of 3) → Clinical Trials (avg: 0.88)

  [166] Unknown
      Entries: 1, Subgroups: 0
📝 Prompt logged: 2025-11-09_14-26-44_taxonomy_mapping_pass1_375247d2976a.json
📝 Response logged: 2025-11-09_14-26-47_taxonomy_mapping_pass1_375247d2976a_RESPONSE.json
      Pass 1 → Bibliography (0.95)
📝 Prompt logged: 2025-11-09_14-26-47_taxonomy_mapping_pass2_batch_2e06581fc97b.json
📝 Response logged: 2025-11-09_14-26-48_taxonomy_mapping_pass2_batch_2e06581fc97b_RESPONSE.json
      Pass 2 (batch of 1) → Peer-Reviewed Research Articles (original research) (avg: 0.90)

  [167] Unknown
      Entries: 1, Subgroups: 0
📝 Prompt logged: 2025-11-09_14-26-48_taxonomy_mapping_pass1_e33f320c9749.json
📝 Response logged: 2025-11-09_14-26-50_taxonomy_mapping_pass1_e33f320c9749_RESPONSE.json
      Pass 1 → Bibliography (0.95)
📝 Prompt logged: 2025-11-09_14-26-50_taxonomy_mapping_pass2_batch_ce92628b767f.json
📝 Response logged: 2025-11-09_14-26-52_taxonomy_mapping_pass2_batch_ce92628b767f_RESPONSE.json
      Pass 2 (batch of 1) → Abstracts & Conference Proceedings (avg: 0.90)

  [168] Unknown
      Entries: 5, Subgroups: 0
📝 Prompt logged: 2025-11-09_14-26-52_taxonomy_mapping_pass1_753bb70c714e.json
📝 Response logged: 2025-11-09_14-26-54_taxonomy_mapping_pass1_753bb70c714e_RESPONSE.json
      Pass 1 → Invitations to Speak/Present (0.95)
📝 Prompt logged: 2025-11-09_14-26-54_taxonomy_mapping_pass2_batch_763754b79306.json
📝 Response logged: 2025-11-09_14-27-01_taxonomy_mapping_pass2_batch_763754b79306_RESPONSE.json
      Pass 2 (batch of 5) → Invited Panels, Workshops, Symposia (avg: 0.93)

  [169] Unknown
      Entries: 7, Subgroups: 0
📝 Prompt logged: 2025-11-09_14-27-01_taxonomy_mapping_pass1_495804eaad1c.json
📝 Response logged: 2025-11-09_14-27-04_taxonomy_mapping_pass1_495804eaad1c_RESPONSE.json
      Pass 1 → Bibliography (0.95)
📝 Prompt logged: 2025-11-09_14-27-04_taxonomy_mapping_pass2_batch_0ba0986dfb15.json
📝 Response logged: 2025-11-09_14-27-14_taxonomy_mapping_pass2_batch_0ba0986dfb15_RESPONSE.json
      Pass 2 (batch of 7) → Abstracts & Conference Proceedings (avg: 0.89)

  [170] Unknown
      Entries: 13, Subgroups: 0
📝 Prompt logged: 2025-11-09_14-27-14_taxonomy_mapping_pass1_fea12a1c095d.json
📝 Response logged: 2025-11-09_14-27-16_taxonomy_mapping_pass1_fea12a1c095d_RESPONSE.json
      Pass 1 → Invitations to Speak/Present (0.95)
📝 Prompt logged: 2025-11-09_14-27-16_taxonomy_mapping_pass2_batch_b647f7a96e25.json
📝 Response logged: 2025-11-09_14-27-27_taxonomy_mapping_pass2_batch_b647f7a96e25_RESPONSE.json
      Pass 2 (batch of 13) → Invited Keynotes, Named Lectures, Plenaries (avg: 0.89)

  [171] Unknown
      Entries: 5, Subgroups: 0
📝 Prompt logged: 2025-11-09_14-27-27_taxonomy_mapping_pass1_e3342afac042.json
📝 Response logged: 2025-11-09_14-27-30_taxonomy_mapping_pass1_e3342afac042_RESPONSE.json
      Pass 1 → Invitations to Speak/Present (0.95)
📝 Prompt logged: 2025-11-09_14-27-30_taxonomy_mapping_pass2_batch_07985251e7c0.json
📝 Response logged: 2025-11-09_14-27-35_taxonomy_mapping_pass2_batch_07985251e7c0_RESPONSE.json
      Pass 2 (batch of 5) → Invited Panels, Workshops, Symposia (avg: 0.88)

  [172] Unknown
      Entries: 5, Subgroups: 0
📝 Prompt logged: 2025-11-09_14-27-35_taxonomy_mapping_pass1_b03539cfb470.json
📝 Response logged: 2025-11-09_14-27-38_taxonomy_mapping_pass1_b03539cfb470_RESPONSE.json
      Pass 1 → Bibliography (0.90)
📝 Prompt logged: 2025-11-09_14-27-38_taxonomy_mapping_pass2_batch_5bedb51444e1.json
📝 Response logged: 2025-11-09_14-27-45_taxonomy_mapping_pass2_batch_5bedb51444e1_RESPONSE.json
      Pass 2 (batch of 5) → Abstracts & Conference Proceedings (avg: 0.90)

  [173] Unknown
      Entries: 28, Subgroups: 0
📝 Prompt logged: 2025-11-09_14-27-45_taxonomy_mapping_pass1_c8b9e36e92a6.json
📝 Response logged: 2025-11-09_14-27-46_taxonomy_mapping_pass1_c8b9e36e92a6_RESPONSE.json
      Pass 1 → Bibliography (0.95)
📝 Prompt logged: 2025-11-09_14-27-46_taxonomy_mapping_pass2_batch_fde725322a72.json
📝 Response logged: 2025-11-09_14-27-58_taxonomy_mapping_pass2_batch_fde725322a72_RESPONSE.json
      Pass 2 (batch of 28) → Abstracts & Conference Proceedings (avg: 0.91)

  [174] Unknown
      Entries: 27, Subgroups: 0
📝 Prompt logged: 2025-11-09_14-27-58_taxonomy_mapping_pass1_f1b6a11bce7c.json
📝 Response logged: 2025-11-09_14-28-01_taxonomy_mapping_pass1_f1b6a11bce7c_RESPONSE.json
      Pass 1 → Invitations to Speak/Present (0.95)
📝 Prompt logged: 2025-11-09_14-28-01_taxonomy_mapping_pass2_batch_d4c70323446e.json
📝 Response logged: 2025-11-09_14-28-14_taxonomy_mapping_pass2_batch_d4c70323446e_RESPONSE.json
      Pass 2 (batch of 27) → Invited Panels, Workshops, Symposia (avg: 0.81)

  [175] Unknown
      Entries: 19, Subgroups: 0
📝 Prompt logged: 2025-11-09_14-28-14_taxonomy_mapping_pass1_781bbc275b92.json
📝 Response logged: 2025-11-09_14-28-18_taxonomy_mapping_pass1_781bbc275b92_RESPONSE.json
      Pass 1 → Invitations to Speak/Present (0.95)
📝 Prompt logged: 2025-11-09_14-28-18_taxonomy_mapping_pass2_batch_d133bb889c67.json
📝 Response logged: 2025-11-09_14-28-29_taxonomy_mapping_pass2_batch_d133bb889c67_RESPONSE.json
      Pass 2 (batch of 19) → Invited Panels, Workshops, Symposia (avg: 0.81)

  [176] Unknown
      Entries: 11, Subgroups: 0
📝 Prompt logged: 2025-11-09_14-28-29_taxonomy_mapping_pass1_4285051710c7.json
📝 Response logged: 2025-11-09_14-28-31_taxonomy_mapping_pass1_4285051710c7_RESPONSE.json
      Pass 1 → Invitations to Speak/Present (0.95)
📝 Prompt logged: 2025-11-09_14-28-31_taxonomy_mapping_pass2_batch_86331313f675.json
📝 Response logged: 2025-11-09_14-28-42_taxonomy_mapping_pass2_batch_86331313f675_RESPONSE.json
      Pass 2 (batch of 11) → Invited Panels, Workshops, Symposia (avg: 0.87)

  [177] Unknown
      Entries: 18, Subgroups: 0
📝 Prompt logged: 2025-11-09_14-28-42_taxonomy_mapping_pass1_9ff770f0f79e.json
📝 Response logged: 2025-11-09_14-28-46_taxonomy_mapping_pass1_9ff770f0f79e_RESPONSE.json
      Pass 1 → Invitations to Speak/Present (0.95)
📝 Prompt logged: 2025-11-09_14-28-46_taxonomy_mapping_pass2_batch_556b2b2bfe38.json
📝 Response logged: 2025-11-09_14-28-56_taxonomy_mapping_pass2_batch_556b2b2bfe38_RESPONSE.json
      Pass 2 (batch of 18) → Invited Panels, Workshops, Symposia (avg: 0.81)

  [178] Unknown
      Entries: 12, Subgroups: 0
📝 Prompt logged: 2025-11-09_14-28-56_taxonomy_mapping_pass1_88a63a179ab2.json
📝 Response logged: 2025-11-09_14-28-58_taxonomy_mapping_pass1_88a63a179ab2_RESPONSE.json
      Pass 1 → Honors and Awards (0.95)

  [179] Unknown
      Entries: 12, Subgroups: 0
📝 Prompt logged: 2025-11-09_14-28-58_taxonomy_mapping_pass1_1aa0567f4c76.json
📝 Response logged: 2025-11-09_14-29-00_taxonomy_mapping_pass1_1aa0567f4c76_RESPONSE.json
      Pass 1 → Bibliography (0.95)
📝 Prompt logged: 2025-11-09_14-29-00_taxonomy_mapping_pass2_batch_0d92735d41b1.json
📝 Response logged: 2025-11-09_14-29-10_taxonomy_mapping_pass2_batch_0d92735d41b1_RESPONSE.json
      Pass 2 (batch of 12) → Abstracts & Conference Proceedings (avg: 0.94)

  [180] Unknown
      Entries: 4, Subgroups: 0
📝 Prompt logged: 2025-11-09_14-29-10_taxonomy_mapping_pass1_fa848d805e5f.json
📝 Response logged: 2025-11-09_14-29-13_taxonomy_mapping_pass1_fa848d805e5f_RESPONSE.json
      Pass 1 → Bibliography (0.95)
📝 Prompt logged: 2025-11-09_14-29-13_taxonomy_mapping_pass2_batch_bf91a97ddcd1.json
📝 Response logged: 2025-11-09_14-29-20_taxonomy_mapping_pass2_batch_bf91a97ddcd1_RESPONSE.json
      Pass 2 (batch of 4) → Peer-Reviewed Research Articles (original research) (avg: 0.91)

  [181] Unknown
      Entries: 6, Subgroups: 0
📝 Prompt logged: 2025-11-09_14-29-20_taxonomy_mapping_pass1_636ec02f8ac4.json
📝 Response logged: 2025-11-09_14-29-21_taxonomy_mapping_pass1_636ec02f8ac4_RESPONSE.json
      Pass 1 → Bibliography (0.95)
📝 Prompt logged: 2025-11-09_14-29-21_taxonomy_mapping_pass2_batch_c0d314dbca17.json
📝 Response logged: 2025-11-09_14-29-28_taxonomy_mapping_pass2_batch_c0d314dbca17_RESPONSE.json
      Pass 2 (batch of 6) → Peer-Reviewed Research Articles (original research) (avg: 0.95)

  [182] Unknown
      Entries: 1, Subgroups: 0
📝 Prompt logged: 2025-11-09_14-29-28_taxonomy_mapping_pass1_263fe1207e2a.json
📝 Response logged: 2025-11-09_14-29-30_taxonomy_mapping_pass1_263fe1207e2a_RESPONSE.json
      Pass 1 → Bibliography (0.95)
📝 Prompt logged: 2025-11-09_14-29-30_taxonomy_mapping_pass2_batch_3f873a28d4f5.json
📝 Response logged: 2025-11-09_14-29-31_taxonomy_mapping_pass2_batch_3f873a28d4f5_RESPONSE.json
      Pass 2 (batch of 1) → Peer-Reviewed Research Articles (original research) (avg: 0.90)

  [183] Unknown
      Entries: 3, Subgroups: 0
📝 Prompt logged: 2025-11-09_14-29-31_taxonomy_mapping_pass1_f8b875ebd211.json
📝 Response logged: 2025-11-09_14-29-33_taxonomy_mapping_pass1_f8b875ebd211_RESPONSE.json
      Pass 1 → Bibliography (0.95)
📝 Prompt logged: 2025-11-09_14-29-33_taxonomy_mapping_pass2_batch_1442d1a86fb9.json
📝 Response logged: 2025-11-09_14-29-38_taxonomy_mapping_pass2_batch_1442d1a86fb9_RESPONSE.json
      Pass 2 (batch of 3) → Peer-Reviewed Research Articles (original research) (avg: 0.90)

  [184] Unknown
      Entries: 3, Subgroups: 0
📝 Prompt logged: 2025-11-09_14-29-38_taxonomy_mapping_pass1_38e4d919b5c9.json
📝 Response logged: 2025-11-09_14-29-39_taxonomy_mapping_pass1_38e4d919b5c9_RESPONSE.json
      Pass 1 → Bibliography (0.95)
📝 Prompt logged: 2025-11-09_14-29-39_taxonomy_mapping_pass2_batch_0613d2ec10b0.json
📝 Response logged: 2025-11-09_14-29-45_taxonomy_mapping_pass2_batch_0613d2ec10b0_RESPONSE.json
      Pass 2 (batch of 3) → Peer-Reviewed Research Articles (original research) (avg: 0.92)

  [185] Unknown
      Entries: 9, Subgroups: 0
📝 Prompt logged: 2025-11-09_14-29-45_taxonomy_mapping_pass1_cfc87d903957.json
📝 Response logged: 2025-11-09_14-29-47_taxonomy_mapping_pass1_cfc87d903957_RESPONSE.json
      Pass 1 → Bibliography (0.95)
📝 Prompt logged: 2025-11-09_14-29-47_taxonomy_mapping_pass2_batch_dbaef3da8ef8.json
📝 Response logged: 2025-11-09_14-29-57_taxonomy_mapping_pass2_batch_dbaef3da8ef8_RESPONSE.json
      Pass 2 (batch of 9) → Reviews & Editorials (avg: 0.92)

  [186] Unknown
      Entries: 5, Subgroups: 0
📝 Prompt logged: 2025-11-09_14-29-57_taxonomy_mapping_pass1_eaeaec00ab4d.json
📝 Response logged: 2025-11-09_14-30-00_taxonomy_mapping_pass1_eaeaec00ab4d_RESPONSE.json
      Pass 1 → Bibliography (0.95)
📝 Prompt logged: 2025-11-09_14-30-00_taxonomy_mapping_pass2_batch_35b1d268c7d0.json
📝 Response logged: 2025-11-09_14-30-10_taxonomy_mapping_pass2_batch_35b1d268c7d0_RESPONSE.json
      Pass 2 (batch of 5) → Peer-Reviewed Research Articles (original research) (avg: 0.91)

  [187] Unknown
      Entries: 3, Subgroups: 0
📝 Prompt logged: 2025-11-09_14-30-10_taxonomy_mapping_pass1_254c8d20a962.json
📝 Response logged: 2025-11-09_14-30-12_taxonomy_mapping_pass1_254c8d20a962_RESPONSE.json
      Pass 1 → Bibliography (0.95)
📝 Prompt logged: 2025-11-09_14-30-12_taxonomy_mapping_pass2_batch_824d199f10a6.json
📝 Response logged: 2025-11-09_14-30-18_taxonomy_mapping_pass2_batch_824d199f10a6_RESPONSE.json
      Pass 2 (batch of 3) → Peer-Reviewed Research Articles (original research) (avg: 0.93)

  [188] Unknown
      Entries: 3, Subgroups: 0
📝 Prompt logged: 2025-11-09_14-30-18_taxonomy_mapping_pass1_07a2dc0cb2f8.json
📝 Response logged: 2025-11-09_14-30-20_taxonomy_mapping_pass1_07a2dc0cb2f8_RESPONSE.json
      Pass 1 → Bibliography (0.95)
📝 Prompt logged: 2025-11-09_14-30-20_taxonomy_mapping_pass2_batch_99f330c9ae37.json
📝 Response logged: 2025-11-09_14-30-24_taxonomy_mapping_pass2_batch_99f330c9ae37_RESPONSE.json
      Pass 2 (batch of 3) → Reviews & Editorials (synthesis, commentary) (avg: 0.92)

  [189] Unknown
      Entries: 6, Subgroups: 0
📝 Prompt logged: 2025-11-09_14-30-24_taxonomy_mapping_pass1_b8781bb18d7c.json
📝 Response logged: 2025-11-09_14-30-27_taxonomy_mapping_pass1_b8781bb18d7c_RESPONSE.json
      Pass 1 → Bibliography (0.95)
📝 Prompt logged: 2025-11-09_14-30-27_taxonomy_mapping_pass2_batch_3cab8cd382cb.json
📝 Response logged: 2025-11-09_14-30-33_taxonomy_mapping_pass2_batch_3cab8cd382cb_RESPONSE.json
      Pass 2 (batch of 6) → Reviews & Editorials (avg: 0.88)

  [190] Unknown
      Entries: 9, Subgroups: 0
📝 Prompt logged: 2025-11-09_14-30-33_taxonomy_mapping_pass1_ae86095c0578.json
📝 Response logged: 2025-11-09_14-30-38_taxonomy_mapping_pass1_ae86095c0578_RESPONSE.json
      Pass 1 → Bibliography (0.95)
📝 Prompt logged: 2025-11-09_14-30-38_taxonomy_mapping_pass2_batch_e5e0b8af9317.json
📝 Response logged: 2025-11-09_14-30-50_taxonomy_mapping_pass2_batch_e5e0b8af9317_RESPONSE.json
      Pass 2 (batch of 9) → Abstracts & Conference Proceedings (avg: 0.90)

  [191] Unknown
      Entries: 57, Subgroups: 0
📝 Prompt logged: 2025-11-09_14-30-50_taxonomy_mapping_pass1_4a96c1bf9fb8.json
📝 Response logged: 2025-11-09_14-30-53_taxonomy_mapping_pass1_4a96c1bf9fb8_RESPONSE.json
      Pass 1 → Invitations to Speak/Present (0.95)
📝 Prompt logged: 2025-11-09_14-30-53_taxonomy_mapping_pass2_batch_f29fb3c5a250.json
📝 Response logged: 2025-11-09_14-31-04_taxonomy_mapping_pass2_batch_f29fb3c5a250_RESPONSE.json
      Pass 2 (batch of 57) → Invited Panels, Workshops, Symposia (avg: 0.85)

  [192] Unknown
      Entries: 67, Subgroups: 0
📝 Prompt logged: 2025-11-09_14-31-04_taxonomy_mapping_pass1_19211e260905.json
📝 Response logged: 2025-11-09_14-31-06_taxonomy_mapping_pass1_19211e260905_RESPONSE.json
      Pass 1 → Invitations to Speak/Present (0.95)
📝 Prompt logged: 2025-11-09_14-31-06_taxonomy_mapping_pass2_batch_d631b87d9325.json
📝 Response logged: 2025-11-09_14-31-19_taxonomy_mapping_pass2_batch_d631b87d9325_RESPONSE.json
      Pass 2 (batch of 67) → Invited Keynotes, Named Lectures, Plenaries (avg: 0.89)

  [193] Unknown
      Entries: 16, Subgroups: 0
📝 Prompt logged: 2025-11-09_14-31-19_taxonomy_mapping_pass1_8bb589bcb1b4.json
📝 Response logged: 2025-11-09_14-31-21_taxonomy_mapping_pass1_8bb589bcb1b4_RESPONSE.json
      Pass 1 → Invitations to Speak/Present (0.95)
📝 Prompt logged: 2025-11-09_14-31-21_taxonomy_mapping_pass2_batch_3f1cc64b7359.json
📝 Response logged: 2025-11-09_14-31-31_taxonomy_mapping_pass2_batch_3f1cc64b7359_RESPONSE.json
      Pass 2 (batch of 16) → Submitted Abstracts/Presentations (avg: 0.90)

  [194] Unknown
      Entries: 1, Subgroups: 0
📝 Prompt logged: 2025-11-09_14-31-31_taxonomy_mapping_pass1_c18d6e006a44.json
📝 Response logged: 2025-11-09_14-31-32_taxonomy_mapping_pass1_c18d6e006a44_RESPONSE.json
      Pass 1 → Bibliography (0.95)
📝 Prompt logged: 2025-11-09_14-31-32_taxonomy_mapping_pass2_batch_75b510954fdf.json
📝 Response logged: 2025-11-09_14-31-34_taxonomy_mapping_pass2_batch_75b510954fdf_RESPONSE.json
      Pass 2 (batch of 1) → Abstracts & Conference Proceedings (avg: 0.90)

  [195] Unknown
      Entries: 1, Subgroups: 0
📝 Prompt logged: 2025-11-09_14-31-34_taxonomy_mapping_pass1_9027f79e4f4f.json
📝 Response logged: 2025-11-09_14-31-36_taxonomy_mapping_pass1_9027f79e4f4f_RESPONSE.json
      Pass 1 → Bibliography (0.95)
📝 Prompt logged: 2025-11-09_14-31-36_taxonomy_mapping_pass2_batch_8561d7a7942e.json
📝 Response logged: 2025-11-09_14-31-38_taxonomy_mapping_pass2_batch_8561d7a7942e_RESPONSE.json
      Pass 2 (batch of 1) → Abstracts & Conference Proceedings (avg: 0.90)

  [196] Unknown
      Entries: 18, Subgroups: 0
📝 Prompt logged: 2025-11-09_14-31-38_taxonomy_mapping_pass1_f8f4996a90f5.json
📝 Response logged: 2025-11-09_14-31-41_taxonomy_mapping_pass1_f8f4996a90f5_RESPONSE.json
      Pass 1 → Invitations to Speak/Present (0.95)
📝 Prompt logged: 2025-11-09_14-31-41_taxonomy_mapping_pass2_batch_7d67e07364f4.json
📝 Response logged: 2025-11-09_14-31-51_taxonomy_mapping_pass2_batch_7d67e07364f4_RESPONSE.json
      Pass 2 (batch of 18) → Invited Panels, Workshops, Symposia (avg: 0.91)

  [197] Unknown
      Entries: 6, Subgroups: 0
📝 Prompt logged: 2025-11-09_14-31-51_taxonomy_mapping_pass1_22eca8107e0d.json
📝 Response logged: 2025-11-09_14-31-54_taxonomy_mapping_pass1_22eca8107e0d_RESPONSE.json
      Pass 1 → Invitations to Speak/Present (0.95)
📝 Prompt logged: 2025-11-09_14-31-54_taxonomy_mapping_pass2_batch_fbe5f7b9f74e.json
📝 Response logged: 2025-11-09_14-32-00_taxonomy_mapping_pass2_batch_fbe5f7b9f74e_RESPONSE.json
      Pass 2 (batch of 6) → Invited Panels, Workshops, Symposia (avg: 0.85)

  [198] Unknown
      Entries: 2, Subgroups: 0
📝 Prompt logged: 2025-11-09_14-32-00_taxonomy_mapping_pass1_cb983e3da785.json
📝 Response logged: 2025-11-09_14-32-03_taxonomy_mapping_pass1_cb983e3da785_RESPONSE.json
      Pass 1 → Invitations to Speak/Present (0.95)
📝 Prompt logged: 2025-11-09_14-32-03_taxonomy_mapping_pass2_batch_6e96416550ce.json
📝 Response logged: 2025-11-09_14-32-06_taxonomy_mapping_pass2_batch_6e96416550ce_RESPONSE.json
      Pass 2 (batch of 2) → Submitted Abstracts/Presentations (avg: 0.90)

  [199] Unknown
      Entries: 16, Subgroups: 0
📝 Prompt logged: 2025-11-09_14-32-06_taxonomy_mapping_pass1_a3a7d665e33a.json
📝 Response logged: 2025-11-09_14-32-08_taxonomy_mapping_pass1_a3a7d665e33a_RESPONSE.json
      Pass 1 → Invitations to Speak/Present (0.95)
📝 Prompt logged: 2025-11-09_14-32-08_taxonomy_mapping_pass2_batch_f33ca05fffd1.json
📝 Response logged: 2025-11-09_14-32-18_taxonomy_mapping_pass2_batch_f33ca05fffd1_RESPONSE.json
      Pass 2 (batch of 16) → Submitted Abstracts/Presentations (avg: 0.90)

  [200] Unknown
      Entries: 4, Subgroups: 0
📝 Prompt logged: 2025-11-09_14-32-18_taxonomy_mapping_pass1_51e66e623c71.json
📝 Response logged: 2025-11-09_14-32-20_taxonomy_mapping_pass1_51e66e623c71_RESPONSE.json
      Pass 1 → Invitations to Speak/Present (0.95)
📝 Prompt logged: 2025-11-09_14-32-20_taxonomy_mapping_pass2_batch_3d00e6bd9986.json
📝 Response logged: 2025-11-09_14-32-25_taxonomy_mapping_pass2_batch_3d00e6bd9986_RESPONSE.json
      Pass 2 (batch of 4) → Submitted Abstracts/Presentations (avg: 0.90)

  [201] Unknown
      Entries: 7, Subgroups: 0
📝 Prompt logged: 2025-11-09_14-32-25_taxonomy_mapping_pass1_054ddfa01704.json
📝 Response logged: 2025-11-09_14-32-28_taxonomy_mapping_pass1_054ddfa01704_RESPONSE.json
      Pass 1 → Invitations to Speak/Present (0.90)
📝 Prompt logged: 2025-11-09_14-32-28_taxonomy_mapping_pass2_batch_d2b226fc20ad.json
📝 Response logged: 2025-11-09_14-32-34_taxonomy_mapping_pass2_batch_d2b226fc20ad_RESPONSE.json
      Pass 2 (batch of 7) → Invited Panels, Workshops, Symposia (avg: 0.81)

  [202] Unknown
      Entries: 15, Subgroups: 0
📝 Prompt logged: 2025-11-09_14-32-34_taxonomy_mapping_pass1_988b30841826.json
📝 Response logged: 2025-11-09_14-32-37_taxonomy_mapping_pass1_988b30841826_RESPONSE.json
      Pass 1 → Invitations to Speak/Present (0.95)
📝 Prompt logged: 2025-11-09_14-32-37_taxonomy_mapping_pass2_batch_c353e597bf62.json
📝 Response logged: 2025-11-09_14-32-52_taxonomy_mapping_pass2_batch_c353e597bf62_RESPONSE.json
      Pass 2 (batch of 15) → Invited Panels, Workshops, Symposia (avg: 0.83)

  [203] Unknown
      Entries: 18, Subgroups: 0
📝 Prompt logged: 2025-11-09_14-32-52_taxonomy_mapping_pass1_041a6e0d63a6.json
📝 Response logged: 2025-11-09_14-32-54_taxonomy_mapping_pass1_041a6e0d63a6_RESPONSE.json
      Pass 1 → Invitations to Speak/Present (0.95)
📝 Prompt logged: 2025-11-09_14-32-54_taxonomy_mapping_pass2_batch_41752752f81f.json
📝 Response logged: 2025-11-09_14-33-05_taxonomy_mapping_pass2_batch_41752752f81f_RESPONSE.json
      Pass 2 (batch of 18) → Invited Panels, Workshops, Symposia (avg: 0.81)

  [204] Unknown
      Entries: 6, Subgroups: 0
📝 Prompt logged: 2025-11-09_14-33-05_taxonomy_mapping_pass1_7e8f2d1bcf9b.json
📝 Response logged: 2025-11-09_14-33-07_taxonomy_mapping_pass1_7e8f2d1bcf9b_RESPONSE.json
      Pass 1 → Invitations to Speak/Present (0.95)
📝 Prompt logged: 2025-11-09_14-33-07_taxonomy_mapping_pass2_batch_4721d9c7e0c6.json
📝 Response logged: 2025-11-09_14-33-16_taxonomy_mapping_pass2_batch_4721d9c7e0c6_RESPONSE.json
      Pass 2 (batch of 6) → Submitted Abstracts/Presentations (avg: 0.90)

  [205] Unknown
      Entries: 1, Subgroups: 0
📝 Prompt logged: 2025-11-09_14-33-16_taxonomy_mapping_pass1_aaf890280c8c.json
📝 Response logged: 2025-11-09_14-33-18_taxonomy_mapping_pass1_aaf890280c8c_RESPONSE.json
      Pass 1 → Invitations to Speak/Present (0.95)
📝 Prompt logged: 2025-11-09_14-33-18_taxonomy_mapping_pass2_batch_724476ab2fc6.json
📝 Response logged: 2025-11-09_14-33-20_taxonomy_mapping_pass2_batch_724476ab2fc6_RESPONSE.json
      Pass 2 (batch of 1) → Invited Panels, Workshops, Symposia (avg: 0.90)

  [206] Unknown
      Entries: 2, Subgroups: 0
📝 Prompt logged: 2025-11-09_14-33-20_taxonomy_mapping_pass1_8cc145bb0a74.json
📝 Response logged: 2025-11-09_14-33-24_taxonomy_mapping_pass1_8cc145bb0a74_RESPONSE.json
      Pass 1 → Invitations to Speak/Present (0.90)
📝 Prompt logged: 2025-11-09_14-33-24_taxonomy_mapping_pass2_batch_8417d4402036.json
📝 Response logged: 2025-11-09_14-33-27_taxonomy_mapping_pass2_batch_8417d4402036_RESPONSE.json
      Pass 2 (batch of 2) → Invited Panels, Workshops, Symposia (avg: 0.85)

  [207] Unknown
      Entries: 1, Subgroups: 8
📝 Prompt logged: 2025-11-09_14-33-27_taxonomy_mapping_pass1_ef91cae77691.json
📝 Response logged: 2025-11-09_14-33-29_taxonomy_mapping_pass1_ef91cae77691_RESPONSE.json
      Pass 1 → Bibliography (0.95)
📝 Prompt logged: 2025-11-09_14-33-29_taxonomy_mapping_pass2_batch_a76dea99d7f1.json
📝 Response logged: 2025-11-09_14-33-32_taxonomy_mapping_pass2_batch_a76dea99d7f1_RESPONSE.json
      Pass 2 (batch of 1) → Peer-Reviewed Research Articles (original research) (avg: 0.90)

    [208] Unknown
        Entries: 1, Subgroups: 0
📝 Prompt logged: 2025-11-09_14-33-32_taxonomy_mapping_pass1_ad8af1d3d78a.json
📝 Response logged: 2025-11-09_14-33-34_taxonomy_mapping_pass1_ad8af1d3d78a_RESPONSE.json
        Pass 1 → Bibliography (0.95)
📝 Prompt logged: 2025-11-09_14-33-34_taxonomy_mapping_pass2_batch_51443d5ea445.json
📝 Response logged: 2025-11-09_14-33-36_taxonomy_mapping_pass2_batch_51443d5ea445_RESPONSE.json
        Pass 2 (batch of 1) → Peer-Reviewed Research Articles (original research) (avg: 0.95)

    [209] Unknown
        Entries: 2, Subgroups: 0
📝 Prompt logged: 2025-11-09_14-33-36_taxonomy_mapping_pass1_4d015b885c5f.json
📝 Response logged: 2025-11-09_14-33-39_taxonomy_mapping_pass1_4d015b885c5f_RESPONSE.json
        Pass 1 → Bibliography (0.95)
📝 Prompt logged: 2025-11-09_14-33-39_taxonomy_mapping_pass2_batch_df90c65988d6.json
📝 Response logged: 2025-11-09_14-33-42_taxonomy_mapping_pass2_batch_df90c65988d6_RESPONSE.json
        Pass 2 (batch of 2) → Peer-Reviewed Research Articles (original research) (avg: 0.95)

    [210] Unknown
        Entries: 1, Subgroups: 0
📝 Prompt logged: 2025-11-09_14-33-42_taxonomy_mapping_pass1_145ef5b341ce.json
📝 Response logged: 2025-11-09_14-33-45_taxonomy_mapping_pass1_145ef5b341ce_RESPONSE.json
        Pass 1 → Bibliography (0.95)
📝 Prompt logged: 2025-11-09_14-33-45_taxonomy_mapping_pass2_batch_2ff44b2a5965.json
📝 Response logged: 2025-11-09_14-33-46_taxonomy_mapping_pass2_batch_2ff44b2a5965_RESPONSE.json
        Pass 2 (batch of 1) → Peer-Reviewed Research Articles (original research) (avg: 0.95)

    [211] Unknown
        Entries: 1, Subgroups: 0
📝 Prompt logged: 2025-11-09_14-33-46_taxonomy_mapping_pass1_a3a539076c86.json
📝 Response logged: 2025-11-09_14-33-48_taxonomy_mapping_pass1_a3a539076c86_RESPONSE.json
        Pass 1 → Bibliography (0.95)
📝 Prompt logged: 2025-11-09_14-33-48_taxonomy_mapping_pass2_batch_694242983d05.json
📝 Response logged: 2025-11-09_14-33-50_taxonomy_mapping_pass2_batch_694242983d05_RESPONSE.json
        Pass 2 (batch of 1) → Reviews & Editorials (synthesis, commentary) (avg: 0.95)

    [212] Unknown
        Entries: 1, Subgroups: 0
📝 Prompt logged: 2025-11-09_14-33-50_taxonomy_mapping_pass1_b2e36d1e7d54.json
📝 Response logged: 2025-11-09_14-33-52_taxonomy_mapping_pass1_b2e36d1e7d54_RESPONSE.json
        Pass 1 → Bibliography (0.95)
📝 Prompt logged: 2025-11-09_14-33-52_taxonomy_mapping_pass2_batch_8387ad9c9678.json
📝 Response logged: 2025-11-09_14-33-53_taxonomy_mapping_pass2_batch_8387ad9c9678_RESPONSE.json
        Pass 2 (batch of 1) → Reviews & Editorials (synthesis, commentary) (avg: 0.90)

    [213] Unknown
        Entries: 1, Subgroups: 0
📝 Prompt logged: 2025-11-09_14-33-53_taxonomy_mapping_pass1_fdf7682c733b.json
📝 Response logged: 2025-11-09_14-33-55_taxonomy_mapping_pass1_fdf7682c733b_RESPONSE.json
        Pass 1 → Bibliography (0.95)
📝 Prompt logged: 2025-11-09_14-33-55_taxonomy_mapping_pass2_batch_1a24635bc120.json
📝 Response logged: 2025-11-09_14-33-57_taxonomy_mapping_pass2_batch_1a24635bc120_RESPONSE.json
        Pass 2 (batch of 1) → Peer-Reviewed Research Articles (original research) (avg: 0.95)

    [214] Unknown
        Entries: 1, Subgroups: 0
📝 Prompt logged: 2025-11-09_14-33-57_taxonomy_mapping_pass1_15c37413d025.json
📝 Response logged: 2025-11-09_14-33-59_taxonomy_mapping_pass1_15c37413d025_RESPONSE.json
        Pass 1 → Bibliography (0.95)
📝 Prompt logged: 2025-11-09_14-33-59_taxonomy_mapping_pass2_batch_416394929bf3.json
📝 Response logged: 2025-11-09_14-34-01_taxonomy_mapping_pass2_batch_416394929bf3_RESPONSE.json
        Pass 2 (batch of 1) → Peer-Reviewed Research Articles (original research) (avg: 0.95)

    [215] Unknown
        Entries: 1, Subgroups: 0
📝 Prompt logged: 2025-11-09_14-34-01_taxonomy_mapping_pass1_dcbf9c632185.json
📝 Response logged: 2025-11-09_14-34-03_taxonomy_mapping_pass1_dcbf9c632185_RESPONSE.json
        Pass 1 → Bibliography (0.95)
📝 Prompt logged: 2025-11-09_14-34-03_taxonomy_mapping_pass2_batch_eab88ade165d.json
📝 Response logged: 2025-11-09_14-34-05_taxonomy_mapping_pass2_batch_eab88ade165d_RESPONSE.json
        Pass 2 (batch of 1) → Peer-Reviewed Research Articles (original research) (avg: 0.95)

  [216] Unknown
      Entries: 1, Subgroups: 0
📝 Prompt logged: 2025-11-09_14-34-05_taxonomy_mapping_pass1_3103b01a9400.json
📝 Response logged: 2025-11-09_14-34-07_taxonomy_mapping_pass1_3103b01a9400_RESPONSE.json
      Pass 1 → Bibliography (0.95)
📝 Prompt logged: 2025-11-09_14-34-07_taxonomy_mapping_pass2_batch_c71729607b42.json
📝 Response logged: 2025-11-09_14-34-09_taxonomy_mapping_pass2_batch_c71729607b42_RESPONSE.json
      Pass 2 (batch of 1) → Peer-Reviewed Research Articles (original research) (avg: 0.95)

  [217] Unknown
      Entries: 2, Subgroups: 0
📝 Prompt logged: 2025-11-09_14-34-09_taxonomy_mapping_pass1_09355b29aac5.json
📝 Response logged: 2025-11-09_14-34-11_taxonomy_mapping_pass1_09355b29aac5_RESPONSE.json
      Pass 1 → Bibliography (0.95)
📝 Prompt logged: 2025-11-09_14-34-11_taxonomy_mapping_pass2_batch_94fac9e63510.json
📝 Response logged: 2025-11-09_14-34-15_taxonomy_mapping_pass2_batch_94fac9e63510_RESPONSE.json
      Pass 2 (batch of 2) → Peer-Reviewed Research Articles (original research) (avg: 0.93)

  [218] Unknown
      Entries: 1, Subgroups: 0
📝 Prompt logged: 2025-11-09_14-34-15_taxonomy_mapping_pass1_2e4a5f73b037.json
📝 Response logged: 2025-11-09_14-34-18_taxonomy_mapping_pass1_2e4a5f73b037_RESPONSE.json
      Pass 1 → Appendix / Other (0.85)

  [219] Unknown
      Entries: 1, Subgroups: 0
📝 Prompt logged: 2025-11-09_14-34-18_taxonomy_mapping_pass1_a490809ac2fa.json
📝 Response logged: 2025-11-09_14-34-21_taxonomy_mapping_pass1_a490809ac2fa_RESPONSE.json
      Pass 1 → Appendix / Other (0.85)

  [220] Unknown
      Entries: 1, Subgroups: 0
📝 Prompt logged: 2025-11-09_14-34-21_taxonomy_mapping_pass1_1b899d2fb31d.json
📝 Response logged: 2025-11-09_14-34-23_taxonomy_mapping_pass1_1b899d2fb31d_RESPONSE.json
      Pass 1 → Bibliography (0.95)
📝 Prompt logged: 2025-11-09_14-34-23_taxonomy_mapping_pass2_batch_079245e14a21.json
📝 Response logged: 2025-11-09_14-34-25_taxonomy_mapping_pass2_batch_079245e14a21_RESPONSE.json
      Pass 2 (batch of 1) → Peer-Reviewed Research Articles (original research) (avg: 0.95)

  [221] Unknown
      Entries: 5, Subgroups: 0
📝 Prompt logged: 2025-11-09_14-34-25_taxonomy_mapping_pass1_57cb92546e23.json
📝 Response logged: 2025-11-09_14-34-26_taxonomy_mapping_pass1_57cb92546e23_RESPONSE.json
      Pass 1 → Bibliography (0.95)
📝 Prompt logged: 2025-11-09_14-34-26_taxonomy_mapping_pass2_batch_47814eabf633.json
📝 Response logged: 2025-11-09_14-34-32_taxonomy_mapping_pass2_batch_47814eabf633_RESPONSE.json
      Pass 2 (batch of 5) → Reviews & Editorials (avg: 0.87)

  [222] Unknown
      Entries: 1, Subgroups: 0
📝 Prompt logged: 2025-11-09_14-34-32_taxonomy_mapping_pass1_2b694db7eac9.json
📝 Response logged: 2025-11-09_14-34-33_taxonomy_mapping_pass1_2b694db7eac9_RESPONSE.json
      Pass 1 → Bibliography (0.95)
📝 Prompt logged: 2025-11-09_14-34-33_taxonomy_mapping_pass2_batch_1e6d5f726838.json
📝 Response logged: 2025-11-09_14-34-37_taxonomy_mapping_pass2_batch_1e6d5f726838_RESPONSE.json
      Pass 2 (batch of 1) → Guidelines / Consensus Statements (avg: 0.90)

  [223] Unknown
      Entries: 1, Subgroups: 0
📝 Prompt logged: 2025-11-09_14-34-37_taxonomy_mapping_pass1_dc063c7fd639.json
📝 Response logged: 2025-11-09_14-34-39_taxonomy_mapping_pass1_dc063c7fd639_RESPONSE.json
      Pass 1 → Bibliography (0.95)
📝 Prompt logged: 2025-11-09_14-34-39_taxonomy_mapping_pass2_batch_b11866930fcc.json
📝 Response logged: 2025-11-09_14-34-41_taxonomy_mapping_pass2_batch_b11866930fcc_RESPONSE.json
      Pass 2 (batch of 1) → Reviews & Editorials (synthesis, commentary) (avg: 0.95)

  [224] Unknown
      Entries: 2, Subgroups: 0
📝 Prompt logged: 2025-11-09_14-34-41_taxonomy_mapping_pass1_d283bef5494e.json
📝 Response logged: 2025-11-09_14-34-44_taxonomy_mapping_pass1_d283bef5494e_RESPONSE.json
      Pass 1 → Bibliography (0.95)
📝 Prompt logged: 2025-11-09_14-34-44_taxonomy_mapping_pass2_batch_75f2f1e861e5.json
📝 Response logged: 2025-11-09_14-34-47_taxonomy_mapping_pass2_batch_75f2f1e861e5_RESPONSE.json
      Pass 2 (batch of 2) → Chapters (book chapters) (avg: 0.90)

  [225] Unknown
      Entries: 0, Subgroups: 0
📝 Prompt logged: 2025-11-09_14-34-47_taxonomy_mapping_pass1_2776f3db0de2.json
📝 Response logged: 2025-11-09_14-34-49_taxonomy_mapping_pass1_2776f3db0de2_RESPONSE.json
      Pass 1 → Appendix / Other (0.85)

  [226] Unknown
      Entries: 8, Subgroups: 3
📝 Prompt logged: 2025-11-09_14-34-49_taxonomy_mapping_pass1_fbf716c6e29e.json
📝 Response logged: 2025-11-09_14-34-51_taxonomy_mapping_pass1_fbf716c6e29e_RESPONSE.json
      Pass 1 → Bibliography (0.95)
📝 Prompt logged: 2025-11-09_14-34-51_taxonomy_mapping_pass2_batch_3ad39bc3c11d.json
📝 Response logged: 2025-11-09_14-34-58_taxonomy_mapping_pass2_batch_3ad39bc3c11d_RESPONSE.json
      Pass 2 (batch of 8) → Reviews & Editorials (avg: 0.88)

    [227] Unknown
        Entries: 2, Subgroups: 0
📝 Prompt logged: 2025-11-09_14-34-58_taxonomy_mapping_pass1_94c3fb6b8c41.json
📝 Response logged: 2025-11-09_14-34-59_taxonomy_mapping_pass1_94c3fb6b8c41_RESPONSE.json
        Pass 1 → Bibliography (0.95)
📝 Prompt logged: 2025-11-09_14-34-59_taxonomy_mapping_pass2_batch_2e2c82781a0f.json
📝 Response logged: 2025-11-09_14-35-02_taxonomy_mapping_pass2_batch_2e2c82781a0f_RESPONSE.json
        Pass 2 (batch of 2) → Reviews & Editorials (synthesis, commentary) (avg: 0.90)

    [228] Unknown
        Entries: 5, Subgroups: 0
📝 Prompt logged: 2025-11-09_14-35-02_taxonomy_mapping_pass1_4c80ea2bb66e.json
📝 Response logged: 2025-11-09_14-35-05_taxonomy_mapping_pass1_4c80ea2bb66e_RESPONSE.json
        Pass 1 → Bibliography (0.95)
📝 Prompt logged: 2025-11-09_14-35-05_taxonomy_mapping_pass2_batch_8e5520e0e2d1.json
📝 Response logged: 2025-11-09_14-35-13_taxonomy_mapping_pass2_batch_8e5520e0e2d1_RESPONSE.json
        Pass 2 (batch of 5) → Guidelines / Consensus Statements (avg: 0.86)

    [229] Unknown
        Entries: 3, Subgroups: 0
📝 Prompt logged: 2025-11-09_14-35-13_taxonomy_mapping_pass1_5541b02c3089.json
📝 Response logged: 2025-11-09_14-35-15_taxonomy_mapping_pass1_5541b02c3089_RESPONSE.json
        Pass 1 → Bibliography (0.95)
📝 Prompt logged: 2025-11-09_14-35-15_taxonomy_mapping_pass2_batch_aa3a8a5ae029.json
📝 Response logged: 2025-11-09_14-35-19_taxonomy_mapping_pass2_batch_aa3a8a5ae029_RESPONSE.json
        Pass 2 (batch of 3) → Reviews & Editorials (avg: 0.95)

  [230] Unknown
      Entries: 1, Subgroups: 0
📝 Prompt logged: 2025-11-09_14-35-19_taxonomy_mapping_pass1_099d6ade8ccb.json
📝 Response logged: 2025-11-09_14-35-21_taxonomy_mapping_pass1_099d6ade8ccb_RESPONSE.json
      Pass 1 → Bibliography (0.95)
📝 Prompt logged: 2025-11-09_14-35-21_taxonomy_mapping_pass2_batch_e090d7168fc4.json
📝 Response logged: 2025-11-09_14-35-23_taxonomy_mapping_pass2_batch_e090d7168fc4_RESPONSE.json
      Pass 2 (batch of 1) → Chapters (book chapters) (avg: 0.90)

  [231] Unknown
      Entries: 54, Subgroups: 0
📝 Prompt logged: 2025-11-09_14-35-23_taxonomy_mapping_pass1_6c5f0bce0ea3.json
📝 Response logged: 2025-11-09_14-35-26_taxonomy_mapping_pass1_6c5f0bce0ea3_RESPONSE.json
      Pass 1 → Bibliography (0.95)
📝 Prompt logged: 2025-11-09_14-35-26_taxonomy_mapping_pass2_batch_37cef3dfac18.json
📝 Response logged: 2025-11-09_14-35-38_taxonomy_mapping_pass2_batch_37cef3dfac18_RESPONSE.json
      Pass 2 (batch of 54) → Chapters (book chapters) (avg: 0.88)

  [232] Unknown
      Entries: 5, Subgroups: 0
📝 Prompt logged: 2025-11-09_14-35-38_taxonomy_mapping_pass1_c7458fa64b25.json
📝 Response logged: 2025-11-09_14-35-41_taxonomy_mapping_pass1_c7458fa64b25_RESPONSE.json
      Pass 1 → Invitations to Speak/Present (0.95)
📝 Prompt logged: 2025-11-09_14-35-41_taxonomy_mapping_pass2_batch_87d3882f48ae.json
📝 Response logged: 2025-11-09_14-35-48_taxonomy_mapping_pass2_batch_87d3882f48ae_RESPONSE.json
      Pass 2 (batch of 5) → Invited Presentations (avg: 0.80)

  [233] Unknown
      Entries: 2, Subgroups: 0
📝 Prompt logged: 2025-11-09_14-35-48_taxonomy_mapping_pass1_155099d1570e.json
📝 Response logged: 2025-11-09_14-35-51_taxonomy_mapping_pass1_155099d1570e_RESPONSE.json
      Pass 1 → Bibliography (0.95)
📝 Prompt logged: 2025-11-09_14-35-51_taxonomy_mapping_pass2_batch_ecde6aeb486e.json
📝 Response logged: 2025-11-09_14-35-53_taxonomy_mapping_pass2_batch_ecde6aeb486e_RESPONSE.json
      Pass 2 (batch of 2) → Chapters (book chapters) (avg: 0.90)

  [234] Unknown
      Entries: 22, Subgroups: 0
📝 Prompt logged: 2025-11-09_14-35-53_taxonomy_mapping_pass1_40c345d457e1.json
📝 Response logged: 2025-11-09_14-35-55_taxonomy_mapping_pass1_40c345d457e1_RESPONSE.json
      Pass 1 → Bibliography (0.95)
📝 Prompt logged: 2025-11-09_14-35-55_taxonomy_mapping_pass2_batch_db9c93576f73.json
📝 Response logged: 2025-11-09_14-36-06_taxonomy_mapping_pass2_batch_db9c93576f73_RESPONSE.json
      Pass 2 (batch of 22) → Chapters (book chapters) (avg: 0.83)

  [235] Unknown
      Entries: 38, Subgroups: 1
📝 Prompt logged: 2025-11-09_14-36-06_taxonomy_mapping_pass1_6794c20285dc.json
📝 Response logged: 2025-11-09_14-36-08_taxonomy_mapping_pass1_6794c20285dc_RESPONSE.json
      Pass 1 → Bibliography (0.95)
📝 Prompt logged: 2025-11-09_14-36-08_taxonomy_mapping_pass2_batch_5860d9e1a28c.json
📝 Response logged: 2025-11-09_14-36-23_taxonomy_mapping_pass2_batch_5860d9e1a28c_RESPONSE.json
      Pass 2 (batch of 38) → Chapters (book chapters) (avg: 0.90)

    [236] Unknown
        Entries: 2, Subgroups: 0
📝 Prompt logged: 2025-11-09_14-36-23_taxonomy_mapping_pass1_6723666e1acb.json
📝 Response logged: 2025-11-09_14-36-26_taxonomy_mapping_pass1_6723666e1acb_RESPONSE.json
        Pass 1 → Professional Positions & Employment (0.95)
📝 Prompt logged: 2025-11-09_14-36-26_taxonomy_mapping_pass2_batch_6799d6c8855e.json
📝 Response logged: 2025-11-09_14-36-29_taxonomy_mapping_pass2_batch_6799d6c8855e_RESPONSE.json
        Pass 2 (batch of 2) → Current Academic/Clinical Positions (avg: 0.90)

  [237] Unknown
      Entries: 2, Subgroups: 0
📝 Prompt logged: 2025-11-09_14-36-29_taxonomy_mapping_pass1_94e5e0181f10.json
📝 Response logged: 2025-11-09_14-36-32_taxonomy_mapping_pass1_94e5e0181f10_RESPONSE.json
      Pass 1 → Bibliography (0.95)
📝 Prompt logged: 2025-11-09_14-36-32_taxonomy_mapping_pass2_batch_acd7711232b8.json
📝 Response logged: 2025-11-09_14-36-38_taxonomy_mapping_pass2_batch_acd7711232b8_RESPONSE.json
      Pass 2 (batch of 2) → Chapters (book chapters) (avg: 0.90)

  [238] Unknown
      Entries: 19, Subgroups: 1
📝 Prompt logged: 2025-11-09_14-36-38_taxonomy_mapping_pass1_390472301937.json
📝 Response logged: 2025-11-09_14-36-41_taxonomy_mapping_pass1_390472301937_RESPONSE.json
      Pass 1 → Invitations to Speak/Present (0.95)
📝 Prompt logged: 2025-11-09_14-36-41_taxonomy_mapping_pass2_batch_e63a073616d8.json
📝 Response logged: 2025-11-09_14-36-57_taxonomy_mapping_pass2_batch_e63a073616d8_RESPONSE.json
      Pass 2 (batch of 19) → Invited Keynotes, Named Lectures, Plenaries (avg: 0.72)

    [239] Unknown
        Entries: 1, Subgroups: 0
📝 Prompt logged: 2025-11-09_14-36-57_taxonomy_mapping_pass1_fa87da7a52d2.json
📝 Response logged: 2025-11-09_14-37-00_taxonomy_mapping_pass1_fa87da7a52d2_RESPONSE.json
        Pass 1 → Invitations to Speak/Present (0.85)
📝 Prompt logged: 2025-11-09_14-37-00_taxonomy_mapping_pass2_batch_dcbc4d4ff8ec.json
📝 Response logged: 2025-11-09_14-37-01_taxonomy_mapping_pass2_batch_dcbc4d4ff8ec_RESPONSE.json
        Pass 2 (batch of 1) → Grand Rounds, Visiting Professorships, Departmental Seminars (avg: 1.00)

  [240] Unknown
      Entries: 1, Subgroups: 0
📝 Prompt logged: 2025-11-09_14-37-01_taxonomy_mapping_pass1_128918990326.json
📝 Response logged: 2025-11-09_14-37-04_taxonomy_mapping_pass1_128918990326_RESPONSE.json
      Pass 1 → Bibliography (0.95)
📝 Prompt logged: 2025-11-09_14-37-04_taxonomy_mapping_pass2_batch_3b3a728c4167.json
📝 Response logged: 2025-11-09_14-37-05_taxonomy_mapping_pass2_batch_3b3a728c4167_RESPONSE.json
      Pass 2 (batch of 1) → Books (avg: 0.90)

  [241] Unknown
      Entries: 38, Subgroups: 0
📝 Prompt logged: 2025-11-09_14-37-05_taxonomy_mapping_pass1_3f3dfbea935e.json
📝 Response logged: 2025-11-09_14-37-08_taxonomy_mapping_pass1_3f3dfbea935e_RESPONSE.json
      Pass 1 → Invitations to Speak/Present (0.95)
📝 Prompt logged: 2025-11-09_14-37-08_taxonomy_mapping_pass2_batch_f4634ccd5ec8.json
📝 Response logged: 2025-11-09_14-37-24_taxonomy_mapping_pass2_batch_f4634ccd5ec8_RESPONSE.json
      Pass 2 (batch of 38) → Submitted Abstract/Presentation (avg: 0.83)

  [242] Unknown
      Entries: 29, Subgroups: 0
📝 Prompt logged: 2025-11-09_14-37-24_taxonomy_mapping_pass1_512a0ad23a1f.json
📝 Response logged: 2025-11-09_14-37-27_taxonomy_mapping_pass1_512a0ad23a1f_RESPONSE.json
      Pass 1 → Institutional Administrative Activities (0.92)

  [243] Unknown
      Entries: 17, Subgroups: 0
📝 Prompt logged: 2025-11-09_14-37-27_taxonomy_mapping_pass1_6fd02335ffcf.json
📝 Response logged: 2025-11-09_14-37-30_taxonomy_mapping_pass1_6fd02335ffcf_RESPONSE.json
      Pass 1 → Bibliography (0.95)
📝 Prompt logged: 2025-11-09_14-37-30_taxonomy_mapping_pass2_batch_e5d47410b479.json
📝 Response logged: 2025-11-09_14-37-41_taxonomy_mapping_pass2_batch_e5d47410b479_RESPONSE.json
      Pass 2 (batch of 17) → Books (authored or edited) (avg: 0.82)

  [244] Unknown
      Entries: 1, Subgroups: 0
📝 Prompt logged: 2025-11-09_14-37-41_taxonomy_mapping_pass1_329ffcd8f4c1.json
📝 Response logged: 2025-11-09_14-37-43_taxonomy_mapping_pass1_329ffcd8f4c1_RESPONSE.json
      Pass 1 → Bibliography (0.95)
📝 Prompt logged: 2025-11-09_14-37-43_taxonomy_mapping_pass2_batch_5ede55119477.json
📝 Response logged: 2025-11-09_14-37-45_taxonomy_mapping_pass2_batch_5ede55119477_RESPONSE.json
      Pass 2 (batch of 1) → Books (authored or edited) (avg: 0.95)

  [245] Unknown
      Entries: 1, Subgroups: 0
📝 Prompt logged: 2025-11-09_14-37-45_taxonomy_mapping_pass1_caf56eadedcd.json
📝 Response logged: 2025-11-09_14-37-48_taxonomy_mapping_pass1_caf56eadedcd_RESPONSE.json
      Pass 1 → Appendix / Other (0.85)

  [246] Unknown
      Entries: 7, Subgroups: 2
📝 Prompt logged: 2025-11-09_14-37-48_taxonomy_mapping_pass1_3576ad5849b3.json
📝 Response logged: 2025-11-09_14-37-51_taxonomy_mapping_pass1_3576ad5849b3_RESPONSE.json
      Pass 1 → Invitations to Speak/Present (0.95)
📝 Prompt logged: 2025-11-09_14-37-51_taxonomy_mapping_pass2_batch_b6f8d89e39e2.json
📝 Response logged: 2025-11-09_14-38-04_taxonomy_mapping_pass2_batch_b6f8d89e39e2_RESPONSE.json
      Pass 2 (batch of 7) → Grand Rounds, Visiting Professorships, Departmental Seminars (avg: 0.83)

    [247] Unknown
        Entries: 18, Subgroups: 0
📝 Prompt logged: 2025-11-09_14-38-04_taxonomy_mapping_pass1_00ef1d8dc7a5.json
📝 Response logged: 2025-11-09_14-38-07_taxonomy_mapping_pass1_00ef1d8dc7a5_RESPONSE.json
        Pass 1 → Invitations to Speak/Present (0.95)
📝 Prompt logged: 2025-11-09_14-38-07_taxonomy_mapping_pass2_batch_9f5cd1811d87.json
📝 Response logged: 2025-11-09_14-38-18_taxonomy_mapping_pass2_batch_9f5cd1811d87_RESPONSE.json
        Pass 2 (batch of 17) → Grand Rounds, Visiting Professorships, Departmental Seminars (avg: 0.79)

    [248] Unknown
        Entries: 10, Subgroups: 0
📝 Prompt logged: 2025-11-09_14-38-18_taxonomy_mapping_pass1_483a9c2999dd.json
📝 Response logged: 2025-11-09_14-38-22_taxonomy_mapping_pass1_483a9c2999dd_RESPONSE.json
        Pass 1 → Invitations to Speak/Present (0.85)
📝 Prompt logged: 2025-11-09_14-38-22_taxonomy_mapping_pass2_batch_d2ae39388d0c.json
📝 Response logged: 2025-11-09_14-38-40_taxonomy_mapping_pass2_batch_d2ae39388d0c_RESPONSE.json
        Pass 2 (batch of 10) → Grand Rounds, Visiting Professorships, Departmental Seminars (avg: 0.80)

  [249] Unknown
      Entries: 12, Subgroups: 0
📝 Prompt logged: 2025-11-09_14-38-40_taxonomy_mapping_pass1_e73006184497.json
📝 Response logged: 2025-11-09_14-38-42_taxonomy_mapping_pass1_e73006184497_RESPONSE.json
      Pass 1 → Clinical Practice, Innovation, and Leadership (0.95)
      Pass 2 → Failed: No confusion info for parent: L

  [250] Unknown
      Entries: 1, Subgroups: 0
📝 Prompt logged: 2025-11-09_14-38-42_taxonomy_mapping_pass1_ade2054132e5.json
📝 Response logged: 2025-11-09_14-38-45_taxonomy_mapping_pass1_ade2054132e5_RESPONSE.json
      Pass 1 → Bibliography (0.85)
📝 Prompt logged: 2025-11-09_14-38-45_taxonomy_mapping_pass2_batch_1af63b95f457.json
📝 Response logged: 2025-11-09_14-38-47_taxonomy_mapping_pass2_batch_1af63b95f457_RESPONSE.json
      Pass 2 (batch of 1) → Books (authored or edited) (avg: 0.90)

  [251] Unknown
      Entries: 1, Subgroups: 0
📝 Prompt logged: 2025-11-09_14-38-47_taxonomy_mapping_pass1_9c1df1cebdf7.json
📝 Response logged: 2025-11-09_14-48-51_taxonomy_mapping_pass1_9c1df1cebdf7_RESPONSE.json
      Pass 1 → Research (0.85)
📝 Prompt logged: 2025-11-09_14-48-51_taxonomy_mapping_pass2_batch_2a6ae3d3e552.json
📝 Response logged: 2025-11-09_14-48-53_taxonomy_mapping_pass2_batch_2a6ae3d3e552_RESPONSE.json
      Pass 2 (batch of 1) → Research Activities (Summary) (avg: 0.90)

  [252] Unknown
      Entries: 4, Subgroups: 1
📝 Prompt logged: 2025-11-09_14-48-53_taxonomy_mapping_pass1_95ff1e28a018.json
📝 Response logged: 2025-11-09_14-48-56_taxonomy_mapping_pass1_95ff1e28a018_RESPONSE.json
      Pass 1 → Educational Contributions (0.95)
📝 Prompt logged: 2025-11-09_14-48-56_taxonomy_mapping_pass2_batch_732300ff9819.json
📝 Response logged: 2025-11-09_14-49-01_taxonomy_mapping_pass2_batch_732300ff9819_RESPONSE.json
      Pass 2 (batch of 4) → Didactic Teaching (courses taught) (avg: 0.90)

    [253] Unknown
        Entries: 2, Subgroups: 0
📝 Prompt logged: 2025-11-09_14-49-01_taxonomy_mapping_pass1_1336cf59229d.json
📝 Response logged: 2025-11-09_14-49-04_taxonomy_mapping_pass1_1336cf59229d_RESPONSE.json
        Pass 1 → Invitations to Speak/Present (0.85)
📝 Prompt logged: 2025-11-09_14-49-04_taxonomy_mapping_pass2_batch_f848ac52cc15.json
📝 Response logged: 2025-11-09_14-49-08_taxonomy_mapping_pass2_batch_f848ac52cc15_RESPONSE.json
        Pass 2 (batch of 2) → Grand Rounds, Visiting Professorships, Departmental Seminars (avg: 0.90)

  [254] Unknown
      Entries: 1, Subgroups: 0
📝 Prompt logged: 2025-11-09_14-49-08_taxonomy_mapping_pass1_a8d8bb1eca3c.json
📝 Response logged: 2025-11-09_14-49-12_taxonomy_mapping_pass1_a8d8bb1eca3c_RESPONSE.json
      Pass 1 → Appendix / Other (0.85)

  [255] Unknown
      Entries: 14, Subgroups: 0
📝 Prompt logged: 2025-11-09_14-49-12_taxonomy_mapping_pass1_ef5739eacf06.json
📝 Response logged: 2025-11-09_14-49-15_taxonomy_mapping_pass1_ef5739eacf06_RESPONSE.json
      Pass 1 → Invitations to Speak/Present (0.95)
📝 Prompt logged: 2025-11-09_14-49-15_taxonomy_mapping_pass2_batch_0e5a81a245d1.json
📝 Response logged: 2025-11-09_14-49-25_taxonomy_mapping_pass2_batch_0e5a81a245d1_RESPONSE.json
      Pass 2 (batch of 14) → Invited Panels, Workshops, Symposia (avg: 0.82)

  [256] Unknown
      Entries: 1, Subgroups: 0
📝 Prompt logged: 2025-11-09_14-49-25_taxonomy_mapping_pass1_e42418dcaffd.json
📝 Response logged: 2025-11-09_14-49-28_taxonomy_mapping_pass1_e42418dcaffd_RESPONSE.json
      Pass 1 → Invitations to Speak/Present (0.85)
📝 Prompt logged: 2025-11-09_14-49-28_taxonomy_mapping_pass2_batch_649101da88ec.json
📝 Response logged: 2025-11-09_14-49-31_taxonomy_mapping_pass2_batch_649101da88ec_RESPONSE.json
      Pass 2 (batch of 1) → Invited Keynotes, Named Lectures, Plenaries (avg: 0.80)

  [257] Unknown
      Entries: 11, Subgroups: 0
📝 Prompt logged: 2025-11-09_14-49-31_taxonomy_mapping_pass1_0940b2f26ce2.json
📝 Response logged: 2025-11-09_14-49-34_taxonomy_mapping_pass1_0940b2f26ce2_RESPONSE.json
      Pass 1 → Invitations to Speak/Present (0.95)
📝 Prompt logged: 2025-11-09_14-49-34_taxonomy_mapping_pass2_batch_edc9be96a6ed.json
📝 Response logged: 2025-11-09_14-49-44_taxonomy_mapping_pass2_batch_edc9be96a6ed_RESPONSE.json
      Pass 2 (batch of 11) → Invited Panels, Workshops, Symposia (avg: 0.87)

  [258] Unknown
      Entries: 20, Subgroups: 0
📝 Prompt logged: 2025-11-09_14-49-44_taxonomy_mapping_pass1_b50f5d9c1cae.json
📝 Response logged: 2025-11-09_14-49-48_taxonomy_mapping_pass1_b50f5d9c1cae_RESPONSE.json
      Pass 1 → Invitations to Speak/Present (0.95)
📝 Prompt logged: 2025-11-09_14-49-48_taxonomy_mapping_pass2_batch_fa0b58b3021b.json
📝 Response logged: 2025-11-09_14-49-58_taxonomy_mapping_pass2_batch_fa0b58b3021b_RESPONSE.json
      Pass 2 (batch of 20) → Invited Panels, Workshops, Symposia (avg: 0.85)

  [259] Unknown
      Entries: 13, Subgroups: 0
📝 Prompt logged: 2025-11-09_14-49-58_taxonomy_mapping_pass1_dfd261f148d0.json
📝 Response logged: 2025-11-09_14-50-00_taxonomy_mapping_pass1_dfd261f148d0_RESPONSE.json
      Pass 1 → Invitations to Speak/Present (0.95)
📝 Prompt logged: 2025-11-09_14-50-00_taxonomy_mapping_pass2_batch_01bf6a00d535.json
📝 Response logged: 2025-11-09_14-50-13_taxonomy_mapping_pass2_batch_01bf6a00d535_RESPONSE.json
      Pass 2 (batch of 13) → Invited Panels, Workshops, Symposia (avg: 0.86)

  [260] Unknown
      Entries: 11, Subgroups: 0
📝 Prompt logged: 2025-11-09_14-50-13_taxonomy_mapping_pass1_0f90658beb4a.json
📝 Response logged: 2025-11-09_14-50-15_taxonomy_mapping_pass1_0f90658beb4a_RESPONSE.json
      Pass 1 → Invitations to Speak/Present (0.95)
📝 Prompt logged: 2025-11-09_14-50-15_taxonomy_mapping_pass2_batch_28ac83e9b7c9.json
📝 Response logged: 2025-11-09_14-50-28_taxonomy_mapping_pass2_batch_28ac83e9b7c9_RESPONSE.json
      Pass 2 (batch of 11) → Invited Panels, Workshops, Symposia (avg: 0.86)

  [261] Unknown
      Entries: 16, Subgroups: 0
📝 Prompt logged: 2025-11-09_14-50-28_taxonomy_mapping_pass1_61056e8646bf.json
📝 Response logged: 2025-11-09_14-50-32_taxonomy_mapping_pass1_61056e8646bf_RESPONSE.json
      Pass 1 → Invitations to Speak/Present (0.95)
📝 Prompt logged: 2025-11-09_14-50-32_taxonomy_mapping_pass2_batch_411d389102f7.json
📝 Response logged: 2025-11-09_14-50-52_taxonomy_mapping_pass2_batch_411d389102f7_RESPONSE.json
      Pass 2 (batch of 16) → Invited Panels, Workshops, Symposia (avg: 0.86)

  [262] Unknown
      Entries: 31, Subgroups: 0
📝 Prompt logged: 2025-11-09_14-50-52_taxonomy_mapping_pass1_4190be110b07.json
📝 Response logged: 2025-11-09_14-50-55_taxonomy_mapping_pass1_4190be110b07_RESPONSE.json
      Pass 1 → Invitations to Speak/Present (0.95)
📝 Prompt logged: 2025-11-09_14-50-55_taxonomy_mapping_pass2_batch_413309ff71c7.json
📝 Response logged: 2025-11-09_14-51-11_taxonomy_mapping_pass2_batch_413309ff71c7_RESPONSE.json
      Pass 2 (batch of 31) → Submitted Abstracts/Presentations (avg: 0.84)

  [263] Unknown
      Entries: 23, Subgroups: 0
📝 Prompt logged: 2025-11-09_14-51-11_taxonomy_mapping_pass1_9784316cbca8.json
📝 Response logged: 2025-11-09_14-51-14_taxonomy_mapping_pass1_9784316cbca8_RESPONSE.json
      Pass 1 → Invitations to Speak/Present (0.95)
📝 Prompt logged: 2025-11-09_14-51-14_taxonomy_mapping_pass2_batch_9e180c04db52.json
📝 Response logged: 2025-11-09_14-51-29_taxonomy_mapping_pass2_batch_9e180c04db52_RESPONSE.json
      Pass 2 (batch of 23) → Invited Panels, Workshops, Symposia (avg: 0.84)

  [264] Unknown
      Entries: 14, Subgroups: 0
📝 Prompt logged: 2025-11-09_14-51-29_taxonomy_mapping_pass1_a09424fcafca.json
📝 Response logged: 2025-11-09_14-51-33_taxonomy_mapping_pass1_a09424fcafca_RESPONSE.json
      Pass 1 → Educational Contributions (0.85)
📝 Prompt logged: 2025-11-09_14-51-33_taxonomy_mapping_pass2_batch_1d0d9097a519.json
📝 Response logged: 2025-11-09_14-51-47_taxonomy_mapping_pass2_batch_1d0d9097a519_RESPONSE.json
      Pass 2 (batch of 14) → Didactic Teaching (courses taught) (avg: 0.76)

  [265] Unknown
      Entries: 13, Subgroups: 0
📝 Prompt logged: 2025-11-09_14-51-47_taxonomy_mapping_pass1_b6e4259ed387.json
📝 Response logged: 2025-11-09_14-51-52_taxonomy_mapping_pass1_b6e4259ed387_RESPONSE.json
      Pass 1 → Invitations to Speak/Present (0.95)
📝 Prompt logged: 2025-11-09_14-51-52_taxonomy_mapping_pass2_batch_d934826a3d2f.json
📝 Response logged: 2025-11-09_15-02-00_taxonomy_mapping_pass2_batch_d934826a3d2f_RESPONSE.json
      Pass 2 (batch of 13) → Invited Panels, Workshops, Symposia (avg: 0.85)

  [266] Unknown
      Entries: 23, Subgroups: 0
📝 Prompt logged: 2025-11-09_15-02-00_taxonomy_mapping_pass1_7e16460c167a.json
📝 Response logged: 2025-11-09_15-02-03_taxonomy_mapping_pass1_7e16460c167a_RESPONSE.json
      Pass 1 → Invitations to Speak/Present (0.95)
📝 Prompt logged: 2025-11-09_15-02-03_taxonomy_mapping_pass2_batch_8e1c9927d967.json
📝 Response logged: 2025-11-09_15-02-12_taxonomy_mapping_pass2_batch_8e1c9927d967_RESPONSE.json
      Pass 2 (batch of 23) → Invited Panels, Workshops, Symposia (avg: 0.79)

  [267] Unknown
      Entries: 1, Subgroups: 0
📝 Prompt logged: 2025-11-09_15-02-12_taxonomy_mapping_pass1_9bcc1b35c081.json
📝 Response logged: 2025-11-09_15-02-14_taxonomy_mapping_pass1_9bcc1b35c081_RESPONSE.json
      Pass 1 → Personal Data / Contact Information (0.95)
      Router → Skip Pass 2 (direct to extraction)

  [268] Unknown
      Entries: 1, Subgroups: 0
📝 Prompt logged: 2025-11-09_15-02-14_taxonomy_mapping_pass1_cafe844b1c89.json
📝 Response logged: 2025-11-09_15-02-17_taxonomy_mapping_pass1_cafe844b1c89_RESPONSE.json
      Pass 1 → Invitations to Speak/Present (0.95)
📝 Prompt logged: 2025-11-09_15-02-17_taxonomy_mapping_pass2_batch_d4538b1f6bda.json
📝 Response logged: 2025-11-09_15-02-19_taxonomy_mapping_pass2_batch_d4538b1f6bda_RESPONSE.json
      Pass 2 (batch of 1) → Invited Panels, Workshops, Symposia (avg: 0.85)

  [269] Unknown
      Entries: 4, Subgroups: 0
📝 Prompt logged: 2025-11-09_15-02-19_taxonomy_mapping_pass1_bf493a5ace34.json
📝 Response logged: 2025-11-09_15-02-22_taxonomy_mapping_pass1_bf493a5ace34_RESPONSE.json
      Pass 1 → Invitations to Speak/Present (0.95)
📝 Prompt logged: 2025-11-09_15-02-22_taxonomy_mapping_pass2_batch_5bc249bfe0ef.json
📝 Response logged: 2025-11-09_15-02-29_taxonomy_mapping_pass2_batch_5bc249bfe0ef_RESPONSE.json
      Pass 2 (batch of 4) → Invited Panels, Workshops, Symposia (avg: 0.85)

  [270] Unknown
      Entries: 0, Subgroups: 19
📝 Prompt logged: 2025-11-09_15-02-29_taxonomy_mapping_pass1_660974563713.json
📝 Response logged: 2025-11-09_15-02-31_taxonomy_mapping_pass1_660974563713_RESPONSE.json
      Pass 1 → Postdoctoral Training (0.95)

    [271] Unknown
        Entries: 3, Subgroups: 0
📝 Prompt logged: 2025-11-09_15-02-31_taxonomy_mapping_pass1_401c327dad53.json
📝 Response logged: 2025-11-09_15-02-33_taxonomy_mapping_pass1_401c327dad53_RESPONSE.json
        Pass 1 → Postdoctoral Training (0.95)
        Pass 2 → Failed: No confusion info for parent: C

    [272] Unknown
        Entries: 2, Subgroups: 0
📝 Prompt logged: 2025-11-09_15-02-33_taxonomy_mapping_pass1_64f4a1187350.json
📝 Response logged: 2025-11-09_15-02-35_taxonomy_mapping_pass1_64f4a1187350_RESPONSE.json
        Pass 1 → Honors and Awards (0.95)

    [273] Unknown
        Entries: 3, Subgroups: 0
📝 Prompt logged: 2025-11-09_15-02-35_taxonomy_mapping_pass1_2fcf8c3f0f1d.json
📝 Response logged: 2025-11-09_15-02-37_taxonomy_mapping_pass1_2fcf8c3f0f1d_RESPONSE.json
        Pass 1 → Honors and Awards (0.95)

    [274] Unknown
        Entries: 2, Subgroups: 0
📝 Prompt logged: 2025-11-09_15-02-37_taxonomy_mapping_pass1_841e3d8cf721.json
📝 Response logged: 2025-11-09_15-02-38_taxonomy_mapping_pass1_841e3d8cf721_RESPONSE.json
        Pass 1 → Honors and Awards (0.95)

    [275] Unknown
        Entries: 3, Subgroups: 0
📝 Prompt logged: 2025-11-09_15-02-38_taxonomy_mapping_pass1_7b99513b307d.json
📝 Response logged: 2025-11-09_15-02-40_taxonomy_mapping_pass1_7b99513b307d_RESPONSE.json
        Pass 1 → Honors and Awards (0.95)

    [276] Unknown
        Entries: 3, Subgroups: 0
📝 Prompt logged: 2025-11-09_15-02-40_taxonomy_mapping_pass1_9fb0ab0feb8f.json
📝 Response logged: 2025-11-09_15-02-43_taxonomy_mapping_pass1_9fb0ab0feb8f_RESPONSE.json
        Pass 1 → Honors and Awards (0.95)

    [277] Unknown
        Entries: 2, Subgroups: 0
📝 Prompt logged: 2025-11-09_15-02-43_taxonomy_mapping_pass1_d340e8a8cd9e.json
📝 Response logged: 2025-11-09_15-02-46_taxonomy_mapping_pass1_d340e8a8cd9e_RESPONSE.json
        Pass 1 → Honors and Awards (0.95)

    [278] Unknown
        Entries: 3, Subgroups: 0
📝 Prompt logged: 2025-11-09_15-02-46_taxonomy_mapping_pass1_c2bf20f86c9f.json
📝 Response logged: 2025-11-09_15-02-49_taxonomy_mapping_pass1_c2bf20f86c9f_RESPONSE.json
        Pass 1 → Honors and Awards (0.95)

    [279] Unknown
        Entries: 3, Subgroups: 0
📝 Prompt logged: 2025-11-09_15-02-49_taxonomy_mapping_pass1_06f5348171f7.json
📝 Response logged: 2025-11-09_15-02-51_taxonomy_mapping_pass1_06f5348171f7_RESPONSE.json
        Pass 1 → Honors and Awards (0.95)

    [280] Unknown
        Entries: 4, Subgroups: 0
📝 Prompt logged: 2025-11-09_15-02-51_taxonomy_mapping_pass1_8eaa9c3d7b56.json
📝 Response logged: 2025-11-09_15-02-54_taxonomy_mapping_pass1_8eaa9c3d7b56_RESPONSE.json
        Pass 1 → Honors and Awards (0.95)

    [281] Unknown
        Entries: 1, Subgroups: 0
📝 Prompt logged: 2025-11-09_15-02-54_taxonomy_mapping_pass1_679dbf5d6ef7.json
📝 Response logged: 2025-11-09_15-02-57_taxonomy_mapping_pass1_679dbf5d6ef7_RESPONSE.json
        Pass 1 → Extramural Professional Responsibilities (0.95)
📝 Prompt logged: 2025-11-09_15-02-57_taxonomy_mapping_pass2_batch_9afd74643549.json
📝 Response logged: 2025-11-09_15-03-00_taxonomy_mapping_pass2_batch_9afd74643549_RESPONSE.json
        Pass 2 (batch of 1) → Service on Boards and/or Committees (avg: 0.90)

    [282] Unknown
        Entries: 5, Subgroups: 0
📝 Prompt logged: 2025-11-09_15-03-00_taxonomy_mapping_pass1_8951b9e79e47.json
📝 Response logged: 2025-11-09_15-03-03_taxonomy_mapping_pass1_8951b9e79e47_RESPONSE.json
        Pass 1 → Institutional Administrative Activities (0.90)

    [283] Unknown
        Entries: 1, Subgroups: 0
📝 Prompt logged: 2025-11-09_15-03-03_taxonomy_mapping_pass1_619a46ca12e6.json
📝 Response logged: 2025-11-09_15-03-04_taxonomy_mapping_pass1_619a46ca12e6_RESPONSE.json
        Pass 1 → Professional Positions & Employment (0.95)
📝 Prompt logged: 2025-11-09_15-03-04_taxonomy_mapping_pass2_batch_56cd311113df.json
📝 Response logged: 2025-11-09_15-03-06_taxonomy_mapping_pass2_batch_56cd311113df_RESPONSE.json
        Pass 2 (batch of 1) → Past Academic/Clinical Positions (avg: 0.90)

    [284] Unknown
        Entries: 1, Subgroups: 0
📝 Prompt logged: 2025-11-09_15-03-06_taxonomy_mapping_pass1_46fb0bf9aa3b.json
📝 Response logged: 2025-11-09_15-03-08_taxonomy_mapping_pass1_46fb0bf9aa3b_RESPONSE.json
        Pass 1 → Professional Positions & Employment (0.95)
📝 Prompt logged: 2025-11-09_15-03-08_taxonomy_mapping_pass2_batch_857ad0fa145f.json
📝 Response logged: 2025-11-09_15-03-11_taxonomy_mapping_pass2_batch_857ad0fa145f_RESPONSE.json
        Pass 2 (batch of 1) → Past Academic/Clinical Positions (avg: 0.90)

    [285] Unknown
        Entries: 1, Subgroups: 0
📝 Prompt logged: 2025-11-09_15-03-11_taxonomy_mapping_pass1_d9f1eb3635f1.json
📝 Response logged: 2025-11-09_15-03-41_taxonomy_mapping_pass1_d9f1eb3635f1_RESPONSE.json
        Pass 1 → Research (0.95)
📝 Prompt logged: 2025-11-09_15-03-41_taxonomy_mapping_pass2_batch_56a7ad9310f5.json
📝 Response logged: 2025-11-09_15-03-43_taxonomy_mapping_pass2_batch_56a7ad9310f5_RESPONSE.json
        Pass 2 (batch of 1) → Research Support (Grants/Funding) (avg: 0.90)

    [286] Unknown
        Entries: 21, Subgroups: 0
📝 Prompt logged: 2025-11-09_15-03-43_taxonomy_mapping_pass1_d2e93065179f.json
📝 Response logged: 2025-11-09_15-03-46_taxonomy_mapping_pass1_d2e93065179f_RESPONSE.json
        Pass 1 → Research (0.95)
📝 Prompt logged: 2025-11-09_15-03-46_taxonomy_mapping_pass2_batch_f2f15f99bbbb.json
📝 Response logged: 2025-11-09_15-03-58_taxonomy_mapping_pass2_batch_f2f15f99bbbb_RESPONSE.json
        Pass 2 (batch of 21) → Research Support (Grants/Funding) (avg: 0.87)

    [287] Unknown
        Entries: 1, Subgroups: 0
📝 Prompt logged: 2025-11-09_15-03-58_taxonomy_mapping_pass1_51a6f17068ae.json
📝 Response logged: 2025-11-09_15-04-00_taxonomy_mapping_pass1_51a6f17068ae_RESPONSE.json
        Pass 1 → Research (0.95)
📝 Prompt logged: 2025-11-09_15-04-00_taxonomy_mapping_pass2_batch_9276bb32faee.json
📝 Response logged: 2025-11-09_15-04-02_taxonomy_mapping_pass2_batch_9276bb32faee_RESPONSE.json
        Pass 2 (batch of 1) → Research Support (Grants/Funding) (avg: 0.90)

    [288] Unknown
        Entries: 6, Subgroups: 0
📝 Prompt logged: 2025-11-09_15-04-02_taxonomy_mapping_pass1_5abb0ffbdd99.json
📝 Response logged: 2025-11-09_15-04-05_taxonomy_mapping_pass1_5abb0ffbdd99_RESPONSE.json
        Pass 1 → Research (0.95)
📝 Prompt logged: 2025-11-09_15-04-05_taxonomy_mapping_pass2_batch_bf6a839afe9b.json
📝 Response logged: 2025-11-09_15-04-11_taxonomy_mapping_pass2_batch_bf6a839afe9b_RESPONSE.json
        Pass 2 (batch of 6) → Clinical Trials (avg: 0.87)

    [289] Unknown
        Entries: 2, Subgroups: 0
📝 Prompt logged: 2025-11-09_15-04-11_taxonomy_mapping_pass1_870497f1ddc1.json
📝 Response logged: 2025-11-09_15-04-13_taxonomy_mapping_pass1_870497f1ddc1_RESPONSE.json
        Pass 1 → Research (0.95)
📝 Prompt logged: 2025-11-09_15-04-13_taxonomy_mapping_pass2_batch_31a967de53ed.json
📝 Response logged: 2025-11-09_15-04-16_taxonomy_mapping_pass2_batch_31a967de53ed_RESPONSE.json
        Pass 2 (batch of 2) → Research Activities (Summary) (avg: 0.90)

================================================================================
MAPPING RESULTS (V2)
================================================================================
Classified sections: 289
  High confidence (≥0.85): 289 (100.0%)
Average confidence: 0.925

API Calls:
  Pass 1 (parent): 289
  Pass 2 (child): 205
  Total: 494

Token Usage:
  Prompt: 756,485
  Completion: 74,847
  Total: 831,332

✓ Results saved to: .outputs/phase2_20cvs/2001_Ut_Format_mapped.json
  ✓ 494 calls, 831,332 tokens, 0.925 confidence (3114.3s)
[2/8] 2003_Albrechtjs_Cv...
================================================================================
TWO-PASS HIERARCHICAL TAXONOMY MAPPING (V2)
================================================================================
Input: .outputs/phase2_20cvs/2003_Albrechtjs_Cv_preprocessed.json
Strategy: Pass 1 (20 parents) → Router → Pass 2 (3-9 children)

✓ Loaded segmented CV

Processing 18 top-level groups...

  [1] Unknown
      Entries: 1, Subgroups: 0
📝 Prompt logged: 2025-11-09_15-04-16_taxonomy_mapping_pass1_556bebba0fee.json
📝 Response logged: 2025-11-09_15-04-19_taxonomy_mapping_pass1_556bebba0fee_RESPONSE.json
      Pass 1 → Educational Contributions (0.85)
📝 Prompt logged: 2025-11-09_15-04-19_taxonomy_mapping_pass2_batch_86620ac6b10b.json
📝 Response logged: 2025-11-09_15-04-20_taxonomy_mapping_pass2_batch_86620ac6b10b_RESPONSE.json
      Pass 2 (batch of 1) → Didactic Teaching (courses taught) (avg: 1.00)

  [2] Unknown
      Entries: 1, Subgroups: 0
📝 Prompt logged: 2025-11-09_15-04-20_taxonomy_mapping_pass1_707c6ae0283e.json
📝 Response logged: 2025-11-09_15-04-23_taxonomy_mapping_pass1_707c6ae0283e_RESPONSE.json
      Pass 1 → Personal Data / Contact Information (0.95)
      Router → Skip Pass 2 (direct to extraction)

  [3] Unknown
      Entries: 1, Subgroups: 0
📝 Prompt logged: 2025-11-09_15-04-23_taxonomy_mapping_pass1_978608754116.json
📝 Response logged: 2025-11-09_15-04-25_taxonomy_mapping_pass1_978608754116_RESPONSE.json
      Pass 1 → Professional Positions & Employment (0.95)
📝 Prompt logged: 2025-11-09_15-04-25_taxonomy_mapping_pass2_batch_86b6b622a11a.json
📝 Response logged: 2025-11-09_15-04-27_taxonomy_mapping_pass2_batch_86b6b622a11a_RESPONSE.json
      Pass 2 (batch of 1) → Current Academic/Clinical Positions (avg: 0.90)

  [4] Unknown
      Entries: 1, Subgroups: 0
📝 Prompt logged: 2025-11-09_15-04-27_taxonomy_mapping_pass1_e4c6d1aa11d3.json
📝 Response logged: 2025-11-09_15-04-33_taxonomy_mapping_pass1_e4c6d1aa11d3_RESPONSE.json
      Pass 1 → Professional Positions & Employment (0.85)
📝 Prompt logged: 2025-11-09_15-04-33_taxonomy_mapping_pass2_batch_e51927d63f7b.json
📝 Response logged: 2025-11-09_15-04-36_taxonomy_mapping_pass2_batch_e51927d63f7b_RESPONSE.json
      Pass 2 (batch of 1) → Current Academic/Clinical Positions (avg: 0.90)

  [5] Unknown
      Entries: 1, Subgroups: 1
📝 Prompt logged: 2025-11-09_15-04-36_taxonomy_mapping_pass1_a5c4c8cd69c6.json
📝 Response logged: 2025-11-09_15-04-39_taxonomy_mapping_pass1_a5c4c8cd69c6_RESPONSE.json
      Pass 1 → Professional Positions & Employment (0.85)
📝 Prompt logged: 2025-11-09_15-04-39_taxonomy_mapping_pass2_batch_1fadfe42cc9f.json
📝 Response logged: 2025-11-09_15-04-41_taxonomy_mapping_pass2_batch_1fadfe42cc9f_RESPONSE.json
      Pass 2 (batch of 1) → Current Academic/Clinical Positions (avg: 0.90)

    [6] Unknown
        Entries: 1, Subgroups: 0
📝 Prompt logged: 2025-11-09_15-04-41_taxonomy_mapping_pass1_661b4658c12d.json
📝 Response logged: 2025-11-09_15-04-44_taxonomy_mapping_pass1_661b4658c12d_RESPONSE.json
        Pass 1 → Professional Positions & Employment (0.85)
📝 Prompt logged: 2025-11-09_15-04-44_taxonomy_mapping_pass2_batch_23001b1d6ac3.json
📝 Response logged: 2025-11-09_15-04-46_taxonomy_mapping_pass2_batch_23001b1d6ac3_RESPONSE.json
        Pass 2 (batch of 1) → Current Academic/Clinical Positions (avg: 0.90)

  [7] Unknown
      Entries: 2, Subgroups: 2
📝 Prompt logged: 2025-11-09_15-04-46_taxonomy_mapping_pass1_6c45341db72e.json
📝 Response logged: 2025-11-09_15-04-50_taxonomy_mapping_pass1_6c45341db72e_RESPONSE.json
      Pass 1 → Personal Data / Contact Information (0.95)
      Router → Skip Pass 2 (direct to extraction)

    [8] Unknown
        Entries: 3, Subgroups: 0
📝 Prompt logged: 2025-11-09_15-04-50_taxonomy_mapping_pass1_74b4a2ca25f7.json
📝 Response logged: 2025-11-09_15-04-53_taxonomy_mapping_pass1_74b4a2ca25f7_RESPONSE.json
        Pass 1 → Education (0.95)
📝 Prompt logged: 2025-11-09_15-04-53_taxonomy_mapping_pass2_batch_6e442153b7c8.json
📝 Response logged: 2025-11-09_15-04-57_taxonomy_mapping_pass2_batch_6e442153b7c8_RESPONSE.json
        Pass 2 (batch of 3) → Undergraduate Degree (BA, BS, AB) (avg: 0.93)

    [9] Unknown
        Entries: 1, Subgroups: 0
📝 Prompt logged: 2025-11-09_15-04-57_taxonomy_mapping_pass1_ff7df36094b1.json
📝 Response logged: 2025-11-09_15-04-59_taxonomy_mapping_pass1_ff7df36094b1_RESPONSE.json
        Pass 1 → Postdoctoral Training (0.95)
        Pass 2 → Failed: No confusion info for parent: C

  [10] Unknown
      Entries: 1, Subgroups: 1
📝 Prompt logged: 2025-11-09_15-04-59_taxonomy_mapping_pass1_1d31adac0d43.json
📝 Response logged: 2025-11-09_15-05-05_taxonomy_mapping_pass1_1d31adac0d43_RESPONSE.json
      Pass 1 → Professional Positions & Employment (0.95)
📝 Prompt logged: 2025-11-09_15-05-05_taxonomy_mapping_pass2_batch_3e0f2beded5e.json
📝 Response logged: 2025-11-09_15-05-08_taxonomy_mapping_pass2_batch_3e0f2beded5e_RESPONSE.json
      Pass 2 (batch of 1) → Current Academic/Clinical Positions (avg: 0.90)

    [11] Unknown
        Entries: 1, Subgroups: 0
📝 Prompt logged: 2025-11-09_15-05-08_taxonomy_mapping_pass1_944e23717387.json
📝 Response logged: 2025-11-09_15-05-10_taxonomy_mapping_pass1_944e23717387_RESPONSE.json
        Pass 1 → Professional Positions & Employment (0.95)
📝 Prompt logged: 2025-11-09_15-05-10_taxonomy_mapping_pass2_batch_234ac000af70.json
📝 Response logged: 2025-11-09_15-05-12_taxonomy_mapping_pass2_batch_234ac000af70_RESPONSE.json
        Pass 2 (batch of 1) → Past Academic/Clinical Positions (avg: 0.90)

  [12] Unknown
      Entries: 38, Subgroups: 3
📝 Prompt logged: 2025-11-09_15-05-12_taxonomy_mapping_pass1_0bffde5760a3.json
📝 Response logged: 2025-11-09_15-05-15_taxonomy_mapping_pass1_0bffde5760a3_RESPONSE.json
      Pass 1 → Professional Positions & Employment (0.95)
📝 Prompt logged: 2025-11-09_15-05-15_taxonomy_mapping_pass2_batch_6417be20046b.json
📝 Response logged: 2025-11-09_15-05-23_taxonomy_mapping_pass2_batch_6417be20046b_RESPONSE.json
      Pass 2 (batch of 38) → Department of Epidemiology and Public Health (avg: 0.89)

    [13] Unknown
        Entries: 3, Subgroups: 0
📝 Prompt logged: 2025-11-09_15-05-23_taxonomy_mapping_pass1_0f76f3cb2ae0.json
📝 Response logged: 2025-11-09_15-05-26_taxonomy_mapping_pass1_0f76f3cb2ae0_RESPONSE.json
        Pass 1 → Professional Positions & Employment (0.95)
📝 Prompt logged: 2025-11-09_15-05-26_taxonomy_mapping_pass2_batch_088341b8d912.json
📝 Response logged: 2025-11-09_15-05-30_taxonomy_mapping_pass2_batch_088341b8d912_RESPONSE.json
        Pass 2 (batch of 3) → Past Academic/Clinical Positions (avg: 0.90)

    [14] Unknown
        Entries: 2, Subgroups: 0
📝 Prompt logged: 2025-11-09_15-05-30_taxonomy_mapping_pass1_78a4f8e7fd45.json
📝 Response logged: 2025-11-09_15-05-32_taxonomy_mapping_pass1_78a4f8e7fd45_RESPONSE.json
        Pass 1 → Honors and Awards (0.95)

    [15] Unknown
        Entries: 6, Subgroups: 0
📝 Prompt logged: 2025-11-09_15-05-32_taxonomy_mapping_pass1_f5013c6246be.json
📝 Response logged: 2025-11-09_15-05-34_taxonomy_mapping_pass1_f5013c6246be_RESPONSE.json
        Pass 1 → Professional Organizations and Society Memberships (0.95)

  [16] Unknown
      Entries: 1, Subgroups: 1
📝 Prompt logged: 2025-11-09_15-05-34_taxonomy_mapping_pass1_59acfbdc35b2.json
📝 Response logged: 2025-11-09_15-05-37_taxonomy_mapping_pass1_59acfbdc35b2_RESPONSE.json
      Pass 1 → Institutional Administrative Activities (0.95)

    [17] Unknown
        Entries: 1, Subgroups: 0
📝 Prompt logged: 2025-11-09_15-05-37_taxonomy_mapping_pass1_c4e44a4161f3.json
📝 Response logged: 2025-11-09_15-05-39_taxonomy_mapping_pass1_c4e44a4161f3_RESPONSE.json
        Pass 1 → Institutional Administrative Activities (0.95)

  [18] Unknown
      Entries: 2, Subgroups: 3
📝 Prompt logged: 2025-11-09_15-05-39_taxonomy_mapping_pass1_40951599d588.json
📝 Response logged: 2025-11-09_15-05-42_taxonomy_mapping_pass1_40951599d588_RESPONSE.json
      Pass 1 → Institutional Administrative Activities (0.95)

    [19] Unknown
        Entries: 21, Subgroups: 0
📝 Prompt logged: 2025-11-09_15-05-42_taxonomy_mapping_pass1_9339a4b69994.json
📝 Response logged: 2025-11-09_15-05-55_taxonomy_mapping_pass1_9339a4b69994_RESPONSE.json
        Pass 1 → Extramural Professional Responsibilities (0.95)
📝 Prompt logged: 2025-11-09_15-05-55_taxonomy_mapping_pass2_batch_42da3716ef7e.json
📝 Response logged: 2025-11-09_15-06-09_taxonomy_mapping_pass2_batch_42da3716ef7e_RESPONSE.json
        Pass 2 (batch of 21) → Editorial Board Membership (avg: 1.00)

    [20] Unknown
        Entries: 2, Subgroups: 0
📝 Prompt logged: 2025-11-09_15-06-09_taxonomy_mapping_pass1_899cf6fd5a83.json
📝 Response logged: 2025-11-09_15-06-12_taxonomy_mapping_pass1_899cf6fd5a83_RESPONSE.json
        Pass 1 → Invitations to Speak/Present (0.95)
📝 Prompt logged: 2025-11-09_15-06-12_taxonomy_mapping_pass2_batch_91325375ffcb.json
📝 Response logged: 2025-11-09_15-06-16_taxonomy_mapping_pass2_batch_91325375ffcb_RESPONSE.json
        Pass 2 (batch of 2) → Invited Keynotes, Named Lectures, Plenaries (avg: 0.80)

    [21] Unknown
        Entries: 9, Subgroups: 0
📝 Prompt logged: 2025-11-09_15-06-16_taxonomy_mapping_pass1_06d86b01834b.json
📝 Response logged: 2025-11-09_15-06-18_taxonomy_mapping_pass1_06d86b01834b_RESPONSE.json
        Pass 1 → Educational Contributions (0.95)
📝 Prompt logged: 2025-11-09_15-06-18_taxonomy_mapping_pass2_batch_970c5a8e5dda.json
📝 Response logged: 2025-11-09_15-06-30_taxonomy_mapping_pass2_batch_970c5a8e5dda_RESPONSE.json
        Pass 2 (batch of 9) → Didactic Teaching (avg: 1.00)

  [22] Unknown
      Entries: 29, Subgroups: 0
📝 Prompt logged: 2025-11-09_15-06-30_taxonomy_mapping_pass1_4217e86c3034.json
📝 Response logged: 2025-11-09_15-06-33_taxonomy_mapping_pass1_4217e86c3034_RESPONSE.json
      Pass 1 → Educational Contributions (0.95)
📝 Prompt logged: 2025-11-09_15-06-33_taxonomy_mapping_pass2_batch_b87226d56db2.json
📝 Response logged: 2025-11-09_15-06-46_taxonomy_mapping_pass2_batch_b87226d56db2_RESPONSE.json
      Pass 2 (batch of 29) → Didactic Teaching (courses taught) (avg: 0.86)

  [23] Unknown
      Entries: 114, Subgroups: 0
📝 Prompt logged: 2025-11-09_15-06-46_taxonomy_mapping_pass1_845c10d3b1a7.json
📝 Response logged: 2025-11-09_15-06-49_taxonomy_mapping_pass1_845c10d3b1a7_RESPONSE.json
      Pass 1 → Bibliography (0.95)
📝 Prompt logged: 2025-11-09_15-06-49_taxonomy_mapping_pass2_batch_8b262dc887ab.json
📝 Response logged: 2025-11-09_15-07-02_taxonomy_mapping_pass2_batch_8b262dc887ab_RESPONSE.json
      Pass 2 (batch of 114) → Peer-Reviewed Research Articles (original research) (avg: 0.93)

  [24] Unknown
      Entries: 1, Subgroups: 0
📝 Prompt logged: 2025-11-09_15-07-02_taxonomy_mapping_pass1_246aa892e9d5.json
📝 Response logged: 2025-11-09_15-07-03_taxonomy_mapping_pass1_246aa892e9d5_RESPONSE.json
      Pass 1 → Bibliography (0.95)
📝 Prompt logged: 2025-11-09_15-07-03_taxonomy_mapping_pass2_batch_d71bbda2e4fa.json
📝 Response logged: 2025-11-09_15-07-05_taxonomy_mapping_pass2_batch_d71bbda2e4fa_RESPONSE.json
      Pass 2 (batch of 1) → Books (avg: 0.90)

  [25] Unknown
      Entries: 59, Subgroups: 0
📝 Prompt logged: 2025-11-09_15-07-05_taxonomy_mapping_pass1_3334c7d2fe20.json
📝 Response logged: 2025-11-09_15-07-08_taxonomy_mapping_pass1_3334c7d2fe20_RESPONSE.json
      Pass 1 → Invitations to Speak/Present (0.95)
📝 Prompt logged: 2025-11-09_15-07-08_taxonomy_mapping_pass2_batch_f9e8e33055dc.json
📝 Response logged: 2025-11-09_15-07-22_taxonomy_mapping_pass2_batch_f9e8e33055dc_RESPONSE.json
      Pass 2 (batch of 59) → Invited Panels, Workshops, Symposia (avg: 0.82)

  [26] Unknown
      Entries: 7, Subgroups: 0
📝 Prompt logged: 2025-11-09_15-07-22_taxonomy_mapping_pass1_02b690b4bc76.json
📝 Response logged: 2025-11-09_15-07-26_taxonomy_mapping_pass1_02b690b4bc76_RESPONSE.json
      Pass 1 → Invitations to Speak/Present (0.95)
📝 Prompt logged: 2025-11-09_15-07-26_taxonomy_mapping_pass2_batch_a4cc304ffff9.json
📝 Response logged: 2025-11-09_15-07-38_taxonomy_mapping_pass2_batch_a4cc304ffff9_RESPONSE.json
      Pass 2 (batch of 7) → Submitted Abstracts/Presentations (avg: 0.89)

  [27] Unknown
      Entries: 2, Subgroups: 0
📝 Prompt logged: 2025-11-09_15-07-38_taxonomy_mapping_pass1_fef18b3a917c.json
📝 Response logged: 2025-11-09_15-07-41_taxonomy_mapping_pass1_fef18b3a917c_RESPONSE.json
      Pass 1 → Invitations to Speak/Present (0.95)
📝 Prompt logged: 2025-11-09_15-07-41_taxonomy_mapping_pass2_batch_888b3b424783.json
📝 Response logged: 2025-11-09_15-07-45_taxonomy_mapping_pass2_batch_888b3b424783_RESPONSE.json
      Pass 2 (batch of 2) → Invited Panels, Workshops, Symposia (avg: 0.85)

  [28] Unknown
      Entries: 1, Subgroups: 0
📝 Prompt logged: 2025-11-09_15-07-45_taxonomy_mapping_pass1_dcdc1fbe9156.json
📝 Response logged: 2025-11-09_15-07-47_taxonomy_mapping_pass1_dcdc1fbe9156_RESPONSE.json
      Pass 1 → Professional Positions & Employment (0.95)
📝 Prompt logged: 2025-11-09_15-07-47_taxonomy_mapping_pass2_batch_d8b3fb3f7c82.json
📝 Response logged: 2025-11-09_15-07-49_taxonomy_mapping_pass2_batch_d8b3fb3f7c82_RESPONSE.json
      Pass 2 (batch of 1) → Past Academic/Clinical Positions (avg: 0.90)

  [29] Unknown
      Entries: 0, Subgroups: 2
📝 Prompt logged: 2025-11-09_15-07-49_taxonomy_mapping_pass1_0d44cae5333e.json
📝 Response logged: 2025-11-09_15-07-53_taxonomy_mapping_pass1_0d44cae5333e_RESPONSE.json
      Pass 1 → Research (0.85)

    [30] Unknown
        Entries: 1, Subgroups: 1
📝 Prompt logged: 2025-11-09_15-07-53_taxonomy_mapping_pass1_e78be9cc2b55.json
📝 Response logged: 2025-11-09_15-07-55_taxonomy_mapping_pass1_e78be9cc2b55_RESPONSE.json
        Pass 1 → Research (0.95)
📝 Prompt logged: 2025-11-09_15-07-55_taxonomy_mapping_pass2_batch_73a50b2a9af0.json
📝 Response logged: 2025-11-09_15-07-59_taxonomy_mapping_pass2_batch_73a50b2a9af0_RESPONSE.json
        Pass 2 (batch of 1) → Research Support (Grants/Funding) (avg: 0.90)

      [31] Unknown
          Entries: 1, Subgroups: 0
📝 Prompt logged: 2025-11-09_15-07-59_taxonomy_mapping_pass1_a57e15ae2908.json
📝 Response logged: 2025-11-09_15-08-01_taxonomy_mapping_pass1_a57e15ae2908_RESPONSE.json
          Pass 1 → Research (0.95)
📝 Prompt logged: 2025-11-09_15-08-01_taxonomy_mapping_pass2_batch_f69e88c23ccc.json
📝 Response logged: 2025-11-09_15-08-04_taxonomy_mapping_pass2_batch_f69e88c23ccc_RESPONSE.json
          Pass 2 (batch of 1) → Research Support (Grants/Funding) (avg: 0.90)

    [32] Unknown
        Entries: 11, Subgroups: 2
📝 Prompt logged: 2025-11-09_15-08-04_taxonomy_mapping_pass1_4d6de41e6099.json
📝 Response logged: 2025-11-09_15-08-06_taxonomy_mapping_pass1_4d6de41e6099_RESPONSE.json
        Pass 1 → Research (0.95)
📝 Prompt logged: 2025-11-09_15-08-06_taxonomy_mapping_pass2_batch_b8577fe28af2.json
📝 Response logged: 2025-11-09_15-08-17_taxonomy_mapping_pass2_batch_b8577fe28af2_RESPONSE.json
        Pass 2 (batch of 11) → Research Activities (Summary) (avg: 0.92)

      [33] Unknown
          Entries: 3, Subgroups: 0
📝 Prompt logged: 2025-11-09_15-08-17_taxonomy_mapping_pass1_3afc39b876a7.json
📝 Response logged: 2025-11-09_15-08-21_taxonomy_mapping_pass1_3afc39b876a7_RESPONSE.json
          Pass 1 → Research (0.95)
📝 Prompt logged: 2025-11-09_15-08-21_taxonomy_mapping_pass2_batch_89be07b2d3ae.json
📝 Response logged: 2025-11-09_15-08-25_taxonomy_mapping_pass2_batch_89be07b2d3ae_RESPONSE.json
          Pass 2 (batch of 3) → Research Support (Grants/Funding) (avg: 0.90)

      [34] Unknown
          Entries: 1, Subgroups: 0
📝 Prompt logged: 2025-11-09_15-08-25_taxonomy_mapping_pass1_ca649a0aafb5.json
📝 Response logged: 2025-11-09_15-08-27_taxonomy_mapping_pass1_ca649a0aafb5_RESPONSE.json
          Pass 1 → Bibliography (0.95)
📝 Prompt logged: 2025-11-09_15-08-27_taxonomy_mapping_pass2_batch_e4e6dec4b7bf.json
📝 Response logged: 2025-11-09_15-08-31_taxonomy_mapping_pass2_batch_e4e6dec4b7bf_RESPONSE.json
          Pass 2 (batch of 1) → Peer-Reviewed Research Articles (original research) (avg: 0.90)

================================================================================
MAPPING RESULTS (V2)
================================================================================
Classified sections: 34
  High confidence (≥0.85): 34 (100.0%)
Average confidence: 0.935

API Calls:
  Pass 1 (parent): 34
  Pass 2 (child): 25
  Total: 59

Token Usage:
  Prompt: 79,396
  Completion: 9,036
  Total: 88,432

✓ Results saved to: .outputs/phase2_20cvs/2003_Albrechtjs_Cv_mapped.json
  ✓ 59 calls, 88,432 tokens, 0.935 confidence (254.7s)
[3/8] 2004_Almasri_Mahmoud...
================================================================================
TWO-PASS HIERARCHICAL TAXONOMY MAPPING (V2)
================================================================================
Input: .outputs/phase2_20cvs/2004_Almasri_Mahmoud_preprocessed.json
Strategy: Pass 1 (20 parents) → Router → Pass 2 (3-9 children)

✓ Loaded segmented CV

Processing 81 top-level groups...

  [1] Unknown
      Entries: 1, Subgroups: 0
📝 Prompt logged: 2025-11-09_15-08-31_taxonomy_mapping_pass1_d1371c3bee96.json
📝 Response logged: 2025-11-09_15-08-33_taxonomy_mapping_pass1_d1371c3bee96_RESPONSE.json
      Pass 1 → Personal Data / Contact Information (0.95)
      Router → Skip Pass 2 (direct to extraction)

  [2] Unknown
      Entries: 1, Subgroups: 0
📝 Prompt logged: 2025-11-09_15-08-33_taxonomy_mapping_pass1_556bebba0fee.json
📝 Response logged: 2025-11-09_15-08-35_taxonomy_mapping_pass1_556bebba0fee_RESPONSE.json
      Pass 1 → Educational Contributions (0.85)
📝 Prompt logged: 2025-11-09_15-08-35_taxonomy_mapping_pass2_batch_86620ac6b10b.json
📝 Response logged: 2025-11-09_15-08-37_taxonomy_mapping_pass2_batch_86620ac6b10b_RESPONSE.json
      Pass 2 (batch of 1) → Didactic Teaching (courses taught) (avg: 1.00)

  [3] Unknown
      Entries: 1, Subgroups: 1
📝 Prompt logged: 2025-11-09_15-08-37_taxonomy_mapping_pass1_9936b6abb959.json
📝 Response logged: 2025-11-09_15-08-38_taxonomy_mapping_pass1_9936b6abb959_RESPONSE.json
      Pass 1 → Personal Data / Contact Information (0.95)
      Router → Skip Pass 2 (direct to extraction)

    [4] Unknown
        Entries: 1, Subgroups: 0
📝 Prompt logged: 2025-11-09_15-08-38_taxonomy_mapping_pass1_2cba11c18e01.json
📝 Response logged: 2025-11-09_15-08-41_taxonomy_mapping_pass1_2cba11c18e01_RESPONSE.json
        Pass 1 → Personal Data / Contact Information (0.85)
        Router → Skip Pass 2 (direct to extraction)

  [5] Unknown
      Entries: 1, Subgroups: 0
📝 Prompt logged: 2025-11-09_15-08-41_taxonomy_mapping_pass1_5e3179b23de9.json
📝 Response logged: 2025-11-09_15-08-43_taxonomy_mapping_pass1_5e3179b23de9_RESPONSE.json
      Pass 1 → Personal Data / Contact Information (0.95)
      Router → Skip Pass 2 (direct to extraction)

  [6] Unknown
      Entries: 0, Subgroups: 1
📝 Prompt logged: 2025-11-09_15-08-43_taxonomy_mapping_pass1_e995958c8b99.json
📝 Response logged: 2025-11-09_15-08-45_taxonomy_mapping_pass1_e995958c8b99_RESPONSE.json
      Pass 1 → Personal Data / Contact Information (0.95)
      Router → Skip Pass 2 (direct to extraction)

    [7] Unknown
        Entries: 1, Subgroups: 0
📝 Prompt logged: 2025-11-09_15-08-45_taxonomy_mapping_pass1_499f3ac415d9.json
📝 Response logged: 2025-11-09_15-08-47_taxonomy_mapping_pass1_499f3ac415d9_RESPONSE.json
        Pass 1 → Personal Data / Contact Information (0.95)
        Router → Skip Pass 2 (direct to extraction)

  [8] Unknown
      Entries: 0, Subgroups: 5
📝 Prompt logged: 2025-11-09_15-08-47_taxonomy_mapping_pass1_e4b9e9814a10.json
📝 Response logged: 2025-11-09_15-08-50_taxonomy_mapping_pass1_e4b9e9814a10_RESPONSE.json
      Pass 1 → Professional Positions & Employment (0.95)

    [9] Unknown
        Entries: 1, Subgroups: 0
📝 Prompt logged: 2025-11-09_15-08-50_taxonomy_mapping_pass1_4e20e350f1ca.json
📝 Response logged: 2025-11-09_15-08-52_taxonomy_mapping_pass1_4e20e350f1ca_RESPONSE.json
        Pass 1 → Professional Positions & Employment (0.95)
📝 Prompt logged: 2025-11-09_15-08-52_taxonomy_mapping_pass2_batch_1d43c7266a23.json
📝 Response logged: 2025-11-09_15-08-54_taxonomy_mapping_pass2_batch_1d43c7266a23_RESPONSE.json
        Pass 2 (batch of 1) → Current Academic/Clinical Positions (avg: 0.90)

    [10] Unknown
        Entries: 1, Subgroups: 0
📝 Prompt logged: 2025-11-09_15-08-54_taxonomy_mapping_pass1_b3d1eed23794.json
📝 Response logged: 2025-11-09_15-08-56_taxonomy_mapping_pass1_b3d1eed23794_RESPONSE.json
        Pass 1 → Professional Positions & Employment (0.95)
📝 Prompt logged: 2025-11-09_15-08-56_taxonomy_mapping_pass2_batch_d317c0caa681.json
📝 Response logged: 2025-11-09_15-08-58_taxonomy_mapping_pass2_batch_d317c0caa681_RESPONSE.json
        Pass 2 (batch of 1) → Current Academic/Clinical Positions (avg: 0.90)

    [11] Unknown
        Entries: 2, Subgroups: 0
📝 Prompt logged: 2025-11-09_15-08-58_taxonomy_mapping_pass1_f25c22282aed.json
📝 Response logged: 2025-11-09_15-09-00_taxonomy_mapping_pass1_f25c22282aed_RESPONSE.json
        Pass 1 → Professional Positions & Employment (0.95)
📝 Prompt logged: 2025-11-09_15-09-00_taxonomy_mapping_pass2_batch_0d8ab91f52b3.json
📝 Response logged: 2025-11-09_15-09-03_taxonomy_mapping_pass2_batch_0d8ab91f52b3_RESPONSE.json
        Pass 2 (batch of 2) → Current Academic/Clinical Positions (avg: 0.70)

    [12] Unknown
        Entries: 1, Subgroups: 0
📝 Prompt logged: 2025-11-09_15-09-03_taxonomy_mapping_pass1_0f4c6d7ece74.json
📝 Response logged: 2025-11-09_15-09-05_taxonomy_mapping_pass1_0f4c6d7ece74_RESPONSE.json
        Pass 1 → Professional Positions & Employment (0.95)
📝 Prompt logged: 2025-11-09_15-09-05_taxonomy_mapping_pass2_batch_a44ec3895d81.json
📝 Response logged: 2025-11-09_15-09-08_taxonomy_mapping_pass2_batch_a44ec3895d81_RESPONSE.json
        Pass 2 (batch of 1) → Past Academic/Clinical Positions (avg: 0.90)

    [13] Unknown
        Entries: 1, Subgroups: 0
📝 Prompt logged: 2025-11-09_15-09-08_taxonomy_mapping_pass1_562d993b8a32.json
📝 Response logged: 2025-11-09_15-09-10_taxonomy_mapping_pass1_562d993b8a32_RESPONSE.json
        Pass 1 → Professional Positions & Employment (0.95)
📝 Prompt logged: 2025-11-09_15-09-10_taxonomy_mapping_pass2_batch_b849bf6d09d6.json
📝 Response logged: 2025-11-09_15-09-12_taxonomy_mapping_pass2_batch_b849bf6d09d6_RESPONSE.json
        Pass 2 (batch of 1) → Past Academic/Clinical Positions (avg: 0.90)

  [14] Unknown
      Entries: 1, Subgroups: 4
📝 Prompt logged: 2025-11-09_15-09-12_taxonomy_mapping_pass1_504690a1fdd2.json
📝 Response logged: 2025-11-09_15-09-16_taxonomy_mapping_pass1_504690a1fdd2_RESPONSE.json
      Pass 1 → Postdoctoral Training (0.90)
      Pass 2 → Failed: No confusion info for parent: C

    [15] Unknown
        Entries: 1, Subgroups: 0
📝 Prompt logged: 2025-11-09_15-09-16_taxonomy_mapping_pass1_e31cb5362416.json
📝 Response logged: 2025-11-09_15-09-19_taxonomy_mapping_pass1_e31cb5362416_RESPONSE.json
        Pass 1 → Postdoctoral Training (0.85)
        Pass 2 → Failed: No confusion info for parent: C

    [16] Unknown
        Entries: 8, Subgroups: 0
📝 Prompt logged: 2025-11-09_15-09-19_taxonomy_mapping_pass1_00a1f7a6a2a6.json
📝 Response logged: 2025-11-09_15-09-22_taxonomy_mapping_pass1_00a1f7a6a2a6_RESPONSE.json
        Pass 1 → Honors and Awards (0.85)

    [17] Unknown
        Entries: 1, Subgroups: 0
📝 Prompt logged: 2025-11-09_15-09-22_taxonomy_mapping_pass1_81f0ed8cce06.json
📝 Response logged: 2025-11-09_15-09-24_taxonomy_mapping_pass1_81f0ed8cce06_RESPONSE.json
        Pass 1 → Postdoctoral Training (0.95)
        Pass 2 → Failed: No confusion info for parent: C

    [18] Unknown
        Entries: 5, Subgroups: 0
📝 Prompt logged: 2025-11-09_15-09-24_taxonomy_mapping_pass1_9cb4095e5541.json
📝 Response logged: 2025-11-09_15-09-27_taxonomy_mapping_pass1_9cb4095e5541_RESPONSE.json
        Pass 1 → Honors and Awards (0.85)

  [19] Unknown
      Entries: 4, Subgroups: 4
📝 Prompt logged: 2025-11-09_15-09-27_taxonomy_mapping_pass1_4776d804887b.json
📝 Response logged: 2025-11-09_15-09-29_taxonomy_mapping_pass1_4776d804887b_RESPONSE.json
      Pass 1 → Honors and Awards (0.95)

    [20] Unknown
        Entries: 1, Subgroups: 0
📝 Prompt logged: 2025-11-09_15-09-29_taxonomy_mapping_pass1_a7cf130faad3.json
📝 Response logged: 2025-11-09_15-09-32_taxonomy_mapping_pass1_a7cf130faad3_RESPONSE.json
        Pass 1 → Postdoctoral Training (0.95)
        Pass 2 → Failed: No confusion info for parent: C

    [21] Unknown
        Entries: 5, Subgroups: 0
📝 Prompt logged: 2025-11-09_15-09-32_taxonomy_mapping_pass1_ff1ea25cc307.json
📝 Response logged: 2025-11-09_15-09-39_taxonomy_mapping_pass1_ff1ea25cc307_RESPONSE.json
        Pass 1 → Educational Contributions (0.95)
📝 Prompt logged: 2025-11-09_15-09-39_taxonomy_mapping_pass2_batch_c5d727222431.json
📝 Response logged: 2025-11-09_15-09-47_taxonomy_mapping_pass2_batch_c5d727222431_RESPONSE.json
        Pass 2 (batch of 5) → Doctoral Degree (PhD, MD, DrPH, etc.) (avg: 0.72)

    [22] Unknown
        Entries: 1, Subgroups: 0
📝 Prompt logged: 2025-11-09_15-09-47_taxonomy_mapping_pass1_237fe06b09bf.json
📝 Response logged: 2025-11-09_15-09-49_taxonomy_mapping_pass1_237fe06b09bf_RESPONSE.json
        Pass 1 → Education (0.95)
📝 Prompt logged: 2025-11-09_15-09-49_taxonomy_mapping_pass2_batch_0b0135051228.json
📝 Response logged: 2025-11-09_15-09-51_taxonomy_mapping_pass2_batch_0b0135051228_RESPONSE.json
        Pass 2 (batch of 1) → Doctoral Degree (PhD, MD, DrPH, etc.) (avg: 1.00)

    [23] Unknown
        Entries: 3, Subgroups: 0
📝 Prompt logged: 2025-11-09_15-09-51_taxonomy_mapping_pass1_22ca3d3c3c09.json
📝 Response logged: 2025-11-09_15-09-54_taxonomy_mapping_pass1_22ca3d3c3c09_RESPONSE.json
        Pass 1 → Education (0.85)
📝 Prompt logged: 2025-11-09_15-09-54_taxonomy_mapping_pass2_batch_85155088d05a.json
📝 Response logged: 2025-11-09_15-09-58_taxonomy_mapping_pass2_batch_85155088d05a_RESPONSE.json
        Pass 2 (batch of 3) → Education YOU received (avg: 0.80)

  [24] Unknown
      Entries: 1, Subgroups: 0
📝 Prompt logged: 2025-11-09_15-09-58_taxonomy_mapping_pass1_ad153a9f96df.json
📝 Response logged: 2025-11-09_15-10-01_taxonomy_mapping_pass1_ad153a9f96df_RESPONSE.json
      Pass 1 → Honors and Awards (0.95)

  [25] Unknown
      Entries: 1, Subgroups: 5
📝 Prompt logged: 2025-11-09_15-10-01_taxonomy_mapping_pass1_2dfd60d66707.json
📝 Response logged: 2025-11-09_15-10-04_taxonomy_mapping_pass1_2dfd60d66707_RESPONSE.json
      Pass 1 → Licensure and Certification (0.95)
      Pass 2 → Failed: No confusion info for parent: F

    [26] Unknown
        Entries: 2, Subgroups: 0
📝 Prompt logged: 2025-11-09_15-10-04_taxonomy_mapping_pass1_61c25ac2d407.json
📝 Response logged: 2025-11-09_15-10-06_taxonomy_mapping_pass1_61c25ac2d407_RESPONSE.json
        Pass 1 → Licensure and Certification (0.95)
        Pass 2 → Failed: No confusion info for parent: F

    [27] Unknown
        Entries: 2, Subgroups: 0
📝 Prompt logged: 2025-11-09_15-10-06_taxonomy_mapping_pass1_a166aba185fa.json
📝 Response logged: 2025-11-09_15-10-09_taxonomy_mapping_pass1_a166aba185fa_RESPONSE.json
        Pass 1 → Licensure and Certification (0.95)
        Pass 2 → Failed: No confusion info for parent: F

    [28] Unknown
        Entries: 3, Subgroups: 0
📝 Prompt logged: 2025-11-09_15-10-09_taxonomy_mapping_pass1_30a07eae0069.json
📝 Response logged: 2025-11-09_15-10-13_taxonomy_mapping_pass1_30a07eae0069_RESPONSE.json
        Pass 1 → Licensure and Certification (0.95)
        Pass 2 → Failed: No confusion info for parent: F

    [29] Unknown
        Entries: 1, Subgroups: 0
📝 Prompt logged: 2025-11-09_15-10-13_taxonomy_mapping_pass1_270191b9093f.json
📝 Response logged: 2025-11-09_15-10-16_taxonomy_mapping_pass1_270191b9093f_RESPONSE.json
        Pass 1 → Licensure and Certification (0.95)
        Pass 2 → Failed: No confusion info for parent: F

    [30] Unknown
        Entries: 1, Subgroups: 0
📝 Prompt logged: 2025-11-09_15-10-17_taxonomy_mapping_pass1_b32d8c120a48.json
📝 Response logged: 2025-11-09_15-10-18_taxonomy_mapping_pass1_b32d8c120a48_RESPONSE.json
        Pass 1 → Licensure and Certification (0.95)
        Pass 2 → Failed: No confusion info for parent: F

  [31] Unknown
      Entries: 1, Subgroups: 1
📝 Prompt logged: 2025-11-09_15-10-18_taxonomy_mapping_pass1_de8303e7a415.json
📝 Response logged: 2025-11-09_15-10-22_taxonomy_mapping_pass1_de8303e7a415_RESPONSE.json
      Pass 1 → Licensure and Certification (0.95)
      Pass 2 → Failed: No confusion info for parent: F

    [32] Unknown
        Entries: 2, Subgroups: 0
📝 Prompt logged: 2025-11-09_15-10-22_taxonomy_mapping_pass1_cdfaa5d05098.json
📝 Response logged: 2025-11-09_15-10-25_taxonomy_mapping_pass1_cdfaa5d05098_RESPONSE.json
        Pass 1 → Licensure and Certification (0.85)
        Pass 2 → Failed: No confusion info for parent: F

  [33] Unknown
      Entries: 1, Subgroups: 0
📝 Prompt logged: 2025-11-09_15-10-25_taxonomy_mapping_pass1_bbb5b1949987.json
📝 Response logged: 2025-11-09_15-10-29_taxonomy_mapping_pass1_bbb5b1949987_RESPONSE.json
      Pass 1 → Licensure and Certification (0.95)
      Pass 2 → Failed: No confusion info for parent: F

  [34] Unknown
      Entries: 1, Subgroups: 0
📝 Prompt logged: 2025-11-09_15-10-29_taxonomy_mapping_pass1_118bd2a1ee86.json
📝 Response logged: 2025-11-09_15-10-31_taxonomy_mapping_pass1_118bd2a1ee86_RESPONSE.json
      Pass 1 → Licensure and Certification (0.95)
      Pass 2 → Failed: No confusion info for parent: F

  [35] Unknown
      Entries: 1, Subgroups: 0
📝 Prompt logged: 2025-11-09_15-10-31_taxonomy_mapping_pass1_5ca59618ef4a.json
📝 Response logged: 2025-11-09_15-10-36_taxonomy_mapping_pass1_5ca59618ef4a_RESPONSE.json
      Pass 1 → Licensure and Certification (0.95)
      Pass 2 → Failed: No confusion info for parent: F

  [36] Unknown
      Entries: 1, Subgroups: 0
📝 Prompt logged: 2025-11-09_15-10-36_taxonomy_mapping_pass1_3ba8d49c90f3.json
📝 Response logged: 2025-11-09_15-10-41_taxonomy_mapping_pass1_3ba8d49c90f3_RESPONSE.json
      Pass 1 → Licensure and Certification (0.90)
      Pass 2 → Failed: No confusion info for parent: F

  [37] Unknown
      Entries: 1, Subgroups: 2
📝 Prompt logged: 2025-11-09_15-10-41_taxonomy_mapping_pass1_f716f1c5dc74.json
📝 Response logged: 2025-11-09_15-10-45_taxonomy_mapping_pass1_f716f1c5dc74_RESPONSE.json
      Pass 1 → Invitations to Speak/Present (0.95)
📝 Prompt logged: 2025-11-09_15-10-45_taxonomy_mapping_pass2_batch_f8a511f70721.json
📝 Response logged: 2025-11-09_15-10-47_taxonomy_mapping_pass2_batch_f8a511f70721_RESPONSE.json
      Pass 2 (batch of 1) → Invited Presentations (avg: 0.90)

    [38] Unknown
        Entries: 1, Subgroups: 0
📝 Prompt logged: 2025-11-09_15-10-47_taxonomy_mapping_pass1_6155ec5eabdb.json
📝 Response logged: 2025-11-09_15-10-52_taxonomy_mapping_pass1_6155ec5eabdb_RESPONSE.json
        Pass 1 → Invitations to Speak/Present (0.95)
📝 Prompt logged: 2025-11-09_15-10-52_taxonomy_mapping_pass2_batch_949b8a310c4f.json
📝 Response logged: 2025-11-09_15-10-54_taxonomy_mapping_pass2_batch_949b8a310c4f_RESPONSE.json
        Pass 2 (batch of 1) → Invited Panels, Workshops, Symposia (avg: 0.90)

    [39] Unknown
        Entries: 1, Subgroups: 0
📝 Prompt logged: 2025-11-09_15-10-54_taxonomy_mapping_pass1_e43061d6904a.json
📝 Response logged: 2025-11-09_15-10-56_taxonomy_mapping_pass1_e43061d6904a_RESPONSE.json
        Pass 1 → Invitations to Speak/Present (0.95)
📝 Prompt logged: 2025-11-09_15-10-56_taxonomy_mapping_pass2_batch_7289da5999a4.json
📝 Response logged: 2025-11-09_15-10-59_taxonomy_mapping_pass2_batch_7289da5999a4_RESPONSE.json
        Pass 2 (batch of 1) → Invited Panels, Workshops, Symposia (avg: 0.80)

  [40] Unknown
      Entries: 1, Subgroups: 2
📝 Prompt logged: 2025-11-09_15-10-59_taxonomy_mapping_pass1_96a9df2f3a49.json
📝 Response logged: 2025-11-09_15-11-04_taxonomy_mapping_pass1_96a9df2f3a49_RESPONSE.json
      Pass 1 → Invitations to Speak/Present (0.95)
📝 Prompt logged: 2025-11-09_15-11-04_taxonomy_mapping_pass2_batch_7553044c81a2.json
📝 Response logged: 2025-11-09_15-11-06_taxonomy_mapping_pass2_batch_7553044c81a2_RESPONSE.json
      Pass 2 (batch of 1) → Grand Rounds, Visiting Professorships, Departmental Seminars (avg: 0.80)

    [41] Unknown
        Entries: 2, Subgroups: 0
📝 Prompt logged: 2025-11-09_15-11-06_taxonomy_mapping_pass1_c020142cb0bd.json
📝 Response logged: 2025-11-09_15-11-11_taxonomy_mapping_pass1_c020142cb0bd_RESPONSE.json
        Pass 1 → Invitations to Speak/Present (0.90)
📝 Prompt logged: 2025-11-09_15-11-11_taxonomy_mapping_pass2_batch_5c622f7e68a7.json
📝 Response logged: 2025-11-09_15-11-16_taxonomy_mapping_pass2_batch_5c622f7e68a7_RESPONSE.json
        Pass 2 (batch of 2) → Invited Keynotes, Named Lectures, Plenaries (avg: 0.75)

    [42] Unknown
        Entries: 1, Subgroups: 0
📝 Prompt logged: 2025-11-09_15-11-16_taxonomy_mapping_pass1_4d0bade89106.json
📝 Response logged: 2025-11-09_15-11-20_taxonomy_mapping_pass1_4d0bade89106_RESPONSE.json
        Pass 1 → Invitations to Speak/Present (0.95)
📝 Prompt logged: 2025-11-09_15-11-20_taxonomy_mapping_pass2_batch_9d872c053e8c.json
📝 Response logged: 2025-11-09_15-11-22_taxonomy_mapping_pass2_batch_9d872c053e8c_RESPONSE.json
        Pass 2 (batch of 1) → Invited Panels, Workshops, Symposia (avg: 0.90)

  [43] Unknown
      Entries: 1, Subgroups: 4
📝 Prompt logged: 2025-11-09_15-11-22_taxonomy_mapping_pass1_c55bc96f1566.json
📝 Response logged: 2025-11-09_15-11-26_taxonomy_mapping_pass1_c55bc96f1566_RESPONSE.json
      Pass 1 → Invitations to Speak/Present (0.95)
📝 Prompt logged: 2025-11-09_15-11-26_taxonomy_mapping_pass2_batch_8e0188bdff2d.json
📝 Response logged: 2025-11-09_15-11-32_taxonomy_mapping_pass2_batch_8e0188bdff2d_RESPONSE.json
      Pass 2 (batch of 1) → Grand Rounds, Visiting Professorships, Departmental Seminars (avg: 0.80)

    [44] Unknown
        Entries: 3, Subgroups: 0
📝 Prompt logged: 2025-11-09_15-11-32_taxonomy_mapping_pass1_f7ebfc7ee86e.json
📝 Response logged: 2025-11-09_15-11-37_taxonomy_mapping_pass1_f7ebfc7ee86e_RESPONSE.json
        Pass 1 → Invitations to Speak/Present (0.90)
📝 Prompt logged: 2025-11-09_15-11-37_taxonomy_mapping_pass2_batch_af31023f6a88.json
📝 Response logged: 2025-11-09_15-11-42_taxonomy_mapping_pass2_batch_af31023f6a88_RESPONSE.json
        Pass 2 (batch of 3) → Invited Keynotes, Named Lectures, Plenaries (avg: 0.50)

    [45] Unknown
        Entries: 1, Subgroups: 0
📝 Prompt logged: 2025-11-09_15-11-42_taxonomy_mapping_pass1_c98a1e3972b2.json
📝 Response logged: 2025-11-09_15-11-45_taxonomy_mapping_pass1_c98a1e3972b2_RESPONSE.json
        Pass 1 → Invitations to Speak/Present (0.95)
📝 Prompt logged: 2025-11-09_15-11-45_taxonomy_mapping_pass2_batch_eb15262e68bf.json
📝 Response logged: 2025-11-09_15-11-49_taxonomy_mapping_pass2_batch_eb15262e68bf_RESPONSE.json
        Pass 2 (batch of 1) → Invited Panels, Workshops, Symposia (avg: 0.90)

    [46] Unknown
        Entries: 1, Subgroups: 0
📝 Prompt logged: 2025-11-09_15-11-49_taxonomy_mapping_pass1_da2eeea63996.json
📝 Response logged: 2025-11-09_15-11-53_taxonomy_mapping_pass1_da2eeea63996_RESPONSE.json
        Pass 1 → Invitations to Speak/Present (0.95)
📝 Prompt logged: 2025-11-09_15-11-53_taxonomy_mapping_pass2_batch_5f8e4547f985.json
📝 Response logged: 2025-11-09_15-11-56_taxonomy_mapping_pass2_batch_5f8e4547f985_RESPONSE.json
        Pass 2 (batch of 1) → Invited Panels, Workshops, Symposia (avg: 0.80)

    [47] Unknown
        Entries: 2, Subgroups: 0
📝 Prompt logged: 2025-11-09_15-11-56_taxonomy_mapping_pass1_7410d725e297.json
📝 Response logged: 2025-11-09_15-11-59_taxonomy_mapping_pass1_7410d725e297_RESPONSE.json
        Pass 1 → Clinical Practice, Innovation, and Leadership (0.85)
        Pass 2 → Failed: No confusion info for parent: L

  [48] Unknown
      Entries: 1, Subgroups: 1
📝 Prompt logged: 2025-11-09_15-11-59_taxonomy_mapping_pass1_ddd3fde50825.json
📝 Response logged: 2025-11-09_15-12-03_taxonomy_mapping_pass1_ddd3fde50825_RESPONSE.json
      Pass 1 → Invitations to Speak/Present (0.95)
📝 Prompt logged: 2025-11-09_15-12-03_taxonomy_mapping_pass2_batch_33ea609dbbf4.json
📝 Response logged: 2025-11-09_15-12-06_taxonomy_mapping_pass2_batch_33ea609dbbf4_RESPONSE.json
      Pass 2 (batch of 1) → Invited Keynotes, Named Lectures, Plenaries (avg: 0.80)

    [49] Unknown
        Entries: 4, Subgroups: 0
📝 Prompt logged: 2025-11-09_15-12-06_taxonomy_mapping_pass1_b1fb57d0109d.json
📝 Response logged: 2025-11-09_15-12-09_taxonomy_mapping_pass1_b1fb57d0109d_RESPONSE.json
        Pass 1 → Invitations to Speak/Present (0.90)
📝 Prompt logged: 2025-11-09_15-12-09_taxonomy_mapping_pass2_batch_a59ef76e5ef7.json
📝 Response logged: 2025-11-09_15-12-15_taxonomy_mapping_pass2_batch_a59ef76e5ef7_RESPONSE.json
        Pass 2 (batch of 4) → Invited Keynotes, Named Lectures, Plenaries (avg: 0.55)

  [50] Unknown
      Entries: 1, Subgroups: 1
📝 Prompt logged: 2025-11-09_15-12-15_taxonomy_mapping_pass1_ec47a2297e59.json
📝 Response logged: 2025-11-09_15-12-19_taxonomy_mapping_pass1_ec47a2297e59_RESPONSE.json
      Pass 1 → Invitations to Speak/Present (0.95)
📝 Prompt logged: 2025-11-09_15-12-19_taxonomy_mapping_pass2_batch_06a60b401df6.json
📝 Response logged: 2025-11-09_15-12-23_taxonomy_mapping_pass2_batch_06a60b401df6_RESPONSE.json
      Pass 2 (batch of 1) → Invited Keynotes, Named Lectures, Plenaries (avg: 0.80)

    [51] Unknown
        Entries: 3, Subgroups: 0
📝 Prompt logged: 2025-11-09_15-12-23_taxonomy_mapping_pass1_1f71bad44b19.json
📝 Response logged: 2025-11-09_15-12-26_taxonomy_mapping_pass1_1f71bad44b19_RESPONSE.json
        Pass 1 → Professional Organizations and Society Memberships (0.85)

  [52] Unknown
      Entries: 1, Subgroups: 24
📝 Prompt logged: 2025-11-09_15-12-26_taxonomy_mapping_pass1_b7b1dab85d73.json
📝 Response logged: 2025-11-09_15-12-29_taxonomy_mapping_pass1_b7b1dab85d73_RESPONSE.json
      Pass 1 → Invitations to Speak/Present (0.95)
📝 Prompt logged: 2025-11-09_15-12-29_taxonomy_mapping_pass2_batch_dcc329196a9d.json
📝 Response logged: 2025-11-09_15-12-31_taxonomy_mapping_pass2_batch_dcc329196a9d_RESPONSE.json
      Pass 2 (batch of 1) → Invited Keynotes, Named Lectures, Plenaries (avg: 0.80)

    [53] Unknown
        Entries: 3, Subgroups: 0
📝 Prompt logged: 2025-11-09_15-12-31_taxonomy_mapping_pass1_47c6355fb2f5.json
📝 Response logged: 2025-11-09_15-12-34_taxonomy_mapping_pass1_47c6355fb2f5_RESPONSE.json
        Pass 1 → Invitations to Speak/Present (0.95)
📝 Prompt logged: 2025-11-09_15-12-34_taxonomy_mapping_pass2_batch_68dfa6677b9f.json
📝 Response logged: 2025-11-09_15-12-39_taxonomy_mapping_pass2_batch_68dfa6677b9f_RESPONSE.json
        Pass 2 (batch of 3) → Invited Panels, Workshops, Symposia (avg: 0.80)

    [54] Unknown
        Entries: 4, Subgroups: 0
📝 Prompt logged: 2025-11-09_15-12-39_taxonomy_mapping_pass1_1224144303c4.json
📝 Response logged: 2025-11-09_15-12-42_taxonomy_mapping_pass1_1224144303c4_RESPONSE.json
        Pass 1 → Invitations to Speak/Present (0.85)
📝 Prompt logged: 2025-11-09_15-12-42_taxonomy_mapping_pass2_batch_f5930c96dfd2.json
📝 Response logged: 2025-11-09_15-12-50_taxonomy_mapping_pass2_batch_f5930c96dfd2_RESPONSE.json
        Pass 2 (batch of 4) → Invited Panels, Workshops, Symposia (avg: 0.81)

    [55] Unknown
        Entries: 3, Subgroups: 0
📝 Prompt logged: 2025-11-09_15-12-50_taxonomy_mapping_pass1_621960a02f1b.json
📝 Response logged: 2025-11-09_15-12-53_taxonomy_mapping_pass1_621960a02f1b_RESPONSE.json
        Pass 1 → Invitations to Speak/Present (0.95)
📝 Prompt logged: 2025-11-09_15-12-53_taxonomy_mapping_pass2_batch_f85c501e02e7.json
📝 Response logged: 2025-11-09_15-12-58_taxonomy_mapping_pass2_batch_f85c501e02e7_RESPONSE.json
        Pass 2 (batch of 3) → Invited Keynotes, Named Lectures, Plenaries (avg: 0.70)

    [56] Unknown
        Entries: 2, Subgroups: 0
📝 Prompt logged: 2025-11-09_15-12-58_taxonomy_mapping_pass1_3aa159207a29.json
📝 Response logged: 2025-11-09_15-13-00_taxonomy_mapping_pass1_3aa159207a29_RESPONSE.json
        Pass 1 → Licensure and Certification (0.95)
        Pass 2 → Failed: No confusion info for parent: F

    [57] Unknown
        Entries: 1, Subgroups: 0
📝 Prompt logged: 2025-11-09_15-13-00_taxonomy_mapping_pass1_2d23be47c31f.json
📝 Response logged: 2025-11-09_15-13-03_taxonomy_mapping_pass1_2d23be47c31f_RESPONSE.json
        Pass 1 → Licensure and Certification (0.95)
        Pass 2 → Failed: No confusion info for parent: F

    [58] Unknown
        Entries: 1, Subgroups: 0
📝 Prompt logged: 2025-11-09_15-13-03_taxonomy_mapping_pass1_bc4c05c45ee8.json
📝 Response logged: 2025-11-09_15-13-05_taxonomy_mapping_pass1_bc4c05c45ee8_RESPONSE.json
        Pass 1 → Licensure and Certification (0.95)
        Pass 2 → Failed: No confusion info for parent: F

    [59] Unknown
        Entries: 2, Subgroups: 0
📝 Prompt logged: 2025-11-09_15-13-05_taxonomy_mapping_pass1_92926c45cb92.json
📝 Response logged: 2025-11-09_15-13-09_taxonomy_mapping_pass1_92926c45cb92_RESPONSE.json
        Pass 1 → Invitations to Speak/Present (0.85)
📝 Prompt logged: 2025-11-09_15-13-09_taxonomy_mapping_pass2_batch_1f5be5dd7b94.json
📝 Response logged: 2025-11-09_15-13-11_taxonomy_mapping_pass2_batch_1f5be5dd7b94_RESPONSE.json
        Pass 2 (batch of 2) → Didactic Teaching (avg: 0.85)

    [60] Unknown
        Entries: 2, Subgroups: 0
📝 Prompt logged: 2025-11-09_15-13-11_taxonomy_mapping_pass1_93177090f54e.json
📝 Response logged: 2025-11-09_15-13-14_taxonomy_mapping_pass1_93177090f54e_RESPONSE.json
        Pass 1 → Honors and Awards (0.85)

    [61] Unknown
        Entries: 1, Subgroups: 0
📝 Prompt logged: 2025-11-09_15-13-14_taxonomy_mapping_pass1_33d2398b7b73.json
📝 Response logged: 2025-11-09_15-13-18_taxonomy_mapping_pass1_33d2398b7b73_RESPONSE.json
        Pass 1 → Invitations to Speak/Present (0.95)
📝 Prompt logged: 2025-11-09_15-13-18_taxonomy_mapping_pass2_batch_9ef078772df9.json
📝 Response logged: 2025-11-09_15-13-20_taxonomy_mapping_pass2_batch_9ef078772df9_RESPONSE.json
        Pass 2 (batch of 1) → Invited Panels, Workshops, Symposia (avg: 0.90)

    [62] Unknown
        Entries: 2, Subgroups: 0
📝 Prompt logged: 2025-11-09_15-13-20_taxonomy_mapping_pass1_d66a627029ff.json
📝 Response logged: 2025-11-09_15-13-25_taxonomy_mapping_pass1_d66a627029ff_RESPONSE.json
        Pass 1 → Honors and Awards (0.85)

    [63] Unknown
        Entries: 2, Subgroups: 0
📝 Prompt logged: 2025-11-09_15-13-25_taxonomy_mapping_pass1_2e95eb7b3b8a.json
📝 Response logged: 2025-11-09_15-13-27_taxonomy_mapping_pass1_2e95eb7b3b8a_RESPONSE.json
        Pass 1 → Invitations to Speak/Present (0.95)
📝 Prompt logged: 2025-11-09_15-13-27_taxonomy_mapping_pass2_batch_742bffcc524c.json
📝 Response logged: 2025-11-09_15-13-31_taxonomy_mapping_pass2_batch_742bffcc524c_RESPONSE.json
        Pass 2 (batch of 2) → Invited Keynotes, Named Lectures, Plenaries (avg: 0.70)

    [64] Unknown
        Entries: 2, Subgroups: 0
📝 Prompt logged: 2025-11-09_15-13-31_taxonomy_mapping_pass1_08daee792fff.json
📝 Response logged: 2025-11-09_15-13-33_taxonomy_mapping_pass1_08daee792fff_RESPONSE.json
        Pass 1 → Invitations to Speak/Present (0.90)
📝 Prompt logged: 2025-11-09_15-13-33_taxonomy_mapping_pass2_batch_4aa208923a4c.json
📝 Response logged: 2025-11-09_15-13-36_taxonomy_mapping_pass2_batch_4aa208923a4c_RESPONSE.json
        Pass 2 (batch of 2) → Invited Panels, Workshops, Symposia (avg: 0.80)

    [65] Unknown
        Entries: 2, Subgroups: 0
📝 Prompt logged: 2025-11-09_15-13-36_taxonomy_mapping_pass1_e915ab6cff73.json
📝 Response logged: 2025-11-09_15-13-38_taxonomy_mapping_pass1_e915ab6cff73_RESPONSE.json
        Pass 1 → Professional Positions & Employment (0.85)
📝 Prompt logged: 2025-11-09_15-13-38_taxonomy_mapping_pass2_batch_5b82095b7a1f.json
📝 Response logged: 2025-11-09_15-13-42_taxonomy_mapping_pass2_batch_5b82095b7a1f_RESPONSE.json
        Pass 2 (batch of 2) → Past Academic/Clinical Positions (avg: 0.85)

    [66] Unknown
        Entries: 2, Subgroups: 0
📝 Prompt logged: 2025-11-09_15-13-42_taxonomy_mapping_pass1_3da3f04d7460.json
📝 Response logged: 2025-11-09_15-13-46_taxonomy_mapping_pass1_3da3f04d7460_RESPONSE.json
        Pass 1 → Professional Positions & Employment (0.85)
📝 Prompt logged: 2025-11-09_15-13-46_taxonomy_mapping_pass2_batch_8957459a8dc7.json
📝 Response logged: 2025-11-09_15-13-49_taxonomy_mapping_pass2_batch_8957459a8dc7_RESPONSE.json
        Pass 2 (batch of 2) → Past Academic/Clinical Positions (avg: 0.85)

    [67] Unknown
        Entries: 2, Subgroups: 0
📝 Prompt logged: 2025-11-09_15-13-49_taxonomy_mapping_pass1_679325ca9341.json
📝 Response logged: 2025-11-09_15-13-53_taxonomy_mapping_pass1_679325ca9341_RESPONSE.json
        Pass 1 → Professional Positions & Employment (0.85)
📝 Prompt logged: 2025-11-09_15-13-53_taxonomy_mapping_pass2_batch_feb39907604a.json
📝 Response logged: 2025-11-09_15-13-56_taxonomy_mapping_pass2_batch_feb39907604a_RESPONSE.json
        Pass 2 (batch of 2) → Past Academic/Clinical Positions (avg: 0.50)

    [68] Unknown
        Entries: 2, Subgroups: 0
📝 Prompt logged: 2025-11-09_15-13-56_taxonomy_mapping_pass1_9ae95ce1bb39.json
📝 Response logged: 2025-11-09_15-14-00_taxonomy_mapping_pass1_9ae95ce1bb39_RESPONSE.json
        Pass 1 → Invitations to Speak/Present (0.95)
📝 Prompt logged: 2025-11-09_15-14-00_taxonomy_mapping_pass2_batch_392e68e7f403.json
📝 Response logged: 2025-11-09_15-14-03_taxonomy_mapping_pass2_batch_392e68e7f403_RESPONSE.json
        Pass 2 (batch of 2) → Invited Panels, Workshops, Symposia (avg: 0.90)

    [69] Unknown
        Entries: 2, Subgroups: 0
📝 Prompt logged: 2025-11-09_15-14-03_taxonomy_mapping_pass1_8277e7dca2be.json
📝 Response logged: 2025-11-09_15-14-06_taxonomy_mapping_pass1_8277e7dca2be_RESPONSE.json
        Pass 1 → Education (0.85)
📝 Prompt logged: 2025-11-09_15-14-06_taxonomy_mapping_pass2_batch_bbb7a76d7f71.json
📝 Response logged: 2025-11-09_15-14-10_taxonomy_mapping_pass2_batch_bbb7a76d7f71_RESPONSE.json
        Pass 2 (batch of 2) → Continuing Education / Professional Development (avg: 0.90)

    [70] Unknown
        Entries: 2, Subgroups: 0
📝 Prompt logged: 2025-11-09_15-14-10_taxonomy_mapping_pass1_09c831fab3e4.json
📝 Response logged: 2025-11-09_15-14-12_taxonomy_mapping_pass1_09c831fab3e4_RESPONSE.json
        Pass 1 → Invitations to Speak/Present (0.95)
📝 Prompt logged: 2025-11-09_15-14-12_taxonomy_mapping_pass2_batch_cced93e00393.json
📝 Response logged: 2025-11-09_15-14-15_taxonomy_mapping_pass2_batch_cced93e00393_RESPONSE.json
        Pass 2 (batch of 2) → Invited Panels, Workshops, Symposia (avg: 0.90)

    [71] Unknown
        Entries: 2, Subgroups: 0
📝 Prompt logged: 2025-11-09_15-14-15_taxonomy_mapping_pass1_2bb7a8ab17f1.json
📝 Response logged: 2025-11-09_15-14-19_taxonomy_mapping_pass1_2bb7a8ab17f1_RESPONSE.json
        Pass 1 → Invitations to Speak/Present (0.95)
📝 Prompt logged: 2025-11-09_15-14-19_taxonomy_mapping_pass2_batch_3b9def74327d.json
📝 Response logged: 2025-11-09_15-14-23_taxonomy_mapping_pass2_batch_3b9def74327d_RESPONSE.json
        Pass 2 (batch of 2) → Invited Keynotes, Named Lectures, Plenaries (avg: 0.80)

    [72] Unknown
        Entries: 2, Subgroups: 0
📝 Prompt logged: 2025-11-09_15-14-23_taxonomy_mapping_pass1_fb4f89249917.json
📝 Response logged: 2025-11-09_15-14-32_taxonomy_mapping_pass1_fb4f89249917_RESPONSE.json
        Pass 1 → Education (0.85)
📝 Prompt logged: 2025-11-09_15-14-32_taxonomy_mapping_pass2_batch_296fd4f95cd6.json
📝 Response logged: 2025-11-09_15-14-35_taxonomy_mapping_pass2_batch_296fd4f95cd6_RESPONSE.json
        Pass 2 (batch of 2) → Continuing Education / Professional Development (avg: 0.85)

    [73] Unknown
        Entries: 2, Subgroups: 0
📝 Prompt logged: 2025-11-09_15-14-35_taxonomy_mapping_pass1_875f875543e7.json
📝 Response logged: 2025-11-09_15-14-37_taxonomy_mapping_pass1_875f875543e7_RESPONSE.json
        Pass 1 → Licensure and Certification (0.95)
        Pass 2 → Failed: No confusion info for parent: F

    [74] Unknown
        Entries: 1, Subgroups: 0
📝 Prompt logged: 2025-11-09_15-14-37_taxonomy_mapping_pass1_b5ea2b3956b5.json
📝 Response logged: 2025-11-09_15-14-39_taxonomy_mapping_pass1_b5ea2b3956b5_RESPONSE.json
        Pass 1 → Educational Contributions (0.85)
📝 Prompt logged: 2025-11-09_15-14-39_taxonomy_mapping_pass2_batch_83416f723427.json
📝 Response logged: 2025-11-09_15-14-44_taxonomy_mapping_pass2_batch_83416f723427_RESPONSE.json
        Pass 2 (batch of 1) → Didactic Teaching (courses taught) (avg: 0.95)

    [75] Unknown
        Entries: 2, Subgroups: 0
📝 Prompt logged: 2025-11-09_15-14-44_taxonomy_mapping_pass1_7873dbb5ef77.json
📝 Response logged: 2025-11-09_15-14-47_taxonomy_mapping_pass1_7873dbb5ef77_RESPONSE.json
        Pass 1 → Licensure and Certification (0.95)
        Pass 2 → Failed: No confusion info for parent: F

    [76] Unknown
        Entries: 1, Subgroups: 0
📝 Prompt logged: 2025-11-09_15-14-47_taxonomy_mapping_pass1_001560ddcbbb.json
📝 Response logged: 2025-11-09_15-14-50_taxonomy_mapping_pass1_001560ddcbbb_RESPONSE.json
        Pass 1 → Invitations to Speak/Present (0.95)
📝 Prompt logged: 2025-11-09_15-14-50_taxonomy_mapping_pass2_batch_902f97417e2d.json
📝 Response logged: 2025-11-09_15-14-52_taxonomy_mapping_pass2_batch_902f97417e2d_RESPONSE.json
        Pass 2 (batch of 1) → Invited Panels, Workshops, Symposia (avg: 0.90)

  [77] Unknown
      Entries: 1, Subgroups: 0
📝 Prompt logged: 2025-11-09_15-14-52_taxonomy_mapping_pass1_703086f5b18d.json
📝 Response logged: 2025-11-09_15-14-54_taxonomy_mapping_pass1_703086f5b18d_RESPONSE.json
      Pass 1 → Honors and Awards (0.95)

  [78] Unknown
      Entries: 1, Subgroups: 1
📝 Prompt logged: 2025-11-09_15-14-54_taxonomy_mapping_pass1_70b547a1b1ab.json
📝 Response logged: 2025-11-09_15-14-56_taxonomy_mapping_pass1_70b547a1b1ab_RESPONSE.json
      Pass 1 → Honors and Awards (0.95)

    [79] Unknown
        Entries: 1, Subgroups: 0
📝 Prompt logged: 2025-11-09_15-14-56_taxonomy_mapping_pass1_6f9a17a97b40.json
📝 Response logged: 2025-11-09_15-14-58_taxonomy_mapping_pass1_6f9a17a97b40_RESPONSE.json
        Pass 1 → Invitations to Speak/Present (0.95)
📝 Prompt logged: 2025-11-09_15-14-58_taxonomy_mapping_pass2_batch_86d6eb7a3c93.json
📝 Response logged: 2025-11-09_15-15-00_taxonomy_mapping_pass2_batch_86d6eb7a3c93_RESPONSE.json
        Pass 2 (batch of 1) → Invited Keynotes, Named Lectures, Plenaries (avg: 0.80)

  [80] Unknown
      Entries: 3, Subgroups: 12
📝 Prompt logged: 2025-11-09_15-15-00_taxonomy_mapping_pass1_c4dcc209357b.json
📝 Response logged: 2025-11-09_15-15-04_taxonomy_mapping_pass1_c4dcc209357b_RESPONSE.json
      Pass 1 → Honors and Awards (0.95)

    [81] Unknown
        Entries: 2, Subgroups: 0
📝 Prompt logged: 2025-11-09_15-15-04_taxonomy_mapping_pass1_e70e3ca0c461.json
📝 Response logged: 2025-11-09_15-15-05_taxonomy_mapping_pass1_e70e3ca0c461_RESPONSE.json
        Pass 1 → Honors and Awards (0.95)

    [82] Unknown
        Entries: 2, Subgroups: 0
📝 Prompt logged: 2025-11-09_15-15-05_taxonomy_mapping_pass1_7639bfa7bb1f.json
📝 Response logged: 2025-11-09_15-15-07_taxonomy_mapping_pass1_7639bfa7bb1f_RESPONSE.json
        Pass 1 → Honors and Awards (0.90)

    [83] Unknown
        Entries: 2, Subgroups: 0
📝 Prompt logged: 2025-11-09_15-15-07_taxonomy_mapping_pass1_e5a67debf8c3.json
📝 Response logged: 2025-11-09_15-15-09_taxonomy_mapping_pass1_e5a67debf8c3_RESPONSE.json
        Pass 1 → Honors and Awards (0.95)

    [84] Unknown
        Entries: 3, Subgroups: 0
📝 Prompt logged: 2025-11-09_15-15-09_taxonomy_mapping_pass1_a0551e73daab.json
📝 Response logged: 2025-11-09_15-15-11_taxonomy_mapping_pass1_a0551e73daab_RESPONSE.json
        Pass 1 → Honors and Awards (0.95)

    [85] Unknown
        Entries: 2, Subgroups: 0
📝 Prompt logged: 2025-11-09_15-15-11_taxonomy_mapping_pass1_d7138ef5e600.json
📝 Response logged: 2025-11-09_15-15-13_taxonomy_mapping_pass1_d7138ef5e600_RESPONSE.json
        Pass 1 → Professional Positions & Employment (0.95)
📝 Prompt logged: 2025-11-09_15-15-13_taxonomy_mapping_pass2_batch_10ba7c0874ca.json
📝 Response logged: 2025-11-09_15-15-17_taxonomy_mapping_pass2_batch_10ba7c0874ca_RESPONSE.json
        Pass 2 (batch of 2) → Current Academic/Clinical Positions (avg: 0.85)

    [86] Unknown
        Entries: 1, Subgroups: 0
📝 Prompt logged: 2025-11-09_15-15-17_taxonomy_mapping_pass1_25d8469758e1.json
📝 Response logged: 2025-11-09_15-15-20_taxonomy_mapping_pass1_25d8469758e1_RESPONSE.json
        Pass 1 → Professional Positions & Employment (0.95)
📝 Prompt logged: 2025-11-09_15-15-20_taxonomy_mapping_pass2_batch_967a96eb030f.json
📝 Response logged: 2025-11-09_15-15-22_taxonomy_mapping_pass2_batch_967a96eb030f_RESPONSE.json
        Pass 2 (batch of 1) → Current Academic/Clinical Positions (avg: 0.90)

    [87] Unknown
        Entries: 1, Subgroups: 0
📝 Prompt logged: 2025-11-09_15-15-22_taxonomy_mapping_pass1_f4cb8a500e5c.json
📝 Response logged: 2025-11-09_15-15-25_taxonomy_mapping_pass1_f4cb8a500e5c_RESPONSE.json
        Pass 1 → Professional Positions & Employment (0.95)
📝 Prompt logged: 2025-11-09_15-15-25_taxonomy_mapping_pass2_batch_50ed79efbb9d.json
📝 Response logged: 2025-11-09_15-15-29_taxonomy_mapping_pass2_batch_50ed79efbb9d_RESPONSE.json
        Pass 2 (batch of 1) → Current Academic/Clinical Positions (avg: 0.80)

    [88] Unknown
        Entries: 1, Subgroups: 0
📝 Prompt logged: 2025-11-09_15-15-29_taxonomy_mapping_pass1_fe43809e5cdc.json
📝 Response logged: 2025-11-09_15-15-32_taxonomy_mapping_pass1_fe43809e5cdc_RESPONSE.json
        Pass 1 → Institutional Administrative Activities (0.85)

    [89] Unknown
        Entries: 1, Subgroups: 0
📝 Prompt logged: 2025-11-09_15-15-32_taxonomy_mapping_pass1_6c04364b691e.json
📝 Response logged: 2025-11-09_15-15-36_taxonomy_mapping_pass1_6c04364b691e_RESPONSE.json
        Pass 1 → Professional Positions & Employment (0.95)
📝 Prompt logged: 2025-11-09_15-15-36_taxonomy_mapping_pass2_batch_3574e53d749d.json
📝 Response logged: 2025-11-09_15-15-38_taxonomy_mapping_pass2_batch_3574e53d749d_RESPONSE.json
        Pass 2 (batch of 1) → Current Academic/Clinical Positions (avg: 0.90)

    [90] Unknown
        Entries: 2, Subgroups: 0
📝 Prompt logged: 2025-11-09_15-15-38_taxonomy_mapping_pass1_43da21b0717f.json
📝 Response logged: 2025-11-09_15-15-40_taxonomy_mapping_pass1_43da21b0717f_RESPONSE.json
        Pass 1 → Institutional Administrative Activities (0.85)

    [91] Unknown
        Entries: 2, Subgroups: 0
📝 Prompt logged: 2025-11-09_15-15-40_taxonomy_mapping_pass1_eec5dfc56b60.json
📝 Response logged: 2025-11-09_15-15-44_taxonomy_mapping_pass1_eec5dfc56b60_RESPONSE.json
        Pass 1 → Licensure and Certification (0.85)
        Pass 2 → Failed: No confusion info for parent: F

    [92] Unknown
        Entries: 2, Subgroups: 0
📝 Prompt logged: 2025-11-09_15-15-44_taxonomy_mapping_pass1_01c4e45aea34.json
📝 Response logged: 2025-11-09_15-15-46_taxonomy_mapping_pass1_01c4e45aea34_RESPONSE.json
        Pass 1 → Institutional Leadership Activities (0.85)
📝 Prompt logged: 2025-11-09_15-15-46_taxonomy_mapping_pass2_batch_c79d30b0165e.json
📝 Response logged: 2025-11-09_15-15-49_taxonomy_mapping_pass2_batch_c79d30b0165e_RESPONSE.json
        Pass 2 (batch of 2) → Institutional Leadership Activities (executive) (avg: 0.85)

  [93] Unknown
      Entries: 1, Subgroups: 5
📝 Prompt logged: 2025-11-09_15-15-49_taxonomy_mapping_pass1_2c75e3deff07.json
📝 Response logged: 2025-11-09_15-15-52_taxonomy_mapping_pass1_2c75e3deff07_RESPONSE.json
      Pass 1 → Honors and Awards (0.95)

    [94] Unknown
        Entries: 2, Subgroups: 0
📝 Prompt logged: 2025-11-09_15-15-52_taxonomy_mapping_pass1_c0ddf71d7874.json
📝 Response logged: 2025-11-09_15-15-57_taxonomy_mapping_pass1_c0ddf71d7874_RESPONSE.json
        Pass 1 → Honors and Awards (0.85)

    [95] Unknown
        Entries: 2, Subgroups: 0
📝 Prompt logged: 2025-11-09_15-15-57_taxonomy_mapping_pass1_7d24df27eb0a.json
📝 Response logged: 2025-11-09_15-16-00_taxonomy_mapping_pass1_7d24df27eb0a_RESPONSE.json
        Pass 1 → Honors and Awards (0.95)

    [96] Unknown
        Entries: 3, Subgroups: 0
📝 Prompt logged: 2025-11-09_15-16-01_taxonomy_mapping_pass1_3070352e5b73.json
📝 Response logged: 2025-11-09_15-16-04_taxonomy_mapping_pass1_3070352e5b73_RESPONSE.json
        Pass 1 → Honors and Awards (0.95)

    [97] Unknown
        Entries: 3, Subgroups: 0
📝 Prompt logged: 2025-11-09_15-16-05_taxonomy_mapping_pass1_42c6fd681848.json
📝 Response logged: 2025-11-09_15-16-07_taxonomy_mapping_pass1_42c6fd681848_RESPONSE.json
        Pass 1 → Honors and Awards (0.95)

    [98] Unknown
        Entries: 1, Subgroups: 0
📝 Prompt logged: 2025-11-09_15-16-07_taxonomy_mapping_pass1_3edc4435c63b.json
📝 Response logged: 2025-11-09_15-16-09_taxonomy_mapping_pass1_3edc4435c63b_RESPONSE.json
        Pass 1 → Honors and Awards (0.95)

  [99] Unknown
      Entries: 0, Subgroups: 1
📝 Prompt logged: 2025-11-09_15-16-09_taxonomy_mapping_pass1_1ef6395d7170.json
📝 Response logged: 2025-11-09_15-16-11_taxonomy_mapping_pass1_1ef6395d7170_RESPONSE.json
      Pass 1 → Professional Positions & Employment (0.95)

    [100] Unknown
        Entries: 4, Subgroups: 0
📝 Prompt logged: 2025-11-09_15-16-11_taxonomy_mapping_pass1_891379535cd4.json
📝 Response logged: 2025-11-09_15-16-13_taxonomy_mapping_pass1_891379535cd4_RESPONSE.json
        Pass 1 → Professional Positions & Employment (0.95)
📝 Prompt logged: 2025-11-09_15-16-13_taxonomy_mapping_pass2_batch_01418f327fbb.json
📝 Response logged: 2025-11-09_15-16-18_taxonomy_mapping_pass2_batch_01418f327fbb_RESPONSE.json
        Pass 2 (batch of 4) → Current Academic/Clinical Positions (avg: 0.83)

  [101] Unknown
      Entries: 1, Subgroups: 2
📝 Prompt logged: 2025-11-09_15-16-18_taxonomy_mapping_pass1_1f3bddc335e1.json
📝 Response logged: 2025-11-09_15-16-19_taxonomy_mapping_pass1_1f3bddc335e1_RESPONSE.json
      Pass 1 → Professional Positions & Employment (0.95)
📝 Prompt logged: 2025-11-09_15-16-19_taxonomy_mapping_pass2_batch_2f6d786a1045.json
📝 Response logged: 2025-11-09_15-16-21_taxonomy_mapping_pass2_batch_2f6d786a1045_RESPONSE.json
      Pass 2 (batch of 1) → Current Academic/Clinical Positions (avg: 0.90)

    [102] Unknown
        Entries: 3, Subgroups: 0
📝 Prompt logged: 2025-11-09_15-16-21_taxonomy_mapping_pass1_ddb40087f10d.json
📝 Response logged: 2025-11-09_15-16-24_taxonomy_mapping_pass1_ddb40087f10d_RESPONSE.json
        Pass 1 → Professional Positions & Employment (0.95)
📝 Prompt logged: 2025-11-09_15-16-24_taxonomy_mapping_pass2_batch_4e36a98bd771.json
📝 Response logged: 2025-11-09_15-16-28_taxonomy_mapping_pass2_batch_4e36a98bd771_RESPONSE.json
        Pass 2 (batch of 3) → Current Academic/Clinical Positions (avg: 0.80)

    [103] Unknown
        Entries: 3, Subgroups: 0
📝 Prompt logged: 2025-11-09_15-16-28_taxonomy_mapping_pass1_294dcd6cefdb.json
📝 Response logged: 2025-11-09_15-16-30_taxonomy_mapping_pass1_294dcd6cefdb_RESPONSE.json
        Pass 1 → Professional Positions & Employment (0.95)
📝 Prompt logged: 2025-11-09_15-16-30_taxonomy_mapping_pass2_batch_003dfd6b9a09.json
📝 Response logged: 2025-11-09_15-16-34_taxonomy_mapping_pass2_batch_003dfd6b9a09_RESPONSE.json
        Pass 2 (batch of 3) → Current Academic/Clinical Positions (avg: 0.83)

  [104] Unknown
      Entries: 1, Subgroups: 4
📝 Prompt logged: 2025-11-09_15-16-34_taxonomy_mapping_pass1_259cba7c7c21.json
📝 Response logged: 2025-11-09_15-16-36_taxonomy_mapping_pass1_259cba7c7c21_RESPONSE.json
      Pass 1 → Professional Positions & Employment (0.95)
📝 Prompt logged: 2025-11-09_15-16-36_taxonomy_mapping_pass2_batch_36e47e9e5f43.json
📝 Response logged: 2025-11-09_15-16-40_taxonomy_mapping_pass2_batch_36e47e9e5f43_RESPONSE.json
      Pass 2 (batch of 1) → Current Academic/Clinical Positions (avg: 0.90)

    [105] Unknown
        Entries: 3, Subgroups: 0
📝 Prompt logged: 2025-11-09_15-16-40_taxonomy_mapping_pass1_07fc5f0911a9.json
📝 Response logged: 2025-11-09_15-16-42_taxonomy_mapping_pass1_07fc5f0911a9_RESPONSE.json
        Pass 1 → Professional Positions & Employment (0.95)
📝 Prompt logged: 2025-11-09_15-16-42_taxonomy_mapping_pass2_batch_449b4a190b9e.json
📝 Response logged: 2025-11-09_15-16-46_taxonomy_mapping_pass2_batch_449b4a190b9e_RESPONSE.json
        Pass 2 (batch of 3) → Current Academic/Clinical Positions (avg: 0.80)

    [106] Unknown
        Entries: 3, Subgroups: 0
📝 Prompt logged: 2025-11-09_15-16-46_taxonomy_mapping_pass1_d9bfa4f086c1.json
📝 Response logged: 2025-11-09_15-16-50_taxonomy_mapping_pass1_d9bfa4f086c1_RESPONSE.json
        Pass 1 → Professional Positions & Employment (0.95)
📝 Prompt logged: 2025-11-09_15-16-50_taxonomy_mapping_pass2_batch_e4bec95d7dec.json
📝 Response logged: 2025-11-09_15-16-55_taxonomy_mapping_pass2_batch_e4bec95d7dec_RESPONSE.json
        Pass 2 (batch of 3) → Current Academic/Clinical Positions (avg: 0.85)

    [107] Unknown
        Entries: 2, Subgroups: 0
📝 Prompt logged: 2025-11-09_15-16-55_taxonomy_mapping_pass1_6bf03f8b52ac.json
📝 Response logged: 2025-11-09_15-16-56_taxonomy_mapping_pass1_6bf03f8b52ac_RESPONSE.json
        Pass 1 → Professional Positions & Employment (0.95)
📝 Prompt logged: 2025-11-09_15-16-56_taxonomy_mapping_pass2_batch_1a024b3f0ad0.json
📝 Response logged: 2025-11-09_15-16-59_taxonomy_mapping_pass2_batch_1a024b3f0ad0_RESPONSE.json
        Pass 2 (batch of 2) → Current Academic/Clinical Positions (avg: 0.85)

    [108] Unknown
        Entries: 1, Subgroups: 0
📝 Prompt logged: 2025-11-09_15-16-59_taxonomy_mapping_pass1_d560ae57e9ca.json
📝 Response logged: 2025-11-09_15-17-02_taxonomy_mapping_pass1_d560ae57e9ca_RESPONSE.json
        Pass 1 → Clinical Practice, Innovation, and Leadership (0.85)
        Pass 2 → Failed: No confusion info for parent: L

  [109] Unknown
      Entries: 1, Subgroups: 2
📝 Prompt logged: 2025-11-09_15-17-02_taxonomy_mapping_pass1_0b8a7aa51f91.json
📝 Response logged: 2025-11-09_15-17-04_taxonomy_mapping_pass1_0b8a7aa51f91_RESPONSE.json
      Pass 1 → Professional Positions & Employment (0.95)
📝 Prompt logged: 2025-11-09_15-17-04_taxonomy_mapping_pass2_batch_a483bfe2dde7.json
📝 Response logged: 2025-11-09_15-17-05_taxonomy_mapping_pass2_batch_a483bfe2dde7_RESPONSE.json
      Pass 2 (batch of 1) → Past Academic/Clinical Positions (avg: 0.80)

    [110] Unknown
        Entries: 2, Subgroups: 0
📝 Prompt logged: 2025-11-09_15-17-05_taxonomy_mapping_pass1_93143701e656.json
📝 Response logged: 2025-11-09_15-17-08_taxonomy_mapping_pass1_93143701e656_RESPONSE.json
        Pass 1 → Personal Data / Contact Information (0.85)
        Router → Skip Pass 2 (direct to extraction)

    [111] Unknown
        Entries: 1, Subgroups: 0
📝 Prompt logged: 2025-11-09_15-17-08_taxonomy_mapping_pass1_5256da80dd90.json
📝 Response logged: 2025-11-09_15-17-10_taxonomy_mapping_pass1_5256da80dd90_RESPONSE.json
        Pass 1 → Professional Positions & Employment (0.95)
📝 Prompt logged: 2025-11-09_15-17-10_taxonomy_mapping_pass2_batch_547d249732e3.json
📝 Response logged: 2025-11-09_15-17-13_taxonomy_mapping_pass2_batch_547d249732e3_RESPONSE.json
        Pass 2 (batch of 1) → Current Academic/Clinical Positions (avg: 0.80)

  [112] Unknown
      Entries: 1, Subgroups: 2
📝 Prompt logged: 2025-11-09_15-17-13_taxonomy_mapping_pass1_a0ecbbf84e0a.json
📝 Response logged: 2025-11-09_15-17-16_taxonomy_mapping_pass1_a0ecbbf84e0a_RESPONSE.json
      Pass 1 → Professional Positions & Employment (0.95)
📝 Prompt logged: 2025-11-09_15-17-16_taxonomy_mapping_pass2_batch_09c08792ea21.json
📝 Response logged: 2025-11-09_15-17-19_taxonomy_mapping_pass2_batch_09c08792ea21_RESPONSE.json
      Pass 2 (batch of 1) → Past Academic/Clinical Positions (avg: 0.80)

    [113] Unknown
        Entries: 1, Subgroups: 0
📝 Prompt logged: 2025-11-09_15-17-19_taxonomy_mapping_pass1_75fcae4a1dc4.json
📝 Response logged: 2025-11-09_15-17-21_taxonomy_mapping_pass1_75fcae4a1dc4_RESPONSE.json
        Pass 1 → Clinical Practice, Innovation, and Leadership (0.85)
        Pass 2 → Failed: No confusion info for parent: L

    [114] Unknown
        Entries: 1, Subgroups: 0
📝 Prompt logged: 2025-11-09_15-17-21_taxonomy_mapping_pass1_79a93efc1eaf.json
📝 Response logged: 2025-11-09_15-17-24_taxonomy_mapping_pass1_79a93efc1eaf_RESPONSE.json
        Pass 1 → Clinical Practice, Innovation, and Leadership (0.85)
        Pass 2 → Failed: No confusion info for parent: L

  [115] Unknown
      Entries: 1, Subgroups: 5
📝 Prompt logged: 2025-11-09_15-17-24_taxonomy_mapping_pass1_ebf3deb90009.json
📝 Response logged: 2025-11-09_15-17-26_taxonomy_mapping_pass1_ebf3deb90009_RESPONSE.json
      Pass 1 → Professional Positions & Employment (0.95)
📝 Prompt logged: 2025-11-09_15-17-26_taxonomy_mapping_pass2_batch_46817ff11f85.json
📝 Response logged: 2025-11-09_15-17-27_taxonomy_mapping_pass2_batch_46817ff11f85_RESPONSE.json
      Pass 2 (batch of 1) → Past Academic/Clinical Positions (avg: 0.90)

    [116] Unknown
        Entries: 1, Subgroups: 0
📝 Prompt logged: 2025-11-09_15-17-27_taxonomy_mapping_pass1_9e24d7d3da36.json
📝 Response logged: 2025-11-09_15-17-30_taxonomy_mapping_pass1_9e24d7d3da36_RESPONSE.json
        Pass 1 → Personal Data / Contact Information (0.85)
        Router → Skip Pass 2 (direct to extraction)

    [117] Unknown
        Entries: 2, Subgroups: 0
📝 Prompt logged: 2025-11-09_15-17-30_taxonomy_mapping_pass1_80d54e1cebef.json
📝 Response logged: 2025-11-09_15-17-32_taxonomy_mapping_pass1_80d54e1cebef_RESPONSE.json
        Pass 1 → Professional Positions & Employment (0.95)
📝 Prompt logged: 2025-11-09_15-17-32_taxonomy_mapping_pass2_batch_6514d8f04d0f.json
📝 Response logged: 2025-11-09_15-17-36_taxonomy_mapping_pass2_batch_6514d8f04d0f_RESPONSE.json
        Pass 2 (batch of 2) → Past Academic/Clinical Positions (avg: 0.80)

    [118] Unknown
        Entries: 3, Subgroups: 0
📝 Prompt logged: 2025-11-09_15-17-36_taxonomy_mapping_pass1_ea8376fe4413.json
📝 Response logged: 2025-11-09_15-17-38_taxonomy_mapping_pass1_ea8376fe4413_RESPONSE.json
        Pass 1 → Professional Positions & Employment (0.95)
📝 Prompt logged: 2025-11-09_15-17-38_taxonomy_mapping_pass2_batch_70815c1dce7f.json
📝 Response logged: 2025-11-09_15-17-43_taxonomy_mapping_pass2_batch_70815c1dce7f_RESPONSE.json
        Pass 2 (batch of 3) → Past Academic/Clinical Positions (avg: 0.77)

    [119] Unknown
        Entries: 1, Subgroups: 0
📝 Prompt logged: 2025-11-09_15-17-43_taxonomy_mapping_pass1_cd4c4a8d8dcf.json
📝 Response logged: 2025-11-09_15-17-45_taxonomy_mapping_pass1_cd4c4a8d8dcf_RESPONSE.json
        Pass 1 → Clinical Practice, Innovation, and Leadership (0.95)
        Pass 2 → Failed: No confusion info for parent: L

    [120] Unknown
        Entries: 2, Subgroups: 0
📝 Prompt logged: 2025-11-09_15-17-45_taxonomy_mapping_pass1_48d982bb178b.json
📝 Response logged: 2025-11-09_15-17-48_taxonomy_mapping_pass1_48d982bb178b_RESPONSE.json
        Pass 1 → Professional Positions & Employment (0.85)
📝 Prompt logged: 2025-11-09_15-17-48_taxonomy_mapping_pass2_batch_2af9371b73ec.json
📝 Response logged: 2025-11-09_15-17-54_taxonomy_mapping_pass2_batch_2af9371b73ec_RESPONSE.json
        Pass 2 (batch of 2) → Past Academic/Clinical Positions (avg: 0.85)

  [121] Unknown
      Entries: 7, Subgroups: 0
📝 Prompt logged: 2025-11-09_15-17-54_taxonomy_mapping_pass1_d7cf55532e65.json
📝 Response logged: 2025-11-09_15-17-56_taxonomy_mapping_pass1_d7cf55532e65_RESPONSE.json
      Pass 1 → Bibliography (0.95)
📝 Prompt logged: 2025-11-09_15-17-56_taxonomy_mapping_pass2_batch_c5bb52f0e696.json
📝 Response logged: 2025-11-09_15-18-10_taxonomy_mapping_pass2_batch_c5bb52f0e696_RESPONSE.json
      Pass 2 (batch of 7) → In Review / Submitted / In Preparation (avg: 0.91)

  [122] Unknown
      Entries: 2, Subgroups: 0
📝 Prompt logged: 2025-11-09_15-18-10_taxonomy_mapping_pass1_0b604fe3ddb0.json
📝 Response logged: 2025-11-09_15-18-12_taxonomy_mapping_pass1_0b604fe3ddb0_RESPONSE.json
      Pass 1 → Bibliography (0.95)
📝 Prompt logged: 2025-11-09_15-18-12_taxonomy_mapping_pass2_batch_b922d8e3f113.json
📝 Response logged: 2025-11-09_15-18-17_taxonomy_mapping_pass2_batch_b922d8e3f113_RESPONSE.json
      Pass 2 (batch of 2) → Peer-Reviewed Research Articles (original research) (avg: 0.95)

  [123] Unknown
      Entries: 3, Subgroups: 0
📝 Prompt logged: 2025-11-09_15-18-17_taxonomy_mapping_pass1_ca571268536e.json
📝 Response logged: 2025-11-09_15-18-19_taxonomy_mapping_pass1_ca571268536e_RESPONSE.json
      Pass 1 → Bibliography (0.95)
📝 Prompt logged: 2025-11-09_15-18-19_taxonomy_mapping_pass2_batch_e0e797e9e99a.json
📝 Response logged: 2025-11-09_15-18-28_taxonomy_mapping_pass2_batch_e0e797e9e99a_RESPONSE.json
      Pass 2 (batch of 3) → In Review / Submitted / In Preparation (avg: 0.88)

  [124] Unknown
      Entries: 6, Subgroups: 0
📝 Prompt logged: 2025-11-09_15-18-28_taxonomy_mapping_pass1_e33902b255a0.json
📝 Response logged: 2025-11-09_15-18-30_taxonomy_mapping_pass1_e33902b255a0_RESPONSE.json
      Pass 1 → Bibliography (0.95)
📝 Prompt logged: 2025-11-09_15-18-30_taxonomy_mapping_pass2_batch_fc27d06957a7.json
📝 Response logged: 2025-11-09_15-18-39_taxonomy_mapping_pass2_batch_fc27d06957a7_RESPONSE.json
      Pass 2 (batch of 6) → Peer-Reviewed Research Articles (original research) (avg: 0.90)

  [125] Unknown
      Entries: 7, Subgroups: 0
📝 Prompt logged: 2025-11-09_15-18-39_taxonomy_mapping_pass1_15ad0ab86cbe.json
📝 Response logged: 2025-11-09_15-18-41_taxonomy_mapping_pass1_15ad0ab86cbe_RESPONSE.json
      Pass 1 → Bibliography (0.95)
📝 Prompt logged: 2025-11-09_15-18-41_taxonomy_mapping_pass2_batch_e165f8c0e706.json
📝 Response logged: 2025-11-09_15-18-50_taxonomy_mapping_pass2_batch_e165f8c0e706_RESPONSE.json
      Pass 2 (batch of 7) → Peer-Reviewed Research Articles (original research) (avg: 0.87)

  [126] Unknown
      Entries: 2, Subgroups: 0
📝 Prompt logged: 2025-11-09_15-18-50_taxonomy_mapping_pass1_5ebd97b5ac35.json
📝 Response logged: 2025-11-09_15-18-52_taxonomy_mapping_pass1_5ebd97b5ac35_RESPONSE.json
      Pass 1 → Bibliography (0.95)
📝 Prompt logged: 2025-11-09_15-18-52_taxonomy_mapping_pass2_batch_3682b1063110.json
📝 Response logged: 2025-11-09_15-18-56_taxonomy_mapping_pass2_batch_3682b1063110_RESPONSE.json
      Pass 2 (batch of 2) → Reviews & Editorials (synthesis, commentary) (avg: 0.93)

  [127] Unknown
      Entries: 1, Subgroups: 0
📝 Prompt logged: 2025-11-09_15-18-56_taxonomy_mapping_pass1_83d15a7250a8.json
📝 Response logged: 2025-11-09_15-18-58_taxonomy_mapping_pass1_83d15a7250a8_RESPONSE.json
      Pass 1 → Bibliography (0.95)
📝 Prompt logged: 2025-11-09_15-18-58_taxonomy_mapping_pass2_batch_0d49f5411e41.json
📝 Response logged: 2025-11-09_15-19-01_taxonomy_mapping_pass2_batch_0d49f5411e41_RESPONSE.json
      Pass 2 (batch of 1) → Peer-Reviewed Research Articles (original research) (avg: 0.95)

  [128] Unknown
      Entries: 5, Subgroups: 0
📝 Prompt logged: 2025-11-09_15-19-01_taxonomy_mapping_pass1_177e137ee8ae.json
📝 Response logged: 2025-11-09_15-19-03_taxonomy_mapping_pass1_177e137ee8ae_RESPONSE.json
      Pass 1 → Bibliography (0.95)
📝 Prompt logged: 2025-11-09_15-19-03_taxonomy_mapping_pass2_batch_e89dd76c29d8.json
📝 Response logged: 2025-11-09_15-19-11_taxonomy_mapping_pass2_batch_e89dd76c29d8_RESPONSE.json
      Pass 2 (batch of 5) → Peer-Reviewed Research Articles (original research) (avg: 0.88)

  [129] Unknown
      Entries: 11, Subgroups: 0
📝 Prompt logged: 2025-11-09_15-19-11_taxonomy_mapping_pass1_5602dd2b516f.json
📝 Response logged: 2025-11-09_15-19-14_taxonomy_mapping_pass1_5602dd2b516f_RESPONSE.json
      Pass 1 → Bibliography (0.90)
📝 Prompt logged: 2025-11-09_15-19-14_taxonomy_mapping_pass2_batch_bc83b4ffa48b.json
📝 Response logged: 2025-11-09_15-19-28_taxonomy_mapping_pass2_batch_bc83b4ffa48b_RESPONSE.json
      Pass 2 (batch of 11) → Peer-Reviewed Research Articles (original research) (avg: 0.85)

  [130] Unknown
      Entries: 8, Subgroups: 0
📝 Prompt logged: 2025-11-09_15-19-28_taxonomy_mapping_pass1_8a5d90b40124.json
📝 Response logged: 2025-11-09_15-19-30_taxonomy_mapping_pass1_8a5d90b40124_RESPONSE.json
      Pass 1 → Bibliography (0.95)
📝 Prompt logged: 2025-11-09_15-19-30_taxonomy_mapping_pass2_batch_0221c9c31af1.json
📝 Response logged: 2025-11-09_15-19-42_taxonomy_mapping_pass2_batch_0221c9c31af1_RESPONSE.json
      Pass 2 (batch of 8) → Reviews & Editorials (synthesis, commentary) (avg: 0.84)

  [131] Unknown
      Entries: 2, Subgroups: 0
📝 Prompt logged: 2025-11-09_15-19-42_taxonomy_mapping_pass1_e195609d2b86.json
📝 Response logged: 2025-11-09_15-19-44_taxonomy_mapping_pass1_e195609d2b86_RESPONSE.json
      Pass 1 → Personal Data / Contact Information (0.95)
      Router → Skip Pass 2 (direct to extraction)

  [132] Unknown
      Entries: 4, Subgroups: 0
📝 Prompt logged: 2025-11-09_15-19-44_taxonomy_mapping_pass1_e2c6dace0d4c.json
📝 Response logged: 2025-11-09_15-19-46_taxonomy_mapping_pass1_e2c6dace0d4c_RESPONSE.json
      Pass 1 → Bibliography (0.95)
📝 Prompt logged: 2025-11-09_15-19-46_taxonomy_mapping_pass2_batch_ab50659b08d1.json
📝 Response logged: 2025-11-09_15-19-51_taxonomy_mapping_pass2_batch_ab50659b08d1_RESPONSE.json
      Pass 2 (batch of 4) → Peer-Reviewed Research Articles (original research) (avg: 0.89)

  [133] Unknown
      Entries: 1, Subgroups: 0
📝 Prompt logged: 2025-11-09_15-19-51_taxonomy_mapping_pass1_3c80274cad7f.json
📝 Response logged: 2025-11-09_15-19-52_taxonomy_mapping_pass1_3c80274cad7f_RESPONSE.json
      Pass 1 → Bibliography (0.95)
📝 Prompt logged: 2025-11-09_15-19-52_taxonomy_mapping_pass2_batch_a221bea3fff2.json
📝 Response logged: 2025-11-09_15-19-55_taxonomy_mapping_pass2_batch_a221bea3fff2_RESPONSE.json
      Pass 2 (batch of 1) → Peer-Reviewed Research Articles (original research) (avg: 0.90)

  [134] Unknown
      Entries: 1, Subgroups: 0
📝 Prompt logged: 2025-11-09_15-19-55_taxonomy_mapping_pass1_229b2b747064.json
📝 Response logged: 2025-11-09_15-19-57_taxonomy_mapping_pass1_229b2b747064_RESPONSE.json
      Pass 1 → Bibliography (0.85)
📝 Prompt logged: 2025-11-09_15-19-57_taxonomy_mapping_pass2_batch_f81d4cc4ec28.json
📝 Response logged: 2025-11-09_15-19-59_taxonomy_mapping_pass2_batch_f81d4cc4ec28_RESPONSE.json
      Pass 2 (batch of 1) → Peer-Reviewed Research Articles (original research) (avg: 0.90)

  [135] Unknown
      Entries: 1, Subgroups: 0
📝 Prompt logged: 2025-11-09_15-19-59_taxonomy_mapping_pass1_87a4aea7b2a4.json
📝 Response logged: 2025-11-09_15-20-01_taxonomy_mapping_pass1_87a4aea7b2a4_RESPONSE.json
      Pass 1 → Bibliography (0.95)
📝 Prompt logged: 2025-11-09_15-20-01_taxonomy_mapping_pass2_batch_648e83dea8f2.json
📝 Response logged: 2025-11-09_15-20-04_taxonomy_mapping_pass2_batch_648e83dea8f2_RESPONSE.json
      Pass 2 (batch of 1) → Abstracts & Conference Proceedings (avg: 0.90)

  [136] Unknown
      Entries: 4, Subgroups: 0
📝 Prompt logged: 2025-11-09_15-20-04_taxonomy_mapping_pass1_eb0198bad0a1.json
📝 Response logged: 2025-11-09_15-20-06_taxonomy_mapping_pass1_eb0198bad0a1_RESPONSE.json
      Pass 1 → Research (0.95)
📝 Prompt logged: 2025-11-09_15-20-06_taxonomy_mapping_pass2_batch_f621f450a762.json
📝 Response logged: 2025-11-09_15-20-10_taxonomy_mapping_pass2_batch_f621f450a762_RESPONSE.json
      Pass 2 (batch of 4) → Research Activities (Summary) (avg: 0.90)

  [137] Unknown
      Entries: 3, Subgroups: 0
📝 Prompt logged: 2025-11-09_15-20-10_taxonomy_mapping_pass1_14b42847dff6.json
📝 Response logged: 2025-11-09_15-20-12_taxonomy_mapping_pass1_14b42847dff6_RESPONSE.json
      Pass 1 → Bibliography (0.95)
📝 Prompt logged: 2025-11-09_15-20-12_taxonomy_mapping_pass2_batch_167161a4d1d2.json
📝 Response logged: 2025-11-09_15-20-15_taxonomy_mapping_pass2_batch_167161a4d1d2_RESPONSE.json
      Pass 2 (batch of 3) → Chapters (book chapters) (avg: 0.87)

  [138] Unknown
      Entries: 2, Subgroups: 0
📝 Prompt logged: 2025-11-09_15-20-15_taxonomy_mapping_pass1_92826f03e059.json
📝 Response logged: 2025-11-09_15-20-17_taxonomy_mapping_pass1_92826f03e059_RESPONSE.json
      Pass 1 → Bibliography (0.95)
📝 Prompt logged: 2025-11-09_15-20-17_taxonomy_mapping_pass2_batch_eea9e6a28bc1.json
📝 Response logged: 2025-11-09_15-20-21_taxonomy_mapping_pass2_batch_eea9e6a28bc1_RESPONSE.json
      Pass 2 (batch of 2) → In Review / Submitted / In Preparation (avg: 0.88)

  [139] Unknown
      Entries: 5, Subgroups: 0
📝 Prompt logged: 2025-11-09_15-20-21_taxonomy_mapping_pass1_7c4de2bc2101.json
📝 Response logged: 2025-11-09_15-20-24_taxonomy_mapping_pass1_7c4de2bc2101_RESPONSE.json
      Pass 1 → Research (0.95)
📝 Prompt logged: 2025-11-09_15-20-24_taxonomy_mapping_pass2_batch_bb5dcbef096b.json
📝 Response logged: 2025-11-09_15-20-30_taxonomy_mapping_pass2_batch_bb5dcbef096b_RESPONSE.json
      Pass 2 (batch of 5) → Research Activities (Summary) (avg: 0.91)

  [140] Unknown
      Entries: 2, Subgroups: 0
📝 Prompt logged: 2025-11-09_15-20-30_taxonomy_mapping_pass1_04ac25de764d.json
📝 Response logged: 2025-11-09_15-20-34_taxonomy_mapping_pass1_04ac25de764d_RESPONSE.json
      Pass 1 → Invitations to Speak/Present (0.85)
📝 Prompt logged: 2025-11-09_15-20-34_taxonomy_mapping_pass2_batch_553984035729.json
📝 Response logged: 2025-11-09_15-20-38_taxonomy_mapping_pass2_batch_553984035729_RESPONSE.json
      Pass 2 (batch of 2) → Invited Presentations (avg: 0.85)

  [141] Unknown
      Entries: 3, Subgroups: 4
📝 Prompt logged: 2025-11-09_15-20-38_taxonomy_mapping_pass1_7fc00f855aee.json
📝 Response logged: 2025-11-09_15-20-41_taxonomy_mapping_pass1_7fc00f855aee_RESPONSE.json
      Pass 1 → Appendix / Other (0.85)

    [142] Unknown
        Entries: 3, Subgroups: 0
📝 Prompt logged: 2025-11-09_15-20-41_taxonomy_mapping_pass1_807fe1f123f5.json
📝 Response logged: 2025-11-09_15-20-45_taxonomy_mapping_pass1_807fe1f123f5_RESPONSE.json
        Pass 1 → Invitations to Speak/Present (0.85)
📝 Prompt logged: 2025-11-09_15-20-45_taxonomy_mapping_pass2_batch_18f5745641ea.json
📝 Response logged: 2025-11-09_15-20-48_taxonomy_mapping_pass2_batch_18f5745641ea_RESPONSE.json
        Pass 2 (batch of 3) → Submitted Abstracts/Presentations (avg: 0.90)

    [143] Unknown
        Entries: 4, Subgroups: 0
📝 Prompt logged: 2025-11-09_15-20-48_taxonomy_mapping_pass1_384fcae60ee6.json
📝 Response logged: 2025-11-09_15-20-54_taxonomy_mapping_pass1_384fcae60ee6_RESPONSE.json
        Pass 1 → Invitations to Speak/Present (0.85)
📝 Prompt logged: 2025-11-09_15-20-54_taxonomy_mapping_pass2_batch_a51104aadb86.json
📝 Response logged: 2025-11-09_15-20-59_taxonomy_mapping_pass2_batch_a51104aadb86_RESPONSE.json
        Pass 2 (batch of 4) → Grand Rounds, Visiting Professorships, Departmental Seminars (avg: 0.82)

    [144] Unknown
        Entries: 4, Subgroups: 0
📝 Prompt logged: 2025-11-09_15-20-59_taxonomy_mapping_pass1_5ccb53767a22.json
📝 Response logged: 2025-11-09_15-21-42_taxonomy_mapping_pass1_5ccb53767a22_RESPONSE.json
        Pass 1 → Invitations to Speak/Present (0.85)
📝 Prompt logged: 2025-11-09_15-21-42_taxonomy_mapping_pass2_batch_65ab1116d32e.json
📝 Response logged: 2025-11-09_15-21-48_taxonomy_mapping_pass2_batch_65ab1116d32e_RESPONSE.json
        Pass 2 (batch of 4) → Invited Keynotes, Named Lectures, Plenaries (avg: 0.78)

    [145] Unknown
        Entries: 6, Subgroups: 0
📝 Prompt logged: 2025-11-09_15-21-48_taxonomy_mapping_pass1_25aed8405ef7.json
📝 Response logged: 2025-11-09_15-21-51_taxonomy_mapping_pass1_25aed8405ef7_RESPONSE.json
        Pass 1 → Invitations to Speak/Present (0.95)
📝 Prompt logged: 2025-11-09_15-21-51_taxonomy_mapping_pass2_batch_8c8d9a855738.json
📝 Response logged: 2025-11-09_15-22-01_taxonomy_mapping_pass2_batch_8c8d9a855738_RESPONSE.json
        Pass 2 (batch of 6) → Invited Panels, Workshops, Symposia (avg: 0.82)

  [146] Unknown
      Entries: 1, Subgroups: 2
📝 Prompt logged: 2025-11-09_15-22-01_taxonomy_mapping_pass1_ac8fe54593ed.json
📝 Response logged: 2025-11-09_15-22-04_taxonomy_mapping_pass1_ac8fe54593ed_RESPONSE.json
      Pass 1 → Invitations to Speak/Present (0.95)
📝 Prompt logged: 2025-11-09_15-22-04_taxonomy_mapping_pass2_batch_3e1f34582cd7.json
📝 Response logged: 2025-11-09_15-22-07_taxonomy_mapping_pass2_batch_3e1f34582cd7_RESPONSE.json
      Pass 2 (batch of 1) → Invited Keynotes, Named Lectures, Plenaries (avg: 0.80)

    [147] Unknown
        Entries: 1, Subgroups: 0
📝 Prompt logged: 2025-11-09_15-22-07_taxonomy_mapping_pass1_a99311a2ce59.json
📝 Response logged: 2025-11-09_15-22-10_taxonomy_mapping_pass1_a99311a2ce59_RESPONSE.json
        Pass 1 → Invitations to Speak/Present (0.95)
📝 Prompt logged: 2025-11-09_15-22-10_taxonomy_mapping_pass2_batch_0bb750ec8215.json
📝 Response logged: 2025-11-09_15-22-12_taxonomy_mapping_pass2_batch_0bb750ec8215_RESPONSE.json
        Pass 2 (batch of 1) → Invited Keynotes, Named Lectures, Plenaries (avg: 0.90)

    [148] Unknown
        Entries: 3, Subgroups: 0
📝 Prompt logged: 2025-11-09_15-22-12_taxonomy_mapping_pass1_376f3f9342dd.json
📝 Response logged: 2025-11-09_15-22-15_taxonomy_mapping_pass1_376f3f9342dd_RESPONSE.json
        Pass 1 → Invitations to Speak/Present (0.85)
📝 Prompt logged: 2025-11-09_15-22-15_taxonomy_mapping_pass2_batch_5e651833c890.json
📝 Response logged: 2025-11-09_15-22-19_taxonomy_mapping_pass2_batch_5e651833c890_RESPONSE.json
        Pass 2 (batch of 3) → Submitted Abstracts/Presentations (avg: 0.90)

  [149] Unknown
      Entries: 1, Subgroups: 15
📝 Prompt logged: 2025-11-09_15-22-19_taxonomy_mapping_pass1_a7304ca6c553.json
📝 Response logged: 2025-11-09_15-22-22_taxonomy_mapping_pass1_a7304ca6c553_RESPONSE.json
      Pass 1 → Invitations to Speak/Present (0.95)
📝 Prompt logged: 2025-11-09_15-22-22_taxonomy_mapping_pass2_batch_f6c5e620c819.json
📝 Response logged: 2025-11-09_15-22-24_taxonomy_mapping_pass2_batch_f6c5e620c819_RESPONSE.json
      Pass 2 (batch of 1) → Invited Keynotes, Named Lectures, Plenaries (avg: 0.90)

    [150] Unknown
        Entries: 2, Subgroups: 0
📝 Prompt logged: 2025-11-09_15-22-24_taxonomy_mapping_pass1_6b17e5ae22d5.json
📝 Response logged: 2025-11-09_15-22-27_taxonomy_mapping_pass1_6b17e5ae22d5_RESPONSE.json
        Pass 1 → Invitations to Speak/Present (0.95)
📝 Prompt logged: 2025-11-09_15-22-27_taxonomy_mapping_pass2_batch_4b29c3adf82d.json
📝 Response logged: 2025-11-09_15-22-31_taxonomy_mapping_pass2_batch_4b29c3adf82d_RESPONSE.json
        Pass 2 (batch of 2) → Submitted Abstracts/Presentations (avg: 0.85)

    [151] Unknown
        Entries: 2, Subgroups: 0
📝 Prompt logged: 2025-11-09_15-22-31_taxonomy_mapping_pass1_45cd7a208cd1.json
📝 Response logged: 2025-11-09_15-22-34_taxonomy_mapping_pass1_45cd7a208cd1_RESPONSE.json
        Pass 1 → Invitations to Speak/Present (0.95)
📝 Prompt logged: 2025-11-09_15-22-34_taxonomy_mapping_pass2_batch_89a8ba911765.json
📝 Response logged: 2025-11-09_15-22-37_taxonomy_mapping_pass2_batch_89a8ba911765_RESPONSE.json
        Pass 2 (batch of 2) → Invited Keynotes, Named Lectures, Plenaries (avg: 0.85)

    [152] Unknown
        Entries: 1, Subgroups: 0
📝 Prompt logged: 2025-11-09_15-22-37_taxonomy_mapping_pass1_da501cbcd9e1.json
📝 Response logged: 2025-11-09_15-22-39_taxonomy_mapping_pass1_da501cbcd9e1_RESPONSE.json
        Pass 1 → Research (0.95)
📝 Prompt logged: 2025-11-09_15-22-39_taxonomy_mapping_pass2_batch_bfa86103a5e1.json
📝 Response logged: 2025-11-09_15-22-42_taxonomy_mapping_pass2_batch_bfa86103a5e1_RESPONSE.json
        Pass 2 (batch of 1) → Research Activities (Summary) (avg: 0.90)

    [153] Unknown
        Entries: 1, Subgroups: 0
📝 Prompt logged: 2025-11-09_15-22-42_taxonomy_mapping_pass1_df48b847c385.json
📝 Response logged: 2025-11-09_15-22-45_taxonomy_mapping_pass1_df48b847c385_RESPONSE.json
        Pass 1 → Invitations to Speak/Present (0.95)
📝 Prompt logged: 2025-11-09_15-22-45_taxonomy_mapping_pass2_batch_d3f96a1ddab6.json
📝 Response logged: 2025-11-09_15-22-47_taxonomy_mapping_pass2_batch_d3f96a1ddab6_RESPONSE.json
        Pass 2 (batch of 1) → Invited Keynotes, Named Lectures, Plenaries (avg: 0.70)

    [154] Unknown
        Entries: 2, Subgroups: 0
📝 Prompt logged: 2025-11-09_15-22-47_taxonomy_mapping_pass1_701167f2d370.json
📝 Response logged: 2025-11-09_15-22-51_taxonomy_mapping_pass1_701167f2d370_RESPONSE.json
        Pass 1 → Honors and Awards (0.95)

    [155] Unknown
        Entries: 4, Subgroups: 0
📝 Prompt logged: 2025-11-09_15-22-51_taxonomy_mapping_pass1_728c14718586.json
📝 Response logged: 2025-11-09_15-22-54_taxonomy_mapping_pass1_728c14718586_RESPONSE.json
        Pass 1 → Invitations to Speak/Present (0.95)
📝 Prompt logged: 2025-11-09_15-22-54_taxonomy_mapping_pass2_batch_8f2276df92f1.json
📝 Response logged: 2025-11-09_15-22-59_taxonomy_mapping_pass2_batch_8f2276df92f1_RESPONSE.json
        Pass 2 (batch of 4) → Invited Keynotes, Named Lectures, Plenaries (avg: 0.81)

    [156] Unknown
        Entries: 2, Subgroups: 0
📝 Prompt logged: 2025-11-09_15-22-59_taxonomy_mapping_pass1_4343b26d2b44.json
📝 Response logged: 2025-11-09_15-23-02_taxonomy_mapping_pass1_4343b26d2b44_RESPONSE.json
        Pass 1 → Invitations to Speak/Present (0.95)
📝 Prompt logged: 2025-11-09_15-23-02_taxonomy_mapping_pass2_batch_539a513c9a04.json
📝 Response logged: 2025-11-09_15-23-07_taxonomy_mapping_pass2_batch_539a513c9a04_RESPONSE.json
        Pass 2 (batch of 2) → Regular Teaching (Courses You Instruct) (avg: 0.85)

    [157] Unknown
        Entries: 1, Subgroups: 0
📝 Prompt logged: 2025-11-09_15-23-07_taxonomy_mapping_pass1_778b8ebc6f54.json
📝 Response logged: 2025-11-09_15-23-11_taxonomy_mapping_pass1_778b8ebc6f54_RESPONSE.json
        Pass 1 → Invitations to Speak/Present (0.95)
📝 Prompt logged: 2025-11-09_15-23-11_taxonomy_mapping_pass2_batch_001626e00727.json
📝 Response logged: 2025-11-09_15-23-13_taxonomy_mapping_pass2_batch_001626e00727_RESPONSE.json
        Pass 2 (batch of 1) → Invited Keynotes, Named Lectures, Plenaries (avg: 0.80)

    [158] Unknown
        Entries: 3, Subgroups: 0
📝 Prompt logged: 2025-11-09_15-23-13_taxonomy_mapping_pass1_7a17958daec8.json
📝 Response logged: 2025-11-09_15-23-17_taxonomy_mapping_pass1_7a17958daec8_RESPONSE.json
        Pass 1 → Invitations to Speak/Present (0.95)
📝 Prompt logged: 2025-11-09_15-23-17_taxonomy_mapping_pass2_batch_f21bbb06ad3d.json
📝 Response logged: 2025-11-09_15-23-20_taxonomy_mapping_pass2_batch_f21bbb06ad3d_RESPONSE.json
        Pass 2 (batch of 3) → Regular Teaching Contributions (avg: 0.62)

    [159] Unknown
        Entries: 1, Subgroups: 0
📝 Prompt logged: 2025-11-09_15-23-20_taxonomy_mapping_pass1_dfe8b32632d9.json
📝 Response logged: 2025-11-09_15-23-23_taxonomy_mapping_pass1_dfe8b32632d9_RESPONSE.json
        Pass 1 → Invitations to Speak/Present (0.95)
📝 Prompt logged: 2025-11-09_15-23-23_taxonomy_mapping_pass2_batch_59fca08f1d08.json
📝 Response logged: 2025-11-09_15-23-25_taxonomy_mapping_pass2_batch_59fca08f1d08_RESPONSE.json
        Pass 2 (batch of 1) → Grand Rounds, Visiting Professorships, Departmental Seminars (avg: 1.00)

    [160] Unknown
        Entries: 3, Subgroups: 0
📝 Prompt logged: 2025-11-09_15-23-25_taxonomy_mapping_pass1_b641902d60c8.json
📝 Response logged: 2025-11-09_15-23-29_taxonomy_mapping_pass1_b641902d60c8_RESPONSE.json
        Pass 1 → Invitations to Speak/Present (0.90)
📝 Prompt logged: 2025-11-09_15-23-29_taxonomy_mapping_pass2_batch_5853e38040c1.json
📝 Response logged: 2025-11-09_15-23-35_taxonomy_mapping_pass2_batch_5853e38040c1_RESPONSE.json
        Pass 2 (batch of 3) → Invited Keynotes, Named Lectures, Plenaries (avg: 0.80)

    [161] Unknown
        Entries: 3, Subgroups: 0
📝 Prompt logged: 2025-11-09_15-23-35_taxonomy_mapping_pass1_6c35916cf429.json
📝 Response logged: 2025-11-09_15-23-38_taxonomy_mapping_pass1_6c35916cf429_RESPONSE.json
        Pass 1 → Invitations to Speak/Present (0.85)
📝 Prompt logged: 2025-11-09_15-23-38_taxonomy_mapping_pass2_batch_b6d47a6f5f63.json
📝 Response logged: 2025-11-09_15-23-42_taxonomy_mapping_pass2_batch_b6d47a6f5f63_RESPONSE.json
        Pass 2 (batch of 3) → Grand Rounds, Visiting Professorships, Departmental Seminars (avg: 0.80)

    [162] Unknown
        Entries: 3, Subgroups: 0
📝 Prompt logged: 2025-11-09_15-23-42_taxonomy_mapping_pass1_ff809065149a.json
📝 Response logged: 2025-11-09_15-23-46_taxonomy_mapping_pass1_ff809065149a_RESPONSE.json
        Pass 1 → Invitations to Speak/Present (0.85)
📝 Prompt logged: 2025-11-09_15-23-46_taxonomy_mapping_pass2_batch_e87e13e1749e.json
📝 Response logged: 2025-11-09_15-23-51_taxonomy_mapping_pass2_batch_e87e13e1749e_RESPONSE.json
        Pass 2 (batch of 3) → Invited Panels, Workshops, Symposia (avg: 0.83)

    [163] Unknown
        Entries: 3, Subgroups: 0
📝 Prompt logged: 2025-11-09_15-23-51_taxonomy_mapping_pass1_ee226e7b3757.json
📝 Response logged: 2025-11-09_15-23-55_taxonomy_mapping_pass1_ee226e7b3757_RESPONSE.json
        Pass 1 → Invitations to Speak/Present (0.85)
📝 Prompt logged: 2025-11-09_15-23-55_taxonomy_mapping_pass2_batch_605a954704aa.json
📝 Response logged: 2025-11-09_15-24-00_taxonomy_mapping_pass2_batch_605a954704aa_RESPONSE.json
        Pass 2 (batch of 3) → Submitted Abstracts/Presentations (avg: 0.87)

    [164] Unknown
        Entries: 2, Subgroups: 0
📝 Prompt logged: 2025-11-09_15-24-00_taxonomy_mapping_pass1_e1bb9a52219d.json
📝 Response logged: 2025-11-09_15-24-04_taxonomy_mapping_pass1_e1bb9a52219d_RESPONSE.json
        Pass 1 → Bibliography (0.90)
📝 Prompt logged: 2025-11-09_15-24-04_taxonomy_mapping_pass2_batch_4a5440fa794f.json
📝 Response logged: 2025-11-09_15-24-08_taxonomy_mapping_pass2_batch_4a5440fa794f_RESPONSE.json
        Pass 2 (batch of 2) → Abstracts & Conference Proceedings (avg: 0.90)

  [165] Unknown
      Entries: 1, Subgroups: 0
📝 Prompt logged: 2025-11-09_15-24-08_taxonomy_mapping_pass1_a46ab189715a.json
📝 Response logged: 2025-11-09_15-24-10_taxonomy_mapping_pass1_a46ab189715a_RESPONSE.json
      Pass 1 → Personal Data / Contact Information (0.95)
      Router → Skip Pass 2 (direct to extraction)

  [166] Unknown
      Entries: 1, Subgroups: 0
📝 Prompt logged: 2025-11-09_15-24-10_taxonomy_mapping_pass1_bfa381d5bfb5.json
📝 Response logged: 2025-11-09_15-24-12_taxonomy_mapping_pass1_bfa381d5bfb5_RESPONSE.json
      Pass 1 → Bibliography (0.95)
📝 Prompt logged: 2025-11-09_15-24-12_taxonomy_mapping_pass2_batch_d9890f3efc84.json
📝 Response logged: 2025-11-09_15-24-20_taxonomy_mapping_pass2_batch_d9890f3efc84_RESPONSE.json
      Pass 2 (batch of 1) → Abstracts & Conference Proceedings (avg: 0.90)

  [167] Unknown
      Entries: 1, Subgroups: 0
📝 Prompt logged: 2025-11-09_15-24-20_taxonomy_mapping_pass1_3f4207a26f57.json
📝 Response logged: 2025-11-09_15-24-23_taxonomy_mapping_pass1_3f4207a26f57_RESPONSE.json
      Pass 1 → Personal Data / Contact Information (0.95)
      Router → Skip Pass 2 (direct to extraction)

  [168] Unknown
      Entries: 0, Subgroups: 2
📝 Prompt logged: 2025-11-09_15-24-23_taxonomy_mapping_pass1_8cdd10d8b9c3.json
📝 Response logged: 2025-11-09_15-24-26_taxonomy_mapping_pass1_8cdd10d8b9c3_RESPONSE.json
      Pass 1 → Invitations to Speak/Present (0.95)

    [169] Unknown
        Entries: 2, Subgroups: 2
📝 Prompt logged: 2025-11-09_15-24-26_taxonomy_mapping_pass1_7fe256f99e9c.json
📝 Response logged: 2025-11-09_15-24-31_taxonomy_mapping_pass1_7fe256f99e9c_RESPONSE.json
        Pass 1 → Invitations to Speak/Present (0.90)
📝 Prompt logged: 2025-11-09_15-24-31_taxonomy_mapping_pass2_batch_74e7f77d290d.json
📝 Response logged: 2025-11-09_15-24-34_taxonomy_mapping_pass2_batch_74e7f77d290d_RESPONSE.json
        Pass 2 (batch of 2) → Invited Keynotes, Named Lectures, Plenaries (avg: 0.85)

      [170] Unknown
          Entries: 2, Subgroups: 0
📝 Prompt logged: 2025-11-09_15-24-34_taxonomy_mapping_pass1_fdd2af495e99.json
📝 Response logged: 2025-11-09_15-24-38_taxonomy_mapping_pass1_fdd2af495e99_RESPONSE.json
          Pass 1 → Educational Contributions (0.85)
📝 Prompt logged: 2025-11-09_15-24-38_taxonomy_mapping_pass2_batch_185612843920.json
📝 Response logged: 2025-11-09_15-24-43_taxonomy_mapping_pass2_batch_185612843920_RESPONSE.json
          Pass 2 (batch of 2) → Educational Materials (avg: 0.85)

      [171] Unknown
          Entries: 4, Subgroups: 0
📝 Prompt logged: 2025-11-09_15-24-43_taxonomy_mapping_pass1_5b247154fceb.json
📝 Response logged: 2025-11-09_15-24-45_taxonomy_mapping_pass1_5b247154fceb_RESPONSE.json
          Pass 1 → Educational Contributions (0.95)
📝 Prompt logged: 2025-11-09_15-24-45_taxonomy_mapping_pass2_batch_bfaa7e41cd2c.json
📝 Response logged: 2025-11-09_15-24-51_taxonomy_mapping_pass2_batch_bfaa7e41cd2c_RESPONSE.json
          Pass 2 (batch of 4) → Continuing/Professional Education (CME) (avg: 0.83)

    [172] Unknown
        Entries: 9, Subgroups: 0
📝 Prompt logged: 2025-11-09_15-24-51_taxonomy_mapping_pass1_e80772f5eb00.json
📝 Response logged: 2025-11-09_15-24-54_taxonomy_mapping_pass1_e80772f5eb00_RESPONSE.json
        Pass 1 → Educational Contributions (0.85)
📝 Prompt logged: 2025-11-09_15-24-54_taxonomy_mapping_pass2_batch_eb9eea6f0085.json
📝 Response logged: 2025-11-09_15-25-03_taxonomy_mapping_pass2_batch_eb9eea6f0085_RESPONSE.json
        Pass 2 (batch of 9) → Clinical Teaching (avg: 0.90)

  [173] Unknown
      Entries: 1, Subgroups: 2
📝 Prompt logged: 2025-11-09_15-25-03_taxonomy_mapping_pass1_be7893228cb1.json
📝 Response logged: 2025-11-09_15-25-06_taxonomy_mapping_pass1_be7893228cb1_RESPONSE.json
      Pass 1 → Professional Organizations and Society Memberships (0.95)

    [174] Unknown
        Entries: 1, Subgroups: 0
📝 Prompt logged: 2025-11-09_15-25-06_taxonomy_mapping_pass1_645842bb8fe2.json
📝 Response logged: 2025-11-09_15-25-09_taxonomy_mapping_pass1_645842bb8fe2_RESPONSE.json
        Pass 1 → Professional Organizations and Society Memberships (0.95)

    [175] Unknown
        Entries: 1, Subgroups: 0
📝 Prompt logged: 2025-11-09_15-25-09_taxonomy_mapping_pass1_2f4fe3ff2657.json
📝 Response logged: 2025-11-09_15-25-12_taxonomy_mapping_pass1_2f4fe3ff2657_RESPONSE.json
        Pass 1 → Professional Organizations and Society Memberships (0.85)

  [176] Unknown
      Entries: 12, Subgroups: 8
📝 Prompt logged: 2025-11-09_15-25-12_taxonomy_mapping_pass1_e9c346ef1804.json
📝 Response logged: 2025-11-09_15-25-15_taxonomy_mapping_pass1_e9c346ef1804_RESPONSE.json
      Pass 1 → Professional Organizations and Society Memberships (0.85)

    [177] Unknown
        Entries: 2, Subgroups: 0
📝 Prompt logged: 2025-11-09_15-25-15_taxonomy_mapping_pass1_f7306d6b5079.json
📝 Response logged: 2025-11-09_15-25-17_taxonomy_mapping_pass1_f7306d6b5079_RESPONSE.json
        Pass 1 → Professional Organizations and Society Memberships (0.95)

    [178] Unknown
        Entries: 1, Subgroups: 0
📝 Prompt logged: 2025-11-09_15-25-17_taxonomy_mapping_pass1_18d8d8f2b1ed.json
📝 Response logged: 2025-11-09_15-25-20_taxonomy_mapping_pass1_18d8d8f2b1ed_RESPONSE.json
        Pass 1 → Extramural Professional Responsibilities (0.85)
📝 Prompt logged: 2025-11-09_15-25-20_taxonomy_mapping_pass2_batch_2bad3b03506d.json
📝 Response logged: 2025-11-09_15-25-22_taxonomy_mapping_pass2_batch_2bad3b03506d_RESPONSE.json
        Pass 2 (batch of 1) → Leadership in Extramural Organizations (avg: 0.90)

    [179] Unknown
        Entries: 2, Subgroups: 0
📝 Prompt logged: 2025-11-09_15-25-22_taxonomy_mapping_pass1_8175a1f006ac.json
📝 Response logged: 2025-11-09_15-25-24_taxonomy_mapping_pass1_8175a1f006ac_RESPONSE.json
        Pass 1 → Professional Organizations and Society Memberships (0.95)

    [180] Unknown
        Entries: 1, Subgroups: 0
📝 Prompt logged: 2025-11-09_15-25-24_taxonomy_mapping_pass1_dca6b243e133.json
📝 Response logged: 2025-11-09_15-25-27_taxonomy_mapping_pass1_dca6b243e133_RESPONSE.json
        Pass 1 → Professional Organizations and Society Memberships (0.85)

    [181] Unknown
        Entries: 2, Subgroups: 0
📝 Prompt logged: 2025-11-09_15-25-27_taxonomy_mapping_pass1_3eee466d2b07.json
📝 Response logged: 2025-11-09_15-25-30_taxonomy_mapping_pass1_3eee466d2b07_RESPONSE.json
        Pass 1 → Honors and Awards (0.95)

    [182] Unknown
        Entries: 1, Subgroups: 0
📝 Prompt logged: 2025-11-09_15-25-30_taxonomy_mapping_pass1_196ca465736f.json
📝 Response logged: 2025-11-09_15-25-34_taxonomy_mapping_pass1_196ca465736f_RESPONSE.json
        Pass 1 → Honors and Awards (0.85)

    [183] Unknown
        Entries: 2, Subgroups: 0
📝 Prompt logged: 2025-11-09_15-25-34_taxonomy_mapping_pass1_a07b28073714.json
📝 Response logged: 2025-11-09_15-25-36_taxonomy_mapping_pass1_a07b28073714_RESPONSE.json
        Pass 1 → Professional Organizations and Society Memberships (0.95)

    [184] Unknown
        Entries: 1, Subgroups: 0
📝 Prompt logged: 2025-11-09_15-25-36_taxonomy_mapping_pass1_edea66da9bb8.json
📝 Response logged: 2025-11-09_15-25-40_taxonomy_mapping_pass1_edea66da9bb8_RESPONSE.json
        Pass 1 → Honors and Awards (0.85)

  [185] Unknown
      Entries: 3, Subgroups: 2
📝 Prompt logged: 2025-11-09_15-25-40_taxonomy_mapping_pass1_06c58e6eed1a.json
📝 Response logged: 2025-11-09_15-25-43_taxonomy_mapping_pass1_06c58e6eed1a_RESPONSE.json
      Pass 1 → Personal Data / Contact Information (0.95)
      Router → Skip Pass 2 (direct to extraction)

    [186] Unknown
        Entries: 1, Subgroups: 0
📝 Prompt logged: 2025-11-09_15-25-43_taxonomy_mapping_pass1_fd20c89bd10f.json
📝 Response logged: 2025-11-09_15-25-45_taxonomy_mapping_pass1_fd20c89bd10f_RESPONSE.json
        Pass 1 → Professional Organizations and Society Memberships (0.95)

    [187] Unknown
        Entries: 0, Subgroups: 0
📝 Prompt logged: 2025-11-09_15-25-45_taxonomy_mapping_pass1_dbccd190dde5.json
📝 Response logged: 2025-11-09_15-25-47_taxonomy_mapping_pass1_dbccd190dde5_RESPONSE.json
        Pass 1 → Appendix / Other (0.85)

  [188] Unknown
      Entries: 6, Subgroups: 2
📝 Prompt logged: 2025-11-09_15-25-47_taxonomy_mapping_pass1_c24460ffc4eb.json
📝 Response logged: 2025-11-09_15-25-51_taxonomy_mapping_pass1_c24460ffc4eb_RESPONSE.json
      Pass 1 → Licensure and Certification (0.95)
      Pass 2 → Failed: No confusion info for parent: F

    [189] Unknown
        Entries: 2, Subgroups: 0
📝 Prompt logged: 2025-11-09_15-25-51_taxonomy_mapping_pass1_2f6faa3fbc33.json
📝 Response logged: 2025-11-09_15-25-54_taxonomy_mapping_pass1_2f6faa3fbc33_RESPONSE.json
        Pass 1 → Professional Organizations and Society Memberships (0.85)

    [190] Unknown
        Entries: 1, Subgroups: 0
📝 Prompt logged: 2025-11-09_15-25-54_taxonomy_mapping_pass1_9cd42178dcb8.json
📝 Response logged: 2025-11-09_15-25-58_taxonomy_mapping_pass1_9cd42178dcb8_RESPONSE.json
        Pass 1 → Appendix / Other (0.85)

  [191] Unknown
      Entries: 2, Subgroups: 3
📝 Prompt logged: 2025-11-09_15-25-58_taxonomy_mapping_pass1_847cfba7edbb.json
📝 Response logged: 2025-11-09_15-26-00_taxonomy_mapping_pass1_847cfba7edbb_RESPONSE.json
      Pass 1 → Institutional Administrative Activities (0.90)

    [192] Unknown
        Entries: 4, Subgroups: 0
📝 Prompt logged: 2025-11-09_15-26-00_taxonomy_mapping_pass1_0fbd347b2879.json
📝 Response logged: 2025-11-09_15-26-03_taxonomy_mapping_pass1_0fbd347b2879_RESPONSE.json
        Pass 1 → Bibliography (0.85)
📝 Prompt logged: 2025-11-09_15-26-03_taxonomy_mapping_pass2_batch_36dff28e77e0.json
📝 Response logged: 2025-11-09_15-26-09_taxonomy_mapping_pass2_batch_36dff28e77e0_RESPONSE.json
        Pass 2 (batch of 4) → Reviews & Editorials (avg: 0.89)

    [193] Unknown
        Entries: 4, Subgroups: 0
📝 Prompt logged: 2025-11-09_15-26-09_taxonomy_mapping_pass1_cfac7889d44f.json
📝 Response logged: 2025-11-09_15-26-11_taxonomy_mapping_pass1_cfac7889d44f_RESPONSE.json
        Pass 1 → Bibliography (0.95)
📝 Prompt logged: 2025-11-09_15-26-11_taxonomy_mapping_pass2_batch_7bc58139e60f.json
📝 Response logged: 2025-11-09_15-26-17_taxonomy_mapping_pass2_batch_7bc58139e60f_RESPONSE.json
        Pass 2 (batch of 4) → Editorial Board Membership (avg: 0.86)

    [194] Unknown
        Entries: 4, Subgroups: 0
📝 Prompt logged: 2025-11-09_15-26-17_taxonomy_mapping_pass1_4b219adf849c.json
📝 Response logged: 2025-11-09_15-26-20_taxonomy_mapping_pass1_4b219adf849c_RESPONSE.json
        Pass 1 → Research (0.85)
📝 Prompt logged: 2025-11-09_15-26-20_taxonomy_mapping_pass2_batch_e128c357264d.json
📝 Response logged: 2025-11-09_15-26-25_taxonomy_mapping_pass2_batch_e128c357264d_RESPONSE.json
        Pass 2 (batch of 4) → Research Activities (Summary) (avg: 0.82)

  [195] Unknown
      Entries: 1, Subgroups: 4
📝 Prompt logged: 2025-11-09_15-26-25_taxonomy_mapping_pass1_79910f01e2c6.json
📝 Response logged: 2025-11-09_15-26-29_taxonomy_mapping_pass1_79910f01e2c6_RESPONSE.json
      Pass 1 → Institutional Administrative Activities (0.85)

    [196] Unknown
        Entries: 2, Subgroups: 0
📝 Prompt logged: 2025-11-09_15-26-29_taxonomy_mapping_pass1_e7d0cf5805bb.json
📝 Response logged: 2025-11-09_15-26-31_taxonomy_mapping_pass1_e7d0cf5805bb_RESPONSE.json
        Pass 1 → Professional Positions & Employment (0.85)
📝 Prompt logged: 2025-11-09_15-26-31_taxonomy_mapping_pass2_batch_d06644ca005f.json
📝 Response logged: 2025-11-09_15-26-35_taxonomy_mapping_pass2_batch_d06644ca005f_RESPONSE.json
        Pass 2 (batch of 2) → Current Academic/Clinical Positions (avg: 0.85)

    [197] Unknown
        Entries: 2, Subgroups: 0
📝 Prompt logged: 2025-11-09_15-26-35_taxonomy_mapping_pass1_29d51ce45a6b.json
📝 Response logged: 2025-11-09_15-26-38_taxonomy_mapping_pass1_29d51ce45a6b_RESPONSE.json
        Pass 1 → Professional Positions & Employment (0.85)
📝 Prompt logged: 2025-11-09_15-26-38_taxonomy_mapping_pass2_batch_c02f6dee3b98.json
📝 Response logged: 2025-11-09_15-26-40_taxonomy_mapping_pass2_batch_c02f6dee3b98_RESPONSE.json
        Pass 2 (batch of 2) → Institutional Leadership Activities (avg: 0.85)

    [198] Unknown
        Entries: 2, Subgroups: 0
📝 Prompt logged: 2025-11-09_15-26-40_taxonomy_mapping_pass1_de6ed566c203.json
📝 Response logged: 2025-11-09_15-26-44_taxonomy_mapping_pass1_de6ed566c203_RESPONSE.json
        Pass 1 → Professional Positions & Employment (0.85)
📝 Prompt logged: 2025-11-09_15-26-44_taxonomy_mapping_pass2_batch_6f6b2cbca504.json
📝 Response logged: 2025-11-09_15-26-46_taxonomy_mapping_pass2_batch_6f6b2cbca504_RESPONSE.json
        Pass 2 (batch of 2) → Institutional Leadership Activities (avg: 0.85)

    [199] Unknown
        Entries: 2, Subgroups: 0
📝 Prompt logged: 2025-11-09_15-26-46_taxonomy_mapping_pass1_de1e4365e31b.json
📝 Response logged: 2025-11-09_15-26-51_taxonomy_mapping_pass1_de1e4365e31b_RESPONSE.json
        Pass 1 → Institutional Administrative Activities (0.85)

  [200] Unknown
      Entries: 3, Subgroups: 0
📝 Prompt logged: 2025-11-09_15-26-51_taxonomy_mapping_pass1_247310c9fbbe.json
📝 Response logged: 2025-11-09_15-26-54_taxonomy_mapping_pass1_247310c9fbbe_RESPONSE.json
      Pass 1 → Invitations to Speak/Present (0.95)
📝 Prompt logged: 2025-11-09_15-26-54_taxonomy_mapping_pass2_batch_d96a272512f3.json
📝 Response logged: 2025-11-09_15-26-57_taxonomy_mapping_pass2_batch_d96a272512f3_RESPONSE.json
      Pass 2 (batch of 3) → Submitted Abstracts/Presentations (avg: 0.80)

  [201] Unknown
      Entries: 1, Subgroups: 2
📝 Prompt logged: 2025-11-09_15-26-57_taxonomy_mapping_pass1_402a96196d9a.json
📝 Response logged: 2025-11-09_15-27-00_taxonomy_mapping_pass1_402a96196d9a_RESPONSE.json
      Pass 1 → Educational Contributions (0.95)
📝 Prompt logged: 2025-11-09_15-27-00_taxonomy_mapping_pass2_batch_49492316cad9.json
📝 Response logged: 2025-11-09_15-27-02_taxonomy_mapping_pass2_batch_49492316cad9_RESPONSE.json
      Pass 2 (batch of 1) → Didactic Teaching (courses taught) (avg: 0.90)

    [202] Unknown
        Entries: 3, Subgroups: 0
📝 Prompt logged: 2025-11-09_15-27-02_taxonomy_mapping_pass1_2ecc7ce58be4.json
📝 Response logged: 2025-11-09_15-27-06_taxonomy_mapping_pass1_2ecc7ce58be4_RESPONSE.json
        Pass 1 → Professional Positions & Employment (0.95)
📝 Prompt logged: 2025-11-09_15-27-06_taxonomy_mapping_pass2_batch_bac724c2cf1b.json
📝 Response logged: 2025-11-09_15-27-11_taxonomy_mapping_pass2_batch_bac724c2cf1b_RESPONSE.json
        Pass 2 (batch of 3) → Current Academic/Clinical Positions (avg: 0.90)

    [203] Unknown
        Entries: 9, Subgroups: 0
📝 Prompt logged: 2025-11-09_15-27-11_taxonomy_mapping_pass1_6e9adb6ffcf5.json
📝 Response logged: 2025-11-09_15-27-13_taxonomy_mapping_pass1_6e9adb6ffcf5_RESPONSE.json
        Pass 1 → Professional Positions & Employment (0.95)
📝 Prompt logged: 2025-11-09_15-27-13_taxonomy_mapping_pass2_batch_77b21e33dc72.json
📝 Response logged: 2025-11-09_15-27-23_taxonomy_mapping_pass2_batch_77b21e33dc72_RESPONSE.json
        Pass 2 (batch of 9) → Past Academic/Clinical Positions (avg: 0.89)

  [204] Unknown
      Entries: 1, Subgroups: 1
📝 Prompt logged: 2025-11-09_15-27-23_taxonomy_mapping_pass1_3837a6443eac.json
📝 Response logged: 2025-11-09_15-27-25_taxonomy_mapping_pass1_3837a6443eac_RESPONSE.json
      Pass 1 → Educational Contributions (0.95)
📝 Prompt logged: 2025-11-09_15-27-25_taxonomy_mapping_pass2_batch_4bb5d2e7bef9.json
📝 Response logged: 2025-11-09_15-27-27_taxonomy_mapping_pass2_batch_4bb5d2e7bef9_RESPONSE.json
      Pass 2 (batch of 1) → Clinical Teaching (avg: 0.90)

    [205] Unknown
        Entries: 10, Subgroups: 0
📝 Prompt logged: 2025-11-09_15-27-27_taxonomy_mapping_pass1_524845134952.json
📝 Response logged: 2025-11-09_15-27-29_taxonomy_mapping_pass1_524845134952_RESPONSE.json
        Pass 1 → Professional Positions & Employment (0.95)
📝 Prompt logged: 2025-11-09_15-27-29_taxonomy_mapping_pass2_batch_13b62c31eac9.json
📝 Response logged: 2025-11-09_15-27-39_taxonomy_mapping_pass2_batch_13b62c31eac9_RESPONSE.json
        Pass 2 (batch of 10) → Current Academic/Clinical Positions (avg: 0.82)

  [206] Unknown
      Entries: 1, Subgroups: 0
📝 Prompt logged: 2025-11-09_15-27-39_taxonomy_mapping_pass1_0a00c7cca60d.json
📝 Response logged: 2025-11-09_15-27-41_taxonomy_mapping_pass1_0a00c7cca60d_RESPONSE.json
      Pass 1 → Invitations to Speak/Present (0.95)
📝 Prompt logged: 2025-11-09_15-27-41_taxonomy_mapping_pass2_batch_7cc8cf828737.json
📝 Response logged: 2025-11-09_15-27-42_taxonomy_mapping_pass2_batch_7cc8cf828737_RESPONSE.json
      Pass 2 (batch of 1) → Invited Panels, Workshops, Symposia (avg: 0.90)

  [207] Unknown
      Entries: 1, Subgroups: 0
📝 Prompt logged: 2025-11-09_15-27-42_taxonomy_mapping_pass1_5e74e61d0366.json
📝 Response logged: 2025-11-09_15-27-47_taxonomy_mapping_pass1_5e74e61d0366_RESPONSE.json
      Pass 1 → Clinical Practice, Innovation, and Leadership (0.85)
      Pass 2 → Failed: No confusion info for parent: L

  [208] Unknown
      Entries: 1, Subgroups: 0
📝 Prompt logged: 2025-11-09_15-27-47_taxonomy_mapping_pass1_d50955b2f315.json
📝 Response logged: 2025-11-09_15-27-49_taxonomy_mapping_pass1_d50955b2f315_RESPONSE.json
      Pass 1 → Invitations to Speak/Present (0.95)
📝 Prompt logged: 2025-11-09_15-27-49_taxonomy_mapping_pass2_batch_2ac26b6f0767.json
📝 Response logged: 2025-11-09_15-27-53_taxonomy_mapping_pass2_batch_2ac26b6f0767_RESPONSE.json
      Pass 2 (batch of 1) → Invited Panels, Workshops, Symposia (avg: 0.90)

  [209] Unknown
      Entries: 2, Subgroups: 1
📝 Prompt logged: 2025-11-09_15-27-53_taxonomy_mapping_pass1_c8b38d64db5e.json
📝 Response logged: 2025-11-09_15-27-55_taxonomy_mapping_pass1_c8b38d64db5e_RESPONSE.json
      Pass 1 → Invitations to Speak/Present (0.95)
📝 Prompt logged: 2025-11-09_15-27-55_taxonomy_mapping_pass2_batch_4ebf72b02bdc.json
📝 Response logged: 2025-11-09_15-27-58_taxonomy_mapping_pass2_batch_4ebf72b02bdc_RESPONSE.json
      Pass 2 (batch of 2) → Grand Rounds, Visiting Professorships, Departmental Seminars (avg: 0.85)

    [210] Unknown
        Entries: 2, Subgroups: 0
📝 Prompt logged: 2025-11-09_15-27-58_taxonomy_mapping_pass1_857aa4755c43.json
📝 Response logged: 2025-11-09_15-28-00_taxonomy_mapping_pass1_857aa4755c43_RESPONSE.json
        Pass 1 → Invitations to Speak/Present (0.95)
📝 Prompt logged: 2025-11-09_15-28-00_taxonomy_mapping_pass2_batch_b4de28e459b4.json
📝 Response logged: 2025-11-09_15-28-03_taxonomy_mapping_pass2_batch_b4de28e459b4_RESPONSE.json
        Pass 2 (batch of 2) → Grand Rounds, Visiting Professorships, Departmental Seminars (avg: 0.95)

  [211] Unknown
      Entries: 1, Subgroups: 1
📝 Prompt logged: 2025-11-09_15-28-03_taxonomy_mapping_pass1_f44903e379bf.json
📝 Response logged: 2025-11-09_15-28-05_taxonomy_mapping_pass1_f44903e379bf_RESPONSE.json
      Pass 1 → Invitations to Speak/Present (0.95)
📝 Prompt logged: 2025-11-09_15-28-05_taxonomy_mapping_pass2_batch_e3a13fd519f1.json
📝 Response logged: 2025-11-09_15-28-07_taxonomy_mapping_pass2_batch_e3a13fd519f1_RESPONSE.json
      Pass 2 (batch of 1) → Invited Panels, Workshops, Symposia (avg: 0.80)

    [212] Unknown
        Entries: 3, Subgroups: 0
📝 Prompt logged: 2025-11-09_15-28-07_taxonomy_mapping_pass1_1413864d35b3.json
📝 Response logged: 2025-11-09_15-28-09_taxonomy_mapping_pass1_1413864d35b3_RESPONSE.json
        Pass 1 → Invitations to Speak/Present (0.95)
📝 Prompt logged: 2025-11-09_15-28-09_taxonomy_mapping_pass2_batch_d31282f459bd.json
📝 Response logged: 2025-11-09_15-28-23_taxonomy_mapping_pass2_batch_d31282f459bd_RESPONSE.json
        Pass 2 (batch of 3) → Invited Keynotes, Named Lectures, Plenaries (avg: 0.80)

  [213] Unknown
      Entries: 1, Subgroups: 10
📝 Prompt logged: 2025-11-09_15-28-23_taxonomy_mapping_pass1_34fc3def2bb1.json
📝 Response logged: 2025-11-09_15-28-26_taxonomy_mapping_pass1_34fc3def2bb1_RESPONSE.json
      Pass 1 → Professional Positions & Employment (0.95)
📝 Prompt logged: 2025-11-09_15-28-26_taxonomy_mapping_pass2_batch_8b72583ffb5a.json
📝 Response logged: 2025-11-09_15-28-28_taxonomy_mapping_pass2_batch_8b72583ffb5a_RESPONSE.json
      Pass 2 (batch of 1) → Past Academic/Clinical Positions (avg: 0.80)

    [214] Unknown
        Entries: 2, Subgroups: 0
📝 Prompt logged: 2025-11-09_15-28-28_taxonomy_mapping_pass1_1895c96cc06b.json
📝 Response logged: 2025-11-09_15-28-30_taxonomy_mapping_pass1_1895c96cc06b_RESPONSE.json
        Pass 1 → Professional Positions & Employment (0.95)
📝 Prompt logged: 2025-11-09_15-28-30_taxonomy_mapping_pass2_batch_e126359cc93d.json
📝 Response logged: 2025-11-09_15-28-33_taxonomy_mapping_pass2_batch_e126359cc93d_RESPONSE.json
        Pass 2 (batch of 2) → Past Academic/Clinical Positions (avg: 0.85)

    [215] Unknown
        Entries: 2, Subgroups: 0
📝 Prompt logged: 2025-11-09_15-28-33_taxonomy_mapping_pass1_d1cd7e569194.json
📝 Response logged: 2025-11-09_15-28-35_taxonomy_mapping_pass1_d1cd7e569194_RESPONSE.json
        Pass 1 → Education (0.85)
📝 Prompt logged: 2025-11-09_15-28-35_taxonomy_mapping_pass2_batch_fff6dbc6a5a2.json
📝 Response logged: 2025-11-09_15-28-39_taxonomy_mapping_pass2_batch_fff6dbc6a5a2_RESPONSE.json
        Pass 2 (batch of 2) → Continuing Education / Professional Development (avg: 0.93)

    [216] Unknown
        Entries: 2, Subgroups: 0
📝 Prompt logged: 2025-11-09_15-28-39_taxonomy_mapping_pass1_83acd9a08095.json
📝 Response logged: 2025-11-09_15-28-42_taxonomy_mapping_pass1_83acd9a08095_RESPONSE.json
        Pass 1 → Education (0.85)
📝 Prompt logged: 2025-11-09_15-28-42_taxonomy_mapping_pass2_batch_66a64f9756d5.json
📝 Response logged: 2025-11-09_15-28-44_taxonomy_mapping_pass2_batch_66a64f9756d5_RESPONSE.json
        Pass 2 (batch of 2) → Continuing Education / Professional Development (avg: 0.93)

    [217] Unknown
        Entries: 2, Subgroups: 0
📝 Prompt logged: 2025-11-09_15-28-44_taxonomy_mapping_pass1_587227e0f983.json
📝 Response logged: 2025-11-09_15-28-47_taxonomy_mapping_pass1_587227e0f983_RESPONSE.json
        Pass 1 → Education (0.85)
📝 Prompt logged: 2025-11-09_15-28-47_taxonomy_mapping_pass2_batch_17f14f4196b5.json
📝 Response logged: 2025-11-09_15-28-50_taxonomy_mapping_pass2_batch_17f14f4196b5_RESPONSE.json
        Pass 2 (batch of 2) → Continuing Education / Professional Development (avg: 0.93)

    [218] Unknown
        Entries: 2, Subgroups: 0
📝 Prompt logged: 2025-11-09_15-28-50_taxonomy_mapping_pass1_7cf18e1c8f24.json
📝 Response logged: 2025-11-09_15-28-52_taxonomy_mapping_pass1_7cf18e1c8f24_RESPONSE.json
        Pass 1 → Education (0.85)
📝 Prompt logged: 2025-11-09_15-28-52_taxonomy_mapping_pass2_batch_9f468dcf44a2.json
📝 Response logged: 2025-11-09_15-28-54_taxonomy_mapping_pass2_batch_9f468dcf44a2_RESPONSE.json
        Pass 2 (batch of 2) → Continuing Education / Professional Development (avg: 0.93)

    [219] Unknown
        Entries: 2, Subgroups: 0
📝 Prompt logged: 2025-11-09_15-28-54_taxonomy_mapping_pass1_15340a997a95.json
📝 Response logged: 2025-11-09_15-28-59_taxonomy_mapping_pass1_15340a997a95_RESPONSE.json
        Pass 1 → Education (0.85)
📝 Prompt logged: 2025-11-09_15-28-59_taxonomy_mapping_pass2_batch_245b7762e9fa.json
📝 Response logged: 2025-11-09_15-29-02_taxonomy_mapping_pass2_batch_245b7762e9fa_RESPONSE.json
        Pass 2 (batch of 2) → Continuing Education / Professional Development (avg: 0.93)

    [220] Unknown
        Entries: 2, Subgroups: 0
📝 Prompt logged: 2025-11-09_15-29-02_taxonomy_mapping_pass1_62284c22ee3f.json
📝 Response logged: 2025-11-09_15-29-07_taxonomy_mapping_pass1_62284c22ee3f_RESPONSE.json
        Pass 1 → Professional Positions & Employment (0.95)
📝 Prompt logged: 2025-11-09_15-29-07_taxonomy_mapping_pass2_batch_42abcb13f24d.json
📝 Response logged: 2025-11-09_15-29-11_taxonomy_mapping_pass2_batch_42abcb13f24d_RESPONSE.json
        Pass 2 (batch of 2) → Past Academic/Clinical Positions (avg: 0.85)

    [221] Unknown
        Entries: 2, Subgroups: 0
📝 Prompt logged: 2025-11-09_15-29-11_taxonomy_mapping_pass1_8aadfb9d7a2e.json
📝 Response logged: 2025-11-09_15-29-13_taxonomy_mapping_pass1_8aadfb9d7a2e_RESPONSE.json
        Pass 1 → Invitations to Speak/Present (0.90)
📝 Prompt logged: 2025-11-09_15-29-13_taxonomy_mapping_pass2_batch_6e1e14c79189.json
📝 Response logged: 2025-11-09_15-29-16_taxonomy_mapping_pass2_batch_6e1e14c79189_RESPONSE.json
        Pass 2 (batch of 2) → Invited Keynotes, Named Lectures, Plenaries (avg: 0.70)

    [222] Unknown
        Entries: 2, Subgroups: 0
📝 Prompt logged: 2025-11-09_15-29-16_taxonomy_mapping_pass1_0c85222212c4.json
📝 Response logged: 2025-11-09_15-29-19_taxonomy_mapping_pass1_0c85222212c4_RESPONSE.json
        Pass 1 → Mentoring (0.85)
📝 Prompt logged: 2025-11-09_15-29-19_taxonomy_mapping_pass2_batch_6b9501c5e069.json
📝 Response logged: 2025-11-09_15-29-21_taxonomy_mapping_pass2_batch_6b9501c5e069_RESPONSE.json
        Pass 2 (batch of 2) → Current Mentees (Research) (avg: 0.70)

    [223] Unknown
        Entries: 2, Subgroups: 0
📝 Prompt logged: 2025-11-09_15-29-21_taxonomy_mapping_pass1_ab3040a768f4.json
📝 Response logged: 2025-11-09_15-29-24_taxonomy_mapping_pass1_ab3040a768f4_RESPONSE.json
        Pass 1 → Educational Contributions (0.95)
📝 Prompt logged: 2025-11-09_15-29-24_taxonomy_mapping_pass2_batch_ed9a8107426b.json
📝 Response logged: 2025-11-09_15-29-26_taxonomy_mapping_pass2_batch_ed9a8107426b_RESPONSE.json
        Pass 2 (batch of 2) → Didactic Teaching (courses taught) (avg: 0.85)

  [224] Unknown
      Entries: 14, Subgroups: 0
📝 Prompt logged: 2025-11-09_15-29-26_taxonomy_mapping_pass1_e9fda39ec3b2.json
📝 Response logged: 2025-11-09_15-29-29_taxonomy_mapping_pass1_e9fda39ec3b2_RESPONSE.json
      Pass 1 → Clinical Practice, Innovation, and Leadership (0.90)
      Pass 2 → Failed: No confusion info for parent: L

  [225] Unknown
      Entries: 0, Subgroups: 1
📝 Prompt logged: 2025-11-09_15-29-29_taxonomy_mapping_pass1_425198c6910d.json
📝 Response logged: 2025-11-09_15-29-32_taxonomy_mapping_pass1_425198c6910d_RESPONSE.json
      Pass 1 → Professional Positions & Employment (0.95)

    [226] Unknown
        Entries: 1, Subgroups: 0
📝 Prompt logged: 2025-11-09_15-29-32_taxonomy_mapping_pass1_2d2e990da770.json
📝 Response logged: 2025-11-09_15-29-34_taxonomy_mapping_pass1_2d2e990da770_RESPONSE.json
        Pass 1 → Professional Positions & Employment (0.95)
📝 Prompt logged: 2025-11-09_15-29-34_taxonomy_mapping_pass2_batch_419066924330.json
📝 Response logged: 2025-11-09_15-29-36_taxonomy_mapping_pass2_batch_419066924330_RESPONSE.json
        Pass 2 (batch of 1) → Past Academic/Clinical Positions (avg: 0.90)

  [227] Unknown
      Entries: 1, Subgroups: 0
📝 Prompt logged: 2025-11-09_15-29-36_taxonomy_mapping_pass1_1df5fa33ae79.json
📝 Response logged: 2025-11-09_15-29-55_taxonomy_mapping_pass1_1df5fa33ae79_RESPONSE.json
      Pass 1 → Personal Data / Contact Information (0.95)
      Router → Skip Pass 2 (direct to extraction)

  [228] Unknown
      Entries: 1, Subgroups: 0
📝 Prompt logged: 2025-11-09_15-29-55_taxonomy_mapping_pass1_841cebce309d.json
📝 Response logged: 2025-11-09_15-29-57_taxonomy_mapping_pass1_841cebce309d_RESPONSE.json
      Pass 1 → Licensure and Certification (0.85)
      Pass 2 → Failed: No confusion info for parent: F

  [229] Unknown
      Entries: 1, Subgroups: 0
📝 Prompt logged: 2025-11-09_15-29-57_taxonomy_mapping_pass1_ebd04de2f13d.json
📝 Response logged: 2025-11-09_15-30-00_taxonomy_mapping_pass1_ebd04de2f13d_RESPONSE.json
      Pass 1 → Professional Positions & Employment (0.85)
📝 Prompt logged: 2025-11-09_15-30-00_taxonomy_mapping_pass2_batch_299a7e7f2d77.json
📝 Response logged: 2025-11-09_15-30-02_taxonomy_mapping_pass2_batch_299a7e7f2d77_RESPONSE.json
      Pass 2 (batch of 1) → Current Academic/Clinical Positions (avg: 0.80)

  [230] Unknown
      Entries: 1, Subgroups: 0
📝 Prompt logged: 2025-11-09_15-30-02_taxonomy_mapping_pass1_bec71b702b6b.json
📝 Response logged: 2025-11-09_15-30-04_taxonomy_mapping_pass1_bec71b702b6b_RESPONSE.json
      Pass 1 → Professional Positions & Employment (0.95)
📝 Prompt logged: 2025-11-09_15-30-04_taxonomy_mapping_pass2_batch_434918fa0333.json
📝 Response logged: 2025-11-09_15-30-05_taxonomy_mapping_pass2_batch_434918fa0333_RESPONSE.json
      Pass 2 (batch of 1) → Past Academic/Clinical Positions (avg: 0.90)

  [231] Unknown
      Entries: 1, Subgroups: 0
📝 Prompt logged: 2025-11-09_15-30-05_taxonomy_mapping_pass1_4f3bdc524f88.json
📝 Response logged: 2025-11-09_15-30-08_taxonomy_mapping_pass1_4f3bdc524f88_RESPONSE.json
      Pass 1 → Professional Positions & Employment (0.85)
📝 Prompt logged: 2025-11-09_15-30-08_taxonomy_mapping_pass2_batch_71984d42fd5a.json
📝 Response logged: 2025-11-09_15-30-11_taxonomy_mapping_pass2_batch_71984d42fd5a_RESPONSE.json
      Pass 2 (batch of 1) → Past Academic/Clinical Positions (avg: 0.80)

  [232] Unknown
      Entries: 0, Subgroups: 1
📝 Prompt logged: 2025-11-09_15-30-11_taxonomy_mapping_pass1_4040a0ac50c1.json
📝 Response logged: 2025-11-09_15-30-14_taxonomy_mapping_pass1_4040a0ac50c1_RESPONSE.json
      Pass 1 → Educational Contributions (0.85)

    [233] Unknown
        Entries: 5, Subgroups: 2
📝 Prompt logged: 2025-11-09_15-30-14_taxonomy_mapping_pass1_c3b3360527fc.json
📝 Response logged: 2025-11-09_15-30-17_taxonomy_mapping_pass1_c3b3360527fc_RESPONSE.json
        Pass 1 → Educational Contributions (0.90)
📝 Prompt logged: 2025-11-09_15-30-17_taxonomy_mapping_pass2_batch_5e75d2d844bf.json
📝 Response logged: 2025-11-09_15-30-23_taxonomy_mapping_pass2_batch_5e75d2d844bf_RESPONSE.json
        Pass 2 (batch of 5) → Administrative Teaching Roles (avg: 0.80)

      [234] Unknown
          Entries: 8, Subgroups: 0
📝 Prompt logged: 2025-11-09_15-30-23_taxonomy_mapping_pass1_a9101716efa7.json
📝 Response logged: 2025-11-09_15-30-27_taxonomy_mapping_pass1_a9101716efa7_RESPONSE.json
          Pass 1 → Professional Positions & Employment (0.95)
📝 Prompt logged: 2025-11-09_15-30-27_taxonomy_mapping_pass2_batch_19ec35429b05.json
📝 Response logged: 2025-11-09_15-30-36_taxonomy_mapping_pass2_batch_19ec35429b05_RESPONSE.json
          Pass 2 (batch of 8) → Current Academic/Clinical Positions (avg: 0.81)

      [235] Unknown
          Entries: 3, Subgroups: 0
📝 Prompt logged: 2025-11-09_15-30-36_taxonomy_mapping_pass1_f24a6e64b481.json
📝 Response logged: 2025-11-09_15-30-40_taxonomy_mapping_pass1_f24a6e64b481_RESPONSE.json
          Pass 1 → Educational Contributions (0.85)
📝 Prompt logged: 2025-11-09_15-30-40_taxonomy_mapping_pass2_batch_ff6a759d1cef.json
📝 Response logged: 2025-11-09_15-30-45_taxonomy_mapping_pass2_batch_ff6a759d1cef_RESPONSE.json
          Pass 2 (batch of 3) → Clinical Teaching (avg: 0.85)

================================================================================
MAPPING RESULTS (V2)
================================================================================
Classified sections: 235
  High confidence (≥0.85): 235 (100.0%)
Average confidence: 0.917

API Calls:
  Pass 1 (parent): 235
  Pass 2 (child): 144
  Total: 379

Token Usage:
  Prompt: 510,707
  Completion: 46,012
  Total: 556,719

✓ Results saved to: .outputs/phase2_20cvs/2004_Almasri_Mahmoud_mapped.json
  ✓ 379 calls, 556,719 tokens, 0.917 confidence (1334.5s)
[4/8] 2005_Bpg...
================================================================================
TWO-PASS HIERARCHICAL TAXONOMY MAPPING (V2)
================================================================================
Input: .outputs/phase2_20cvs/2005_Bpg_preprocessed.json
Strategy: Pass 1 (20 parents) → Router → Pass 2 (3-9 children)

✓ Loaded segmented CV

Processing 81 top-level groups...

  [1] Unknown
      Entries: 1, Subgroups: 0
📝 Prompt logged: 2025-11-09_15-30-45_taxonomy_mapping_pass1_289063b35398.json
📝 Response logged: 2025-11-09_15-30-47_taxonomy_mapping_pass1_289063b35398_RESPONSE.json
      Pass 1 → Educational Contributions (0.95)
📝 Prompt logged: 2025-11-09_15-30-47_taxonomy_mapping_pass2_batch_364b0a1918dd.json
📝 Response logged: 2025-11-09_15-30-49_taxonomy_mapping_pass2_batch_364b0a1918dd_RESPONSE.json
      Pass 2 (batch of 1) → Didactic Teaching (courses taught) (avg: 1.00)

  [2] Unknown
      Entries: 1, Subgroups: 0
📝 Prompt logged: 2025-11-09_15-30-49_taxonomy_mapping_pass1_3ca4b1924931.json
📝 Response logged: 2025-11-09_15-30-51_taxonomy_mapping_pass1_3ca4b1924931_RESPONSE.json
      Pass 1 → Personal Data / Contact Information (0.95)
      Router → Skip Pass 2 (direct to extraction)

  [3] Unknown
      Entries: 1, Subgroups: 0
📝 Prompt logged: 2025-11-09_15-30-51_taxonomy_mapping_pass1_c41024d9a1c3.json
📝 Response logged: 2025-11-09_15-30-54_taxonomy_mapping_pass1_c41024d9a1c3_RESPONSE.json
      Pass 1 → Honors and Awards (0.85)

  [4] Unknown
      Entries: 1, Subgroups: 0
📝 Prompt logged: 2025-11-09_15-30-54_taxonomy_mapping_pass1_523b2a49fcfa.json
📝 Response logged: 2025-11-09_15-30-57_taxonomy_mapping_pass1_523b2a49fcfa_RESPONSE.json
      Pass 1 → Professional Positions & Employment (0.95)
📝 Prompt logged: 2025-11-09_15-30-57_taxonomy_mapping_pass2_batch_11ce2bed348c.json
📝 Response logged: 2025-11-09_15-31-00_taxonomy_mapping_pass2_batch_11ce2bed348c_RESPONSE.json
      Pass 2 (batch of 1) → Current Academic/Clinical Positions (avg: 0.90)

  [5] Unknown
      Entries: 1, Subgroups: 0
📝 Prompt logged: 2025-11-09_15-31-00_taxonomy_mapping_pass1_903d44212fb6.json
📝 Response logged: 2025-11-09_15-31-03_taxonomy_mapping_pass1_903d44212fb6_RESPONSE.json
      Pass 1 → Professional Positions & Employment (0.95)
📝 Prompt logged: 2025-11-09_15-31-03_taxonomy_mapping_pass2_batch_73b693cdcc04.json
📝 Response logged: 2025-11-09_15-31-07_taxonomy_mapping_pass2_batch_73b693cdcc04_RESPONSE.json
      Pass 2 (batch of 1) → Current Academic/Clinical Positions (avg: 0.90)

  [6] Unknown
      Entries: 1, Subgroups: 0
📝 Prompt logged: 2025-11-09_15-31-07_taxonomy_mapping_pass1_e4c6d1aa11d3.json
📝 Response logged: 2025-11-09_15-31-11_taxonomy_mapping_pass1_e4c6d1aa11d3_RESPONSE.json
      Pass 1 → Professional Positions & Employment (0.85)
📝 Prompt logged: 2025-11-09_15-31-11_taxonomy_mapping_pass2_batch_e51927d63f7b.json
📝 Response logged: 2025-11-09_15-31-16_taxonomy_mapping_pass2_batch_e51927d63f7b_RESPONSE.json
      Pass 2 (batch of 1) → Current Academic/Clinical Positions (avg: 0.90)

  [7] Unknown
      Entries: 0, Subgroups: 1
📝 Prompt logged: 2025-11-09_15-31-16_taxonomy_mapping_pass1_931ef80555ca.json
📝 Response logged: 2025-11-09_15-31-19_taxonomy_mapping_pass1_931ef80555ca_RESPONSE.json
      Pass 1 → Personal Data / Contact Information (0.95)
      Router → Skip Pass 2 (direct to extraction)

    [8] Unknown
        Entries: 1, Subgroups: 0
📝 Prompt logged: 2025-11-09_15-31-19_taxonomy_mapping_pass1_68c960861600.json
📝 Response logged: 2025-11-09_15-31-22_taxonomy_mapping_pass1_68c960861600_RESPONSE.json
        Pass 1 → Personal Data / Contact Information (0.95)
        Router → Skip Pass 2 (direct to extraction)

  [9] Unknown
      Entries: 8, Subgroups: 0
📝 Prompt logged: 2025-11-09_15-31-22_taxonomy_mapping_pass1_3f2ca2afcfc0.json
📝 Response logged: 2025-11-09_15-31-25_taxonomy_mapping_pass1_3f2ca2afcfc0_RESPONSE.json
      Pass 1 → Invitations to Speak/Present (0.95)
📝 Prompt logged: 2025-11-09_15-31-25_taxonomy_mapping_pass2_batch_264cc8fabca7.json
📝 Response logged: 2025-11-09_15-31-35_taxonomy_mapping_pass2_batch_264cc8fabca7_RESPONSE.json
      Pass 2 (batch of 8) → Grand Rounds (avg: 0.80)

  [10] Unknown
      Entries: 1, Subgroups: 0
📝 Prompt logged: 2025-11-09_15-31-35_taxonomy_mapping_pass1_1fc0ccf6e858.json
📝 Response logged: 2025-11-09_15-31-37_taxonomy_mapping_pass1_1fc0ccf6e858_RESPONSE.json
      Pass 1 → Bibliography (0.95)
📝 Prompt logged: 2025-11-09_15-31-37_taxonomy_mapping_pass2_batch_f7f5194ff425.json
📝 Response logged: 2025-11-09_15-31-40_taxonomy_mapping_pass2_batch_f7f5194ff425_RESPONSE.json
      Pass 2 (batch of 1) → Peer-Reviewed Research Articles (original research) (avg: 0.90)

  [11] Unknown
      Entries: 1, Subgroups: 0
📝 Prompt logged: 2025-11-09_15-31-40_taxonomy_mapping_pass1_1304a287af21.json
📝 Response logged: 2025-11-09_15-31-42_taxonomy_mapping_pass1_1304a287af21_RESPONSE.json
      Pass 1 → Bibliography (0.95)
📝 Prompt logged: 2025-11-09_15-31-42_taxonomy_mapping_pass2_batch_e47b1e508357.json
📝 Response logged: 2025-11-09_15-31-44_taxonomy_mapping_pass2_batch_e47b1e508357_RESPONSE.json
      Pass 2 (batch of 1) → Peer-Reviewed Research Articles (original research) (avg: 0.95)

  [12] Unknown
      Entries: 3, Subgroups: 0
📝 Prompt logged: 2025-11-09_15-31-44_taxonomy_mapping_pass1_50609cd65b67.json
📝 Response logged: 2025-11-09_15-31-47_taxonomy_mapping_pass1_50609cd65b67_RESPONSE.json
      Pass 1 → Bibliography (0.95)
📝 Prompt logged: 2025-11-09_15-31-47_taxonomy_mapping_pass2_batch_68c749c09da1.json
📝 Response logged: 2025-11-09_15-31-52_taxonomy_mapping_pass2_batch_68c749c09da1_RESPONSE.json
      Pass 2 (batch of 3) → Peer-Reviewed Research Articles (original research) (avg: 0.95)

  [13] Unknown
      Entries: 3, Subgroups: 0
📝 Prompt logged: 2025-11-09_15-31-52_taxonomy_mapping_pass1_39e9dfe282bf.json
📝 Response logged: 2025-11-09_15-31-53_taxonomy_mapping_pass1_39e9dfe282bf_RESPONSE.json
      Pass 1 → Bibliography (0.95)
📝 Prompt logged: 2025-11-09_15-31-53_taxonomy_mapping_pass2_batch_0fd1d8420058.json
📝 Response logged: 2025-11-09_15-31-58_taxonomy_mapping_pass2_batch_0fd1d8420058_RESPONSE.json
      Pass 2 (batch of 3) → Peer-Reviewed Research Articles (original research) (avg: 0.95)

  [14] Unknown
      Entries: 5, Subgroups: 0
📝 Prompt logged: 2025-11-09_15-31-58_taxonomy_mapping_pass1_23002f5cebac.json
📝 Response logged: 2025-11-09_15-32-01_taxonomy_mapping_pass1_23002f5cebac_RESPONSE.json
      Pass 1 → Bibliography (0.95)
📝 Prompt logged: 2025-11-09_15-32-01_taxonomy_mapping_pass2_batch_7087c06fc75d.json
📝 Response logged: 2025-11-09_15-32-08_taxonomy_mapping_pass2_batch_7087c06fc75d_RESPONSE.json
      Pass 2 (batch of 5) → Peer-Reviewed Research Articles (original research) (avg: 0.90)

  [15] Unknown
      Entries: 2, Subgroups: 0
📝 Prompt logged: 2025-11-09_15-32-08_taxonomy_mapping_pass1_01548ff32069.json
📝 Response logged: 2025-11-09_15-32-10_taxonomy_mapping_pass1_01548ff32069_RESPONSE.json
      Pass 1 → Bibliography (0.95)
📝 Prompt logged: 2025-11-09_15-32-10_taxonomy_mapping_pass2_batch_01a45a3cafaf.json
📝 Response logged: 2025-11-09_15-32-13_taxonomy_mapping_pass2_batch_01a45a3cafaf_RESPONSE.json
      Pass 2 (batch of 2) → Peer-Reviewed Research Articles (original research) (avg: 0.90)

  [16] Unknown
      Entries: 5, Subgroups: 0
📝 Prompt logged: 2025-11-09_15-32-13_taxonomy_mapping_pass1_b10440bf3cda.json
📝 Response logged: 2025-11-09_15-32-15_taxonomy_mapping_pass1_b10440bf3cda_RESPONSE.json
      Pass 1 → Bibliography (0.95)
📝 Prompt logged: 2025-11-09_15-32-15_taxonomy_mapping_pass2_batch_d620cdbc6d38.json
📝 Response logged: 2025-11-09_15-32-21_taxonomy_mapping_pass2_batch_d620cdbc6d38_RESPONSE.json
      Pass 2 (batch of 5) → Peer-Reviewed Research Articles (original research) (avg: 0.95)

  [17] Unknown
      Entries: 16, Subgroups: 0
📝 Prompt logged: 2025-11-09_15-32-21_taxonomy_mapping_pass1_af05affca53d.json
📝 Response logged: 2025-11-09_15-32-23_taxonomy_mapping_pass1_af05affca53d_RESPONSE.json
      Pass 1 → Bibliography (0.95)
📝 Prompt logged: 2025-11-09_15-32-23_taxonomy_mapping_pass2_batch_aa970447f52a.json
📝 Response logged: 2025-11-09_15-32-38_taxonomy_mapping_pass2_batch_aa970447f52a_RESPONSE.json
      Pass 2 (batch of 16) → Peer-Reviewed Research Articles (original research) (avg: 0.95)

  [18] Unknown
      Entries: 15, Subgroups: 0
📝 Prompt logged: 2025-11-09_15-32-38_taxonomy_mapping_pass1_8936bc5bd3fe.json
📝 Response logged: 2025-11-09_15-32-40_taxonomy_mapping_pass1_8936bc5bd3fe_RESPONSE.json
      Pass 1 → Bibliography (0.95)
📝 Prompt logged: 2025-11-09_15-32-40_taxonomy_mapping_pass2_batch_0d498cf3f82d.json
📝 Response logged: 2025-11-09_15-32-52_taxonomy_mapping_pass2_batch_0d498cf3f82d_RESPONSE.json
      Pass 2 (batch of 15) → Peer-Reviewed Research Articles (original research) (avg: 0.95)

  [19] Unknown
      Entries: 27, Subgroups: 0
📝 Prompt logged: 2025-11-09_15-32-52_taxonomy_mapping_pass1_c6a23ddd02d1.json
📝 Response logged: 2025-11-09_15-32-54_taxonomy_mapping_pass1_c6a23ddd02d1_RESPONSE.json
      Pass 1 → Bibliography (0.95)
📝 Prompt logged: 2025-11-09_15-32-54_taxonomy_mapping_pass2_batch_09107d987d49.json
📝 Response logged: 2025-11-09_15-33-07_taxonomy_mapping_pass2_batch_09107d987d49_RESPONSE.json
      Pass 2 (batch of 27) → Peer-Reviewed Research Articles (original research) (avg: 0.95)

  [20] Unknown
      Entries: 21, Subgroups: 0
📝 Prompt logged: 2025-11-09_15-33-07_taxonomy_mapping_pass1_1c304ee4b7bc.json
📝 Response logged: 2025-11-09_15-33-10_taxonomy_mapping_pass1_1c304ee4b7bc_RESPONSE.json
      Pass 1 → Bibliography (0.95)
📝 Prompt logged: 2025-11-09_15-33-10_taxonomy_mapping_pass2_batch_fb3f8fa22081.json
📝 Response logged: 2025-11-09_15-33-23_taxonomy_mapping_pass2_batch_fb3f8fa22081_RESPONSE.json
      Pass 2 (batch of 21) → Peer-Reviewed Research Articles (original research) (avg: 0.90)

  [21] Unknown
      Entries: 23, Subgroups: 0
📝 Prompt logged: 2025-11-09_15-33-23_taxonomy_mapping_pass1_ac0fcc059bd3.json
📝 Response logged: 2025-11-09_15-33-25_taxonomy_mapping_pass1_ac0fcc059bd3_RESPONSE.json
      Pass 1 → Bibliography (0.95)
📝 Prompt logged: 2025-11-09_15-33-25_taxonomy_mapping_pass2_batch_7568a7852647.json
📝 Response logged: 2025-11-09_15-33-36_taxonomy_mapping_pass2_batch_7568a7852647_RESPONSE.json
      Pass 2 (batch of 23) → Peer-Reviewed Research Articles (original research) (avg: 0.86)

  [22] Unknown
      Entries: 26, Subgroups: 0
📝 Prompt logged: 2025-11-09_15-33-36_taxonomy_mapping_pass1_144977afa67c.json
📝 Response logged: 2025-11-09_15-33-39_taxonomy_mapping_pass1_144977afa67c_RESPONSE.json
      Pass 1 → Bibliography (0.95)
📝 Prompt logged: 2025-11-09_15-33-39_taxonomy_mapping_pass2_batch_8855f78ba2b1.json
📝 Response logged: 2025-11-09_15-33-51_taxonomy_mapping_pass2_batch_8855f78ba2b1_RESPONSE.json
      Pass 2 (batch of 26) → Peer-Reviewed Research Articles (original research) (avg: 0.95)

  [23] Unknown
      Entries: 37, Subgroups: 0
📝 Prompt logged: 2025-11-09_15-33-51_taxonomy_mapping_pass1_ffc2d06405e5.json
📝 Response logged: 2025-11-09_15-33-53_taxonomy_mapping_pass1_ffc2d06405e5_RESPONSE.json
      Pass 1 → Bibliography (0.95)
📝 Prompt logged: 2025-11-09_15-33-53_taxonomy_mapping_pass2_batch_152b005d1197.json
📝 Response logged: 2025-11-09_15-34-06_taxonomy_mapping_pass2_batch_152b005d1197_RESPONSE.json
      Pass 2 (batch of 37) → Peer-Reviewed Research Articles (original research) (avg: 0.95)

  [24] Unknown
      Entries: 30, Subgroups: 0
📝 Prompt logged: 2025-11-09_15-34-06_taxonomy_mapping_pass1_9b396bfc4ec1.json
📝 Response logged: 2025-11-09_15-34-09_taxonomy_mapping_pass1_9b396bfc4ec1_RESPONSE.json
      Pass 1 → Bibliography (0.95)
📝 Prompt logged: 2025-11-09_15-34-09_taxonomy_mapping_pass2_batch_bc71d098aa28.json
📝 Response logged: 2025-11-09_15-34-21_taxonomy_mapping_pass2_batch_bc71d098aa28_RESPONSE.json
      Pass 2 (batch of 30) → Peer-Reviewed Research Articles (original research) (avg: 0.95)

  [25] Unknown
      Entries: 33, Subgroups: 0
📝 Prompt logged: 2025-11-09_15-34-21_taxonomy_mapping_pass1_f3ba49abe7e4.json
📝 Response logged: 2025-11-09_15-34-23_taxonomy_mapping_pass1_f3ba49abe7e4_RESPONSE.json
      Pass 1 → Bibliography (0.95)
📝 Prompt logged: 2025-11-09_15-34-23_taxonomy_mapping_pass2_batch_25b4c6adf111.json
📝 Response logged: 2025-11-09_15-34-37_taxonomy_mapping_pass2_batch_25b4c6adf111_RESPONSE.json
      Pass 2 (batch of 33) → Peer-Reviewed Research Articles (original research) (avg: 0.95)

  [26] Unknown
      Entries: 50, Subgroups: 0
📝 Prompt logged: 2025-11-09_15-34-37_taxonomy_mapping_pass1_1f84b8a7addb.json
📝 Response logged: 2025-11-09_15-34-39_taxonomy_mapping_pass1_1f84b8a7addb_RESPONSE.json
      Pass 1 → Bibliography (0.95)
📝 Prompt logged: 2025-11-09_15-34-39_taxonomy_mapping_pass2_batch_eb8e325022c9.json
📝 Response logged: 2025-11-09_15-34-52_taxonomy_mapping_pass2_batch_eb8e325022c9_RESPONSE.json
      Pass 2 (batch of 50) → Peer-Reviewed Research Articles (original research) (avg: 0.95)

  [27] Unknown
      Entries: 30, Subgroups: 0
📝 Prompt logged: 2025-11-09_15-34-52_taxonomy_mapping_pass1_4bf075f33021.json
📝 Response logged: 2025-11-09_15-34-54_taxonomy_mapping_pass1_4bf075f33021_RESPONSE.json
      Pass 1 → Bibliography (0.95)
📝 Prompt logged: 2025-11-09_15-34-54_taxonomy_mapping_pass2_batch_f7b4ff982626.json
📝 Response logged: 2025-11-09_15-35-07_taxonomy_mapping_pass2_batch_f7b4ff982626_RESPONSE.json
      Pass 2 (batch of 30) → Peer-Reviewed Research Articles (original research) (avg: 0.94)

  [28] Unknown
      Entries: 30, Subgroups: 0
📝 Prompt logged: 2025-11-09_15-35-07_taxonomy_mapping_pass1_5c7edb6002ab.json
📝 Response logged: 2025-11-09_15-35-09_taxonomy_mapping_pass1_5c7edb6002ab_RESPONSE.json
      Pass 1 → Bibliography (0.95)
📝 Prompt logged: 2025-11-09_15-35-09_taxonomy_mapping_pass2_batch_49dfcae6f6a7.json
📝 Response logged: 2025-11-09_15-35-22_taxonomy_mapping_pass2_batch_49dfcae6f6a7_RESPONSE.json
      Pass 2 (batch of 30) → Peer-Reviewed Research Articles (original research) (avg: 0.95)

  [29] Unknown
      Entries: 31, Subgroups: 0
📝 Prompt logged: 2025-11-09_15-35-22_taxonomy_mapping_pass1_76af3b07dea7.json
📝 Response logged: 2025-11-09_15-35-24_taxonomy_mapping_pass1_76af3b07dea7_RESPONSE.json
      Pass 1 → Bibliography (0.95)
📝 Prompt logged: 2025-11-09_15-35-24_taxonomy_mapping_pass2_batch_104724366c84.json
📝 Response logged: 2025-11-09_15-35-35_taxonomy_mapping_pass2_batch_104724366c84_RESPONSE.json
      Pass 2 (batch of 31) → Peer-Reviewed Research Articles (original research) (avg: 0.90)

  [30] Unknown
      Entries: 17, Subgroups: 0
📝 Prompt logged: 2025-11-09_15-35-35_taxonomy_mapping_pass1_72ea34ba7c34.json
📝 Response logged: 2025-11-09_15-35-37_taxonomy_mapping_pass1_72ea34ba7c34_RESPONSE.json
      Pass 1 → Bibliography (0.95)
📝 Prompt logged: 2025-11-09_15-35-37_taxonomy_mapping_pass2_batch_28a428085e9e.json
📝 Response logged: 2025-11-09_15-35-50_taxonomy_mapping_pass2_batch_28a428085e9e_RESPONSE.json
      Pass 2 (batch of 17) → Peer-Reviewed Research Articles (original research) (avg: 0.95)

  [31] Unknown
      Entries: 40, Subgroups: 0
📝 Prompt logged: 2025-11-09_15-35-50_taxonomy_mapping_pass1_b7b679da847d.json
📝 Response logged: 2025-11-09_15-35-52_taxonomy_mapping_pass1_b7b679da847d_RESPONSE.json
      Pass 1 → Bibliography (0.95)
📝 Prompt logged: 2025-11-09_15-35-52_taxonomy_mapping_pass2_batch_71284f6b396d.json
📝 Response logged: 2025-11-09_15-36-09_taxonomy_mapping_pass2_batch_71284f6b396d_RESPONSE.json
      Pass 2 (batch of 40) → Peer-Reviewed Research Articles (original research) (avg: 0.94)

  [32] Unknown
      Entries: 55, Subgroups: 0
📝 Prompt logged: 2025-11-09_15-36-09_taxonomy_mapping_pass1_d34bae28e8a3.json
📝 Response logged: 2025-11-09_15-36-10_taxonomy_mapping_pass1_d34bae28e8a3_RESPONSE.json
      Pass 1 → Bibliography (0.95)
📝 Prompt logged: 2025-11-09_15-36-10_taxonomy_mapping_pass2_batch_d6f40e34114c.json
📝 Response logged: 2025-11-09_15-36-23_taxonomy_mapping_pass2_batch_d6f40e34114c_RESPONSE.json
      Pass 2 (batch of 55) → Peer-Reviewed Research Articles (original research) (avg: 0.94)

  [33] Unknown
      Entries: 10, Subgroups: 0
📝 Prompt logged: 2025-11-09_15-36-23_taxonomy_mapping_pass1_bd870ca97c7d.json
📝 Response logged: 2025-11-09_15-36-25_taxonomy_mapping_pass1_bd870ca97c7d_RESPONSE.json
      Pass 1 → Bibliography (0.95)
📝 Prompt logged: 2025-11-09_15-36-25_taxonomy_mapping_pass2_batch_0b6790cc3dc6.json
📝 Response logged: 2025-11-09_15-36-39_taxonomy_mapping_pass2_batch_0b6790cc3dc6_RESPONSE.json
      Pass 2 (batch of 10) → Peer-Reviewed Research Articles (original research) (avg: 0.94)

  [34] Unknown
      Entries: 6, Subgroups: 0
📝 Prompt logged: 2025-11-09_15-36-39_taxonomy_mapping_pass1_744d85e56231.json
📝 Response logged: 2025-11-09_15-36-41_taxonomy_mapping_pass1_744d85e56231_RESPONSE.json
      Pass 1 → Bibliography (0.95)
📝 Prompt logged: 2025-11-09_15-36-41_taxonomy_mapping_pass2_batch_d2abc82d70ac.json
📝 Response logged: 2025-11-09_15-36-48_taxonomy_mapping_pass2_batch_d2abc82d70ac_RESPONSE.json
      Pass 2 (batch of 6) → Peer-Reviewed Research Articles (original research) (avg: 0.95)

  [35] Unknown
      Entries: 5, Subgroups: 0
📝 Prompt logged: 2025-11-09_15-36-48_taxonomy_mapping_pass1_1bd94f21cde6.json
📝 Response logged: 2025-11-09_15-36-50_taxonomy_mapping_pass1_1bd94f21cde6_RESPONSE.json
      Pass 1 → Bibliography (0.95)
📝 Prompt logged: 2025-11-09_15-36-50_taxonomy_mapping_pass2_batch_568a57835c35.json
📝 Response logged: 2025-11-09_15-36-56_taxonomy_mapping_pass2_batch_568a57835c35_RESPONSE.json
      Pass 2 (batch of 5) → In Review / Submitted / In Preparation (avg: 0.94)

  [36] Unknown
      Entries: 27, Subgroups: 2
📝 Prompt logged: 2025-11-09_15-36-56_taxonomy_mapping_pass1_886bf489b513.json
📝 Response logged: 2025-11-09_15-36-58_taxonomy_mapping_pass1_886bf489b513_RESPONSE.json
      Pass 1 → Bibliography (0.95)
📝 Prompt logged: 2025-11-09_15-36-58_taxonomy_mapping_pass2_batch_fbfeaee8f645.json
📝 Response logged: 2025-11-09_15-37-11_taxonomy_mapping_pass2_batch_fbfeaee8f645_RESPONSE.json
      Pass 2 (batch of 27) → Peer-Reviewed Research Articles (original research) (avg: 0.93)

    [37] Unknown
        Entries: 128, Subgroups: 0
📝 Prompt logged: 2025-11-09_15-37-11_taxonomy_mapping_pass1_d4b8dd1fbf0c.json
📝 Response logged: 2025-11-09_15-37-14_taxonomy_mapping_pass1_d4b8dd1fbf0c_RESPONSE.json
        Pass 1 → Bibliography (0.95)
📝 Prompt logged: 2025-11-09_15-37-14_taxonomy_mapping_pass2_batch_aaaed1777454.json
📝 Response logged: 2025-11-09_15-37-28_taxonomy_mapping_pass2_batch_aaaed1777454_RESPONSE.json
        Pass 2 (batch of 128) → Chapters (book chapters) (avg: 0.90)

    [38] Unknown
        Entries: 271, Subgroups: 0
📝 Prompt logged: 2025-11-09_15-37-28_taxonomy_mapping_pass1_9f864a33e26e.json
📝 Response logged: 2025-11-09_15-37-31_taxonomy_mapping_pass1_9f864a33e26e_RESPONSE.json
        Pass 1 → Invitations to Speak/Present (0.95)
📝 Prompt logged: 2025-11-09_15-37-31_taxonomy_mapping_pass2_batch_a44e902581f9.json
📝 Response logged: 2025-11-09_15-37-40_taxonomy_mapping_pass2_batch_a44e902581f9_RESPONSE.json
        Pass 2 (batch of 271) → Submitted Abstracts/Presentations (avg: 0.90)

  [39] Unknown
      Entries: 10, Subgroups: 0
📝 Prompt logged: 2025-11-09_15-37-40_taxonomy_mapping_pass1_6d85ab015887.json
📝 Response logged: 2025-11-09_15-37-43_taxonomy_mapping_pass1_6d85ab015887_RESPONSE.json
      Pass 1 → Bibliography (0.95)
📝 Prompt logged: 2025-11-09_15-37-43_taxonomy_mapping_pass2_batch_abc2a87b39e2.json
📝 Response logged: 2025-11-09_15-37-56_taxonomy_mapping_pass2_batch_abc2a87b39e2_RESPONSE.json
      Pass 2 (batch of 10) → Peer-Reviewed Research Articles (original research) (avg: 0.93)

  [40] Unknown
      Entries: 3, Subgroups: 0
📝 Prompt logged: 2025-11-09_15-37-56_taxonomy_mapping_pass1_906e8b83203f.json
📝 Response logged: 2025-11-09_15-37-59_taxonomy_mapping_pass1_906e8b83203f_RESPONSE.json
      Pass 1 → Invitations to Speak/Present (0.95)
📝 Prompt logged: 2025-11-09_15-37-59_taxonomy_mapping_pass2_batch_622c76d51d57.json
📝 Response logged: 2025-11-09_15-38-04_taxonomy_mapping_pass2_batch_622c76d51d57_RESPONSE.json
      Pass 2 (batch of 3) → Invited Panels, Workshops, Symposia (avg: 0.80)

  [41] Unknown
      Entries: 2, Subgroups: 0
📝 Prompt logged: 2025-11-09_15-38-04_taxonomy_mapping_pass1_efabe429f41a.json
📝 Response logged: 2025-11-09_15-38-06_taxonomy_mapping_pass1_efabe429f41a_RESPONSE.json
      Pass 1 → Invitations to Speak/Present (0.95)
📝 Prompt logged: 2025-11-09_15-38-06_taxonomy_mapping_pass2_batch_689739ed095c.json
📝 Response logged: 2025-11-09_15-38-11_taxonomy_mapping_pass2_batch_689739ed095c_RESPONSE.json
      Pass 2 (batch of 2) → Submitted Abstracts/Presentations (avg: 0.90)

  [42] Unknown
      Entries: 3, Subgroups: 0
📝 Prompt logged: 2025-11-09_15-38-11_taxonomy_mapping_pass1_5160432a24a6.json
📝 Response logged: 2025-11-09_15-38-14_taxonomy_mapping_pass1_5160432a24a6_RESPONSE.json
      Pass 1 → Invitations to Speak/Present (0.95)
📝 Prompt logged: 2025-11-09_15-38-14_taxonomy_mapping_pass2_batch_90e9819345f2.json
📝 Response logged: 2025-11-09_15-38-20_taxonomy_mapping_pass2_batch_90e9819345f2_RESPONSE.json
      Pass 2 (batch of 3) → Grand Rounds, Visiting Professorships, Departmental Seminars (avg: 0.80)

  [43] Unknown
      Entries: 5, Subgroups: 0
📝 Prompt logged: 2025-11-09_15-38-20_taxonomy_mapping_pass1_1ed97641d7fe.json
📝 Response logged: 2025-11-09_15-38-23_taxonomy_mapping_pass1_1ed97641d7fe_RESPONSE.json
      Pass 1 → Invitations to Speak/Present (0.95)
📝 Prompt logged: 2025-11-09_15-38-23_taxonomy_mapping_pass2_batch_640bbdf0a833.json
📝 Response logged: 2025-11-09_15-38-30_taxonomy_mapping_pass2_batch_640bbdf0a833_RESPONSE.json
      Pass 2 (batch of 5) → Invited Keynotes, Named Lectures, Plenaries (avg: 0.74)

  [44] Unknown
      Entries: 8, Subgroups: 0
📝 Prompt logged: 2025-11-09_15-38-30_taxonomy_mapping_pass1_218d8927dd9c.json
📝 Response logged: 2025-11-09_15-38-34_taxonomy_mapping_pass1_218d8927dd9c_RESPONSE.json
      Pass 1 → Invitations to Speak/Present (0.95)
📝 Prompt logged: 2025-11-09_15-38-34_taxonomy_mapping_pass2_batch_6d2ce30b34ce.json
📝 Response logged: 2025-11-09_15-38-47_taxonomy_mapping_pass2_batch_6d2ce30b34ce_RESPONSE.json
      Pass 2 (batch of 8) → Invited Panels, Workshops, Symposia (avg: 0.76)

  [45] Unknown
      Entries: 13, Subgroups: 0
📝 Prompt logged: 2025-11-09_15-38-47_taxonomy_mapping_pass1_80e13bf71aea.json
📝 Response logged: 2025-11-09_15-38-51_taxonomy_mapping_pass1_80e13bf71aea_RESPONSE.json
      Pass 1 → Invitations to Speak/Present (0.95)
📝 Prompt logged: 2025-11-09_15-38-51_taxonomy_mapping_pass2_batch_6d7a541dbad5.json
📝 Response logged: 2025-11-09_15-39-00_taxonomy_mapping_pass2_batch_6d7a541dbad5_RESPONSE.json
      Pass 2 (batch of 13) → Invited Panels, Workshops, Symposia (avg: 0.86)

  [46] Unknown
      Entries: 14, Subgroups: 0
📝 Prompt logged: 2025-11-09_15-39-00_taxonomy_mapping_pass1_a9f9d8fdc283.json
📝 Response logged: 2025-11-09_15-39-03_taxonomy_mapping_pass1_a9f9d8fdc283_RESPONSE.json
      Pass 1 → Invitations to Speak/Present (0.95)
📝 Prompt logged: 2025-11-09_15-39-03_taxonomy_mapping_pass2_batch_e7617540f823.json
📝 Response logged: 2025-11-09_15-39-16_taxonomy_mapping_pass2_batch_e7617540f823_RESPONSE.json
      Pass 2 (batch of 14) → Grand Rounds, Visiting Professorships, Departmental Seminars (avg: 0.80)

  [47] Unknown
      Entries: 12, Subgroups: 0
📝 Prompt logged: 2025-11-09_15-39-16_taxonomy_mapping_pass1_82079e085441.json
📝 Response logged: 2025-11-09_15-39-20_taxonomy_mapping_pass1_82079e085441_RESPONSE.json
      Pass 1 → Invitations to Speak/Present (0.95)
📝 Prompt logged: 2025-11-09_15-39-20_taxonomy_mapping_pass2_batch_dbf45d2e4784.json
📝 Response logged: 2025-11-09_15-39-33_taxonomy_mapping_pass2_batch_dbf45d2e4784_RESPONSE.json
      Pass 2 (batch of 12) → Invited Panels, Workshops, Symposia (avg: 0.82)

  [48] Unknown
      Entries: 13, Subgroups: 0
📝 Prompt logged: 2025-11-09_15-39-33_taxonomy_mapping_pass1_c2862fea3995.json
📝 Response logged: 2025-11-09_15-39-36_taxonomy_mapping_pass1_c2862fea3995_RESPONSE.json
      Pass 1 → Invitations to Speak/Present (0.95)
📝 Prompt logged: 2025-11-09_15-39-36_taxonomy_mapping_pass2_batch_3f62e53977c5.json
📝 Response logged: 2025-11-09_15-39-46_taxonomy_mapping_pass2_batch_3f62e53977c5_RESPONSE.json
      Pass 2 (batch of 13) → Invited Panels, Workshops, Symposia (avg: 0.88)

  [49] Unknown
      Entries: 24, Subgroups: 0
📝 Prompt logged: 2025-11-09_15-39-46_taxonomy_mapping_pass1_7b44b383dbfc.json
📝 Response logged: 2025-11-09_15-39-50_taxonomy_mapping_pass1_7b44b383dbfc_RESPONSE.json
      Pass 1 → Invitations to Speak/Present (0.95)
📝 Prompt logged: 2025-11-09_15-39-50_taxonomy_mapping_pass2_batch_7da35d14ee51.json
📝 Response logged: 2025-11-09_15-40-02_taxonomy_mapping_pass2_batch_7da35d14ee51_RESPONSE.json
      Pass 2 (batch of 24) → Invited Panels, Workshops, Symposia (avg: 0.90)

  [50] Unknown
      Entries: 13, Subgroups: 0
📝 Prompt logged: 2025-11-09_15-40-02_taxonomy_mapping_pass1_843faf4ac1cd.json
📝 Response logged: 2025-11-09_15-40-05_taxonomy_mapping_pass1_843faf4ac1cd_RESPONSE.json
      Pass 1 → Invitations to Speak/Present (0.95)
📝 Prompt logged: 2025-11-09_15-40-05_taxonomy_mapping_pass2_batch_b5f545d01713.json
📝 Response logged: 2025-11-09_15-40-20_taxonomy_mapping_pass2_batch_b5f545d01713_RESPONSE.json
      Pass 2 (batch of 13) → Invited Panels, Workshops, Symposia (avg: 0.83)

  [51] Unknown
      Entries: 14, Subgroups: 0
📝 Prompt logged: 2025-11-09_15-40-20_taxonomy_mapping_pass1_3e1ead88f514.json
📝 Response logged: 2025-11-09_15-40-23_taxonomy_mapping_pass1_3e1ead88f514_RESPONSE.json
      Pass 1 → Invitations to Speak/Present (0.95)
📝 Prompt logged: 2025-11-09_15-40-23_taxonomy_mapping_pass2_batch_7abea90d3a44.json
📝 Response logged: 2025-11-09_15-40-35_taxonomy_mapping_pass2_batch_7abea90d3a44_RESPONSE.json
      Pass 2 (batch of 14) → Invited Panels, Workshops, Symposia (avg: 0.88)

  [52] Unknown
      Entries: 11, Subgroups: 0
📝 Prompt logged: 2025-11-09_15-40-35_taxonomy_mapping_pass1_b9254d0dea79.json
📝 Response logged: 2025-11-09_15-40-39_taxonomy_mapping_pass1_b9254d0dea79_RESPONSE.json
      Pass 1 → Invitations to Speak/Present (0.95)
📝 Prompt logged: 2025-11-09_15-40-39_taxonomy_mapping_pass2_batch_80cb103b68d1.json
📝 Response logged: 2025-11-09_15-40-53_taxonomy_mapping_pass2_batch_80cb103b68d1_RESPONSE.json
      Pass 2 (batch of 11) → Invited Panels, Workshops, Symposia (avg: 0.87)

  [53] Unknown
      Entries: 7, Subgroups: 0
📝 Prompt logged: 2025-11-09_15-40-53_taxonomy_mapping_pass1_1c70f10419d8.json
📝 Response logged: 2025-11-09_15-40-56_taxonomy_mapping_pass1_1c70f10419d8_RESPONSE.json
      Pass 1 → Invitations to Speak/Present (0.95)
📝 Prompt logged: 2025-11-09_15-40-56_taxonomy_mapping_pass2_batch_940499a3196f.json
📝 Response logged: 2025-11-09_15-41-06_taxonomy_mapping_pass2_batch_940499a3196f_RESPONSE.json
      Pass 2 (batch of 7) → Grand Rounds (avg: 0.84)

  [54] Unknown
      Entries: 4, Subgroups: 0
📝 Prompt logged: 2025-11-09_15-41-06_taxonomy_mapping_pass1_20024cf9bc71.json
📝 Response logged: 2025-11-09_15-41-09_taxonomy_mapping_pass1_20024cf9bc71_RESPONSE.json
      Pass 1 → Invitations to Speak/Present (0.95)
📝 Prompt logged: 2025-11-09_15-41-09_taxonomy_mapping_pass2_batch_eb1eab187f7f.json
📝 Response logged: 2025-11-09_15-41-14_taxonomy_mapping_pass2_batch_eb1eab187f7f_RESPONSE.json
      Pass 2 (batch of 4) → Invited Keynotes, Named Lectures, Plenaries (avg: 0.90)

  [55] Unknown
      Entries: 4, Subgroups: 0
📝 Prompt logged: 2025-11-09_15-41-14_taxonomy_mapping_pass1_965206cb1563.json
📝 Response logged: 2025-11-09_15-41-17_taxonomy_mapping_pass1_965206cb1563_RESPONSE.json
      Pass 1 → Invitations to Speak/Present (0.95)
📝 Prompt logged: 2025-11-09_15-41-17_taxonomy_mapping_pass2_batch_960c650f5c24.json
📝 Response logged: 2025-11-09_15-41-24_taxonomy_mapping_pass2_batch_960c650f5c24_RESPONSE.json
      Pass 2 (batch of 4) → Invited Keynotes, Named Lectures, Plenaries (avg: 0.75)

  [56] Unknown
      Entries: 15, Subgroups: 0
📝 Prompt logged: 2025-11-09_15-41-24_taxonomy_mapping_pass1_88978136fd1b.json
📝 Response logged: 2025-11-09_15-41-27_taxonomy_mapping_pass1_88978136fd1b_RESPONSE.json
      Pass 1 → Invitations to Speak/Present (0.95)
📝 Prompt logged: 2025-11-09_15-41-27_taxonomy_mapping_pass2_batch_5d0ec981bff0.json
📝 Response logged: 2025-11-09_15-41-40_taxonomy_mapping_pass2_batch_5d0ec981bff0_RESPONSE.json
      Pass 2 (batch of 15) → Invited Keynotes, Named Lectures, Plenaries (avg: 0.91)

  [57] Unknown
      Entries: 8, Subgroups: 0
📝 Prompt logged: 2025-11-09_15-41-40_taxonomy_mapping_pass1_473e75c0b6fc.json
📝 Response logged: 2025-11-09_15-41-46_taxonomy_mapping_pass1_473e75c0b6fc_RESPONSE.json
      Pass 1 → Invitations to Speak/Present (0.95)
📝 Prompt logged: 2025-11-09_15-41-46_taxonomy_mapping_pass2_batch_a7597c0d8d71.json
📝 Response logged: 2025-11-09_15-41-58_taxonomy_mapping_pass2_batch_a7597c0d8d71_RESPONSE.json
      Pass 2 (batch of 8) → Invited Panels, Workshops, Symposia (avg: 0.88)

  [58] Unknown
      Entries: 11, Subgroups: 0
📝 Prompt logged: 2025-11-09_15-41-58_taxonomy_mapping_pass1_23055a047d3c.json
📝 Response logged: 2025-11-09_15-42-02_taxonomy_mapping_pass1_23055a047d3c_RESPONSE.json
      Pass 1 → Invitations to Speak/Present (0.95)
📝 Prompt logged: 2025-11-09_15-42-02_taxonomy_mapping_pass2_batch_041099887c66.json
📝 Response logged: 2025-11-09_15-42-14_taxonomy_mapping_pass2_batch_041099887c66_RESPONSE.json
      Pass 2 (batch of 11) → Grand Rounds (avg: 1.00)

  [59] Unknown
      Entries: 9, Subgroups: 0
📝 Prompt logged: 2025-11-09_15-42-14_taxonomy_mapping_pass1_9c7a27a145f6.json
📝 Response logged: 2025-11-09_15-42-18_taxonomy_mapping_pass1_9c7a27a145f6_RESPONSE.json
      Pass 1 → Invitations to Speak/Present (0.95)
📝 Prompt logged: 2025-11-09_15-42-18_taxonomy_mapping_pass2_batch_62bf2b51e947.json
📝 Response logged: 2025-11-09_15-42-33_taxonomy_mapping_pass2_batch_62bf2b51e947_RESPONSE.json
      Pass 2 (batch of 9) → Invited Keynotes, Named Lectures, Plenaries (avg: 0.90)

  [60] Unknown
      Entries: 5, Subgroups: 0
📝 Prompt logged: 2025-11-09_15-42-33_taxonomy_mapping_pass1_feb63652c127.json
📝 Response logged: 2025-11-09_15-42-36_taxonomy_mapping_pass1_feb63652c127_RESPONSE.json
      Pass 1 → Invitations to Speak/Present (0.95)
📝 Prompt logged: 2025-11-09_15-42-36_taxonomy_mapping_pass2_batch_7488d5f9d05c.json
📝 Response logged: 2025-11-09_15-42-43_taxonomy_mapping_pass2_batch_7488d5f9d05c_RESPONSE.json
      Pass 2 (batch of 5) → Invited Panels, Workshops, Symposia (avg: 0.88)

  [61] Unknown
      Entries: 6, Subgroups: 0
📝 Prompt logged: 2025-11-09_15-42-43_taxonomy_mapping_pass1_e95ba6c833b3.json
📝 Response logged: 2025-11-09_15-42-45_taxonomy_mapping_pass1_e95ba6c833b3_RESPONSE.json
      Pass 1 → Invitations to Speak/Present (0.95)
📝 Prompt logged: 2025-11-09_15-42-45_taxonomy_mapping_pass2_batch_92435bea22ce.json
📝 Response logged: 2025-11-09_15-42-54_taxonomy_mapping_pass2_batch_92435bea22ce_RESPONSE.json
      Pass 2 (batch of 6) → Invited Panels, Workshops, Symposia (avg: 0.84)

  [62] Unknown
      Entries: 8, Subgroups: 0
📝 Prompt logged: 2025-11-09_15-42-54_taxonomy_mapping_pass1_f7717d2e42be.json
📝 Response logged: 2025-11-09_15-42-57_taxonomy_mapping_pass1_f7717d2e42be_RESPONSE.json
      Pass 1 → Invitations to Speak/Present (0.95)
📝 Prompt logged: 2025-11-09_15-42-57_taxonomy_mapping_pass2_batch_f95c5a14e306.json
📝 Response logged: 2025-11-09_15-43-09_taxonomy_mapping_pass2_batch_f95c5a14e306_RESPONSE.json
      Pass 2 (batch of 8) → Invited Panels, Workshops, Symposia (avg: 0.79)

  [63] Unknown
      Entries: 5, Subgroups: 0
📝 Prompt logged: 2025-11-09_15-43-09_taxonomy_mapping_pass1_a080141868d3.json
📝 Response logged: 2025-11-09_15-43-11_taxonomy_mapping_pass1_a080141868d3_RESPONSE.json
      Pass 1 → Invitations to Speak/Present (0.95)
📝 Prompt logged: 2025-11-09_15-43-11_taxonomy_mapping_pass2_batch_10ad37888045.json
📝 Response logged: 2025-11-09_15-43-18_taxonomy_mapping_pass2_batch_10ad37888045_RESPONSE.json
      Pass 2 (batch of 5) → Invited Keynotes, Named Lectures, Plenaries (avg: 0.85)

  [64] Unknown
      Entries: 5, Subgroups: 0
📝 Prompt logged: 2025-11-09_15-43-18_taxonomy_mapping_pass1_57b03544c4f9.json
📝 Response logged: 2025-11-09_15-43-20_taxonomy_mapping_pass1_57b03544c4f9_RESPONSE.json
      Pass 1 → Invitations to Speak/Present (0.95)
📝 Prompt logged: 2025-11-09_15-43-20_taxonomy_mapping_pass2_batch_ed8ab5fe387b.json
📝 Response logged: 2025-11-09_15-43-27_taxonomy_mapping_pass2_batch_ed8ab5fe387b_RESPONSE.json
      Pass 2 (batch of 5) → Invited Panels, Workshops, Symposia (avg: 0.90)

  [65] Unknown
      Entries: 12, Subgroups: 0
📝 Prompt logged: 2025-11-09_15-43-27_taxonomy_mapping_pass1_1f56b1188c20.json
📝 Response logged: 2025-11-09_15-43-31_taxonomy_mapping_pass1_1f56b1188c20_RESPONSE.json
      Pass 1 → Invitations to Speak/Present (0.95)
📝 Prompt logged: 2025-11-09_15-43-31_taxonomy_mapping_pass2_batch_c3a130e1bf94.json
📝 Response logged: 2025-11-09_15-43-42_taxonomy_mapping_pass2_batch_c3a130e1bf94_RESPONSE.json
      Pass 2 (batch of 12) → Invited Panels, Workshops, Symposia (avg: 0.91)

  [66] Unknown
      Entries: 9, Subgroups: 0
📝 Prompt logged: 2025-11-09_15-43-42_taxonomy_mapping_pass1_1e2d10b5ad82.json
📝 Response logged: 2025-11-09_15-43-46_taxonomy_mapping_pass1_1e2d10b5ad82_RESPONSE.json
      Pass 1 → Invitations to Speak/Present (0.95)
📝 Prompt logged: 2025-11-09_15-43-46_taxonomy_mapping_pass2_batch_ca925780479f.json
📝 Response logged: 2025-11-09_15-43-57_taxonomy_mapping_pass2_batch_ca925780479f_RESPONSE.json
      Pass 2 (batch of 9) → Grand Rounds (avg: 0.73)

  [67] Unknown
      Entries: 7, Subgroups: 0
📝 Prompt logged: 2025-11-09_15-43-57_taxonomy_mapping_pass1_28d72cf1436c.json
📝 Response logged: 2025-11-09_15-44-00_taxonomy_mapping_pass1_28d72cf1436c_RESPONSE.json
      Pass 1 → Invitations to Speak/Present (0.95)
📝 Prompt logged: 2025-11-09_15-44-00_taxonomy_mapping_pass2_batch_50acdd881e9b.json
📝 Response logged: 2025-11-09_15-44-10_taxonomy_mapping_pass2_batch_50acdd881e9b_RESPONSE.json
      Pass 2 (batch of 7) → Invited Panels, Workshops, Symposia (avg: 0.89)

  [68] Unknown
      Entries: 6, Subgroups: 0
📝 Prompt logged: 2025-11-09_15-44-10_taxonomy_mapping_pass1_07cf822a19b2.json
📝 Response logged: 2025-11-09_15-44-13_taxonomy_mapping_pass1_07cf822a19b2_RESPONSE.json
      Pass 1 → Invitations to Speak/Present (0.95)
📝 Prompt logged: 2025-11-09_15-44-13_taxonomy_mapping_pass2_batch_78be62315094.json
📝 Response logged: 2025-11-09_15-44-22_taxonomy_mapping_pass2_batch_78be62315094_RESPONSE.json
      Pass 2 (batch of 6) → Invited Panels, Workshops, Symposia (avg: 0.88)

  [69] Unknown
      Entries: 7, Subgroups: 0
📝 Prompt logged: 2025-11-09_15-44-22_taxonomy_mapping_pass1_964b59841f20.json
📝 Response logged: 2025-11-09_15-44-25_taxonomy_mapping_pass1_964b59841f20_RESPONSE.json
      Pass 1 → Invitations to Speak/Present (0.95)
📝 Prompt logged: 2025-11-09_15-44-25_taxonomy_mapping_pass2_batch_aaf92303bfb4.json
📝 Response logged: 2025-11-09_15-44-34_taxonomy_mapping_pass2_batch_aaf92303bfb4_RESPONSE.json
      Pass 2 (batch of 7) → Invited Panels, Workshops, Symposia (avg: 0.88)

  [70] Unknown
      Entries: 4, Subgroups: 0
📝 Prompt logged: 2025-11-09_15-44-34_taxonomy_mapping_pass1_2074bdf91763.json
📝 Response logged: 2025-11-09_15-44-37_taxonomy_mapping_pass1_2074bdf91763_RESPONSE.json
      Pass 1 → Invitations to Speak/Present (0.95)
📝 Prompt logged: 2025-11-09_15-44-37_taxonomy_mapping_pass2_batch_eb460e8dd0bb.json
📝 Response logged: 2025-11-09_15-44-42_taxonomy_mapping_pass2_batch_eb460e8dd0bb_RESPONSE.json
      Pass 2 (batch of 4) → Invited Keynotes, Named Lectures, Plenaries (avg: 0.86)

  [71] Unknown
      Entries: 4, Subgroups: 0
📝 Prompt logged: 2025-11-09_15-44-42_taxonomy_mapping_pass1_6e44509c076b.json
📝 Response logged: 2025-11-09_15-44-44_taxonomy_mapping_pass1_6e44509c076b_RESPONSE.json
      Pass 1 → Invitations to Speak/Present (0.95)
📝 Prompt logged: 2025-11-09_15-44-44_taxonomy_mapping_pass2_batch_4f3f3da2d7cc.json
📝 Response logged: 2025-11-09_15-44-50_taxonomy_mapping_pass2_batch_4f3f3da2d7cc_RESPONSE.json
      Pass 2 (batch of 4) → Invited Panels, Workshops, Symposia (avg: 0.93)

  [72] Unknown
      Entries: 1, Subgroups: 0
📝 Prompt logged: 2025-11-09_15-44-50_taxonomy_mapping_pass1_95a387430e43.json
📝 Response logged: 2025-11-09_15-44-55_taxonomy_mapping_pass1_95a387430e43_RESPONSE.json
      Pass 1 → Educational Contributions (0.95)
📝 Prompt logged: 2025-11-09_15-44-55_taxonomy_mapping_pass2_batch_00130c19d8ce.json
📝 Response logged: 2025-11-09_15-44-58_taxonomy_mapping_pass2_batch_00130c19d8ce_RESPONSE.json
      Pass 2 (batch of 1) → Continuing/Professional Education (CME) (avg: 0.90)

  [73] Unknown
      Entries: 3, Subgroups: 0
📝 Prompt logged: 2025-11-09_15-44-58_taxonomy_mapping_pass1_908bf655d66f.json
📝 Response logged: 2025-11-09_15-45-01_taxonomy_mapping_pass1_908bf655d66f_RESPONSE.json
      Pass 1 → Invitations to Speak/Present (0.95)
📝 Prompt logged: 2025-11-09_15-45-01_taxonomy_mapping_pass2_batch_fd4130e6c175.json
📝 Response logged: 2025-11-09_15-45-05_taxonomy_mapping_pass2_batch_fd4130e6c175_RESPONSE.json
      Pass 2 (batch of 3) → Grand Rounds, Visiting Professorships, Departmental Seminars (avg: 1.00)

  [74] Unknown
      Entries: 7, Subgroups: 0
📝 Prompt logged: 2025-11-09_15-45-05_taxonomy_mapping_pass1_a4037a86eb26.json
📝 Response logged: 2025-11-09_15-45-10_taxonomy_mapping_pass1_a4037a86eb26_RESPONSE.json
      Pass 1 → Invitations to Speak/Present (0.95)
📝 Prompt logged: 2025-11-09_15-45-10_taxonomy_mapping_pass2_batch_4e855c8f1e41.json
📝 Response logged: 2025-11-09_15-45-19_taxonomy_mapping_pass2_batch_4e855c8f1e41_RESPONSE.json
      Pass 2 (batch of 7) → Submitted Abstracts/Presentations (avg: 0.89)

  [75] Unknown
      Entries: 4, Subgroups: 0
📝 Prompt logged: 2025-11-09_15-45-19_taxonomy_mapping_pass1_05c08772e1ca.json
📝 Response logged: 2025-11-09_15-45-22_taxonomy_mapping_pass1_05c08772e1ca_RESPONSE.json
      Pass 1 → Invitations to Speak/Present (0.95)
📝 Prompt logged: 2025-11-09_15-45-22_taxonomy_mapping_pass2_batch_6edf1012f0b5.json
📝 Response logged: 2025-11-09_15-45-27_taxonomy_mapping_pass2_batch_6edf1012f0b5_RESPONSE.json
      Pass 2 (batch of 4) → Invited Panels, Workshops, Symposia (avg: 0.82)

  [76] Unknown
      Entries: 2, Subgroups: 0
📝 Prompt logged: 2025-11-09_15-45-28_taxonomy_mapping_pass1_4e8c1a70875a.json
📝 Response logged: 2025-11-09_15-45-29_taxonomy_mapping_pass1_4e8c1a70875a_RESPONSE.json
      Pass 1 → Invitations to Speak/Present (0.95)
📝 Prompt logged: 2025-11-09_15-45-29_taxonomy_mapping_pass2_batch_dabf25d54242.json
📝 Response logged: 2025-11-09_15-45-34_taxonomy_mapping_pass2_batch_dabf25d54242_RESPONSE.json
      Pass 2 (batch of 2) → Invited Panels, Workshops, Symposia (avg: 0.85)

  [77] Unknown
      Entries: 2, Subgroups: 0
📝 Prompt logged: 2025-11-09_15-45-34_taxonomy_mapping_pass1_8c90a1f73086.json
📝 Response logged: 2025-11-09_15-45-37_taxonomy_mapping_pass1_8c90a1f73086_RESPONSE.json
      Pass 1 → Invitations to Speak/Present (0.95)
📝 Prompt logged: 2025-11-09_15-45-37_taxonomy_mapping_pass2_batch_f12b66cd4ac9.json
📝 Response logged: 2025-11-09_15-45-41_taxonomy_mapping_pass2_batch_f12b66cd4ac9_RESPONSE.json
      Pass 2 (batch of 2) → Invited Panels, Workshops, Symposia (avg: 0.85)

  [78] Unknown
      Entries: 2, Subgroups: 0
📝 Prompt logged: 2025-11-09_15-45-41_taxonomy_mapping_pass1_ea7f58c449b7.json
📝 Response logged: 2025-11-09_15-45-43_taxonomy_mapping_pass1_ea7f58c449b7_RESPONSE.json
      Pass 1 → Invitations to Speak/Present (0.95)
📝 Prompt logged: 2025-11-09_15-45-43_taxonomy_mapping_pass2_batch_0824cca070ab.json
📝 Response logged: 2025-11-09_15-45-47_taxonomy_mapping_pass2_batch_0824cca070ab_RESPONSE.json
      Pass 2 (batch of 2) → Invited Panels, Workshops, Symposia (avg: 0.85)

  [79] Unknown
      Entries: 6, Subgroups: 0
📝 Prompt logged: 2025-11-09_15-45-47_taxonomy_mapping_pass1_4517de08f579.json
📝 Response logged: 2025-11-09_15-45-52_taxonomy_mapping_pass1_4517de08f579_RESPONSE.json
      Pass 1 → Invitations to Speak/Present (0.95)
📝 Prompt logged: 2025-11-09_15-45-52_taxonomy_mapping_pass2_batch_0cd48287253c.json
📝 Response logged: 2025-11-09_15-45-59_taxonomy_mapping_pass2_batch_0cd48287253c_RESPONSE.json
      Pass 2 (batch of 6) → Invited Panels, Workshops, Symposia (avg: 0.87)

  [80] Unknown
      Entries: 6, Subgroups: 0
📝 Prompt logged: 2025-11-09_15-45-59_taxonomy_mapping_pass1_513b2dbd84c1.json
📝 Response logged: 2025-11-09_15-46-02_taxonomy_mapping_pass1_513b2dbd84c1_RESPONSE.json
      Pass 1 → Invitations to Speak/Present (0.95)
📝 Prompt logged: 2025-11-09_15-46-02_taxonomy_mapping_pass2_batch_ca7c14593883.json
📝 Response logged: 2025-11-09_15-46-11_taxonomy_mapping_pass2_batch_ca7c14593883_RESPONSE.json
      Pass 2 (batch of 6) → Invited Panels, Workshops, Symposia (avg: 0.89)

  [81] Unknown
      Entries: 2, Subgroups: 0
📝 Prompt logged: 2025-11-09_15-46-11_taxonomy_mapping_pass1_8eaae1f5f8cc.json
📝 Response logged: 2025-11-09_15-46-14_taxonomy_mapping_pass1_8eaae1f5f8cc_RESPONSE.json
      Pass 1 → Honors and Awards (0.90)

  [82] Unknown
      Entries: 6, Subgroups: 0
📝 Prompt logged: 2025-11-09_15-46-14_taxonomy_mapping_pass1_b6b9071e82df.json
📝 Response logged: 2025-11-09_15-46-17_taxonomy_mapping_pass1_b6b9071e82df_RESPONSE.json
      Pass 1 → Invitations to Speak/Present (0.95)
📝 Prompt logged: 2025-11-09_15-46-17_taxonomy_mapping_pass2_batch_29d7730156c4.json
📝 Response logged: 2025-11-09_15-46-27_taxonomy_mapping_pass2_batch_29d7730156c4_RESPONSE.json
      Pass 2 (batch of 6) → Invited Keynotes, Named Lectures, Plenaries (avg: 0.88)

  [83] Unknown
      Entries: 17, Subgroups: 0
📝 Prompt logged: 2025-11-09_15-46-27_taxonomy_mapping_pass1_fa0ee12e49c8.json
📝 Response logged: 2025-11-09_15-46-30_taxonomy_mapping_pass1_fa0ee12e49c8_RESPONSE.json
      Pass 1 → Invitations to Speak/Present (0.95)
📝 Prompt logged: 2025-11-09_15-46-30_taxonomy_mapping_pass2_batch_9b30f192d328.json
📝 Response logged: 2025-11-09_15-46-44_taxonomy_mapping_pass2_batch_9b30f192d328_RESPONSE.json
      Pass 2 (batch of 17) → Grand Rounds (avg: 0.78)

  [84] Unknown
      Entries: 0, Subgroups: 2
📝 Prompt logged: 2025-11-09_15-46-44_taxonomy_mapping_pass1_ff4296c18ed1.json
📝 Response logged: 2025-11-09_15-46-46_taxonomy_mapping_pass1_ff4296c18ed1_RESPONSE.json
      Pass 1 → Research (0.95)

    [85] Unknown
        Entries: 92, Subgroups: 1
📝 Prompt logged: 2025-11-09_15-46-47_taxonomy_mapping_pass1_66d67fa04fb4.json
📝 Response logged: 2025-11-09_15-46-49_taxonomy_mapping_pass1_66d67fa04fb4_RESPONSE.json
        Pass 1 → Research (0.95)
📝 Prompt logged: 2025-11-09_15-46-49_taxonomy_mapping_pass2_batch_08c3cd81397a.json
📝 Response logged: 2025-11-09_15-47-02_taxonomy_mapping_pass2_batch_08c3cd81397a_RESPONSE.json
        Pass 2 (batch of 20) → Research Support (Grants/Funding) (avg: 0.95)

      [86] Unknown
          Entries: 7, Subgroups: 0
📝 Prompt logged: 2025-11-09_15-47-02_taxonomy_mapping_pass1_39044b7cba89.json
📝 Response logged: 2025-11-09_15-47-04_taxonomy_mapping_pass1_39044b7cba89_RESPONSE.json
          Pass 1 → Research (0.95)
📝 Prompt logged: 2025-11-09_15-47-04_taxonomy_mapping_pass2_batch_909db18946f0.json
📝 Response logged: 2025-11-09_15-47-14_taxonomy_mapping_pass2_batch_909db18946f0_RESPONSE.json
          Pass 2 (batch of 7) → Patents & Inventions (avg: 0.95)

    [87] Unknown
        Entries: 39, Subgroups: 0
📝 Prompt logged: 2025-11-09_15-47-14_taxonomy_mapping_pass1_c93d19fb222b.json
📝 Response logged: 2025-11-09_15-47-16_taxonomy_mapping_pass1_c93d19fb222b_RESPONSE.json
        Pass 1 → Bibliography (0.95)
📝 Prompt logged: 2025-11-09_15-47-16_taxonomy_mapping_pass2_batch_ad9516338226.json
📝 Response logged: 2025-11-09_15-47-27_taxonomy_mapping_pass2_batch_ad9516338226_RESPONSE.json
        Pass 2 (batch of 39) → Peer-Reviewed Research Articles (original research) (avg: 0.95)

================================================================================
MAPPING RESULTS (V2)
================================================================================
Classified sections: 87
  High confidence (≥0.85): 87 (100.0%)
Average confidence: 0.947

API Calls:
  Pass 1 (parent): 87
  Pass 2 (child): 81
  Total: 168

Token Usage:
  Prompt: 300,049
  Completion: 40,994
  Total: 341,043

✓ Results saved to: .outputs/phase2_20cvs/2005_Bpg_mapped.json
  ✓ 168 calls, 341,043 tokens, 0.947 confidence (1002.3s)
[5/8] 2006_Bush...
================================================================================
TWO-PASS HIERARCHICAL TAXONOMY MAPPING (V2)
================================================================================
Input: .outputs/phase2_20cvs/2006_Bush_preprocessed.json
Strategy: Pass 1 (20 parents) → Router → Pass 2 (3-9 children)

✓ Loaded segmented CV

Processing 213 top-level groups...

  [1] Unknown
      Entries: 1, Subgroups: 0
📝 Prompt logged: 2025-11-09_15-47-27_taxonomy_mapping_pass1_c2607f302eec.json
📝 Response logged: 2025-11-09_15-47-29_taxonomy_mapping_pass1_c2607f302eec_RESPONSE.json
      Pass 1 → Educational Contributions (0.95)
📝 Prompt logged: 2025-11-09_15-47-29_taxonomy_mapping_pass2_batch_7e77974bd9f3.json
📝 Response logged: 2025-11-09_15-47-31_taxonomy_mapping_pass2_batch_7e77974bd9f3_RESPONSE.json
      Pass 2 (batch of 1) → Didactic Teaching (courses taught) (avg: 1.00)

  [2] Unknown
      Entries: 1, Subgroups: 0
📝 Prompt logged: 2025-11-09_15-47-31_taxonomy_mapping_pass1_5eb8d1852324.json
📝 Response logged: 2025-11-09_15-47-33_taxonomy_mapping_pass1_5eb8d1852324_RESPONSE.json
      Pass 1 → Appendix / Other (0.85)

  [3] Unknown
      Entries: 2, Subgroups: 0
📝 Prompt logged: 2025-11-09_15-47-33_taxonomy_mapping_pass1_ddaa720311c8.json
📝 Response logged: 2025-11-09_15-47-37_taxonomy_mapping_pass1_ddaa720311c8_RESPONSE.json
      Pass 1 → Personal Data / Contact Information (0.95)
      Router → Skip Pass 2 (direct to extraction)

  [4] Unknown
      Entries: 1, Subgroups: 0
📝 Prompt logged: 2025-11-09_15-47-37_taxonomy_mapping_pass1_c6442e5210f8.json
📝 Response logged: 2025-11-09_15-47-41_taxonomy_mapping_pass1_c6442e5210f8_RESPONSE.json
      Pass 1 → Education (0.95)
📝 Prompt logged: 2025-11-09_15-47-41_taxonomy_mapping_pass2_batch_5319655414af.json
📝 Response logged: 2025-11-09_15-47-44_taxonomy_mapping_pass2_batch_5319655414af_RESPONSE.json
      Pass 2 (batch of 1) → Undergraduate Degree (BA, BS, AB) (avg: 0.90)

  [5] Unknown
      Entries: 0, Subgroups: 0
📝 Prompt logged: 2025-11-09_15-47-44_taxonomy_mapping_pass1_2776f3db0de2.json
📝 Response logged: 2025-11-09_15-47-46_taxonomy_mapping_pass1_2776f3db0de2_RESPONSE.json
      Pass 1 → Appendix / Other (0.85)

  [6] Unknown
      Entries: 1, Subgroups: 0
📝 Prompt logged: 2025-11-09_15-47-46_taxonomy_mapping_pass1_d25c4a748082.json
📝 Response logged: 2025-11-09_15-47-48_taxonomy_mapping_pass1_d25c4a748082_RESPONSE.json
      Pass 1 → Professional Positions & Employment (0.95)
📝 Prompt logged: 2025-11-09_15-47-48_taxonomy_mapping_pass2_batch_4c76d5e1ec60.json
📝 Response logged: 2025-11-09_15-47-50_taxonomy_mapping_pass2_batch_4c76d5e1ec60_RESPONSE.json
      Pass 2 (batch of 1) → Current Academic/Clinical Positions (avg: 0.90)

  [7] Unknown
      Entries: 1, Subgroups: 0
📝 Prompt logged: 2025-11-09_15-47-50_taxonomy_mapping_pass1_a6089a7100ab.json
📝 Response logged: 2025-11-09_15-47-53_taxonomy_mapping_pass1_a6089a7100ab_RESPONSE.json
      Pass 1 → Professional Positions & Employment (0.95)
📝 Prompt logged: 2025-11-09_15-47-53_taxonomy_mapping_pass2_batch_348c317e95eb.json
📝 Response logged: 2025-11-09_15-47-56_taxonomy_mapping_pass2_batch_348c317e95eb_RESPONSE.json
      Pass 2 (batch of 1) → Current Academic/Clinical Positions (avg: 0.90)

  [8] Unknown
      Entries: 2, Subgroups: 0
📝 Prompt logged: 2025-11-09_15-47-56_taxonomy_mapping_pass1_3b4cf3d3a2f7.json
📝 Response logged: 2025-11-09_15-48-00_taxonomy_mapping_pass1_3b4cf3d3a2f7_RESPONSE.json
      Pass 1 → Extramural Professional Responsibilities (0.85)
📝 Prompt logged: 2025-11-09_15-48-00_taxonomy_mapping_pass2_batch_2a125c9577ee.json
📝 Response logged: 2025-11-09_15-48-02_taxonomy_mapping_pass2_batch_2a125c9577ee_RESPONSE.json
      Pass 2 (batch of 2) → Leadership in Extramural Organizations (avg: 0.85)

  [9] Unknown
      Entries: 1, Subgroups: 0
📝 Prompt logged: 2025-11-09_15-48-02_taxonomy_mapping_pass1_9e53807afffd.json
📝 Response logged: 2025-11-09_15-48-04_taxonomy_mapping_pass1_9e53807afffd_RESPONSE.json
      Pass 1 → Professional Positions & Employment (0.95)
📝 Prompt logged: 2025-11-09_15-48-04_taxonomy_mapping_pass2_batch_d9d5b13bb395.json
📝 Response logged: 2025-11-09_15-48-06_taxonomy_mapping_pass2_batch_d9d5b13bb395_RESPONSE.json
      Pass 2 (batch of 1) → Current Academic/Clinical Positions (avg: 0.90)

  [10] Unknown
      Entries: 1, Subgroups: 0
📝 Prompt logged: 2025-11-09_15-48-06_taxonomy_mapping_pass1_15810a4ac87f.json
📝 Response logged: 2025-11-09_15-48-09_taxonomy_mapping_pass1_15810a4ac87f_RESPONSE.json
      Pass 1 → Educational Contributions (0.85)
📝 Prompt logged: 2025-11-09_15-48-09_taxonomy_mapping_pass2_batch_b82c5a89e4e1.json
📝 Response logged: 2025-11-09_15-48-12_taxonomy_mapping_pass2_batch_b82c5a89e4e1_RESPONSE.json
      Pass 2 (batch of 1) → Mentoring (avg: 0.87)

  [11] Unknown
      Entries: 1, Subgroups: 0
📝 Prompt logged: 2025-11-09_15-48-12_taxonomy_mapping_pass1_8ff818bd6622.json
📝 Response logged: 2025-11-09_15-48-15_taxonomy_mapping_pass1_8ff818bd6622_RESPONSE.json
      Pass 1 → Institutional / Hospital Affiliation (0.85)
      Router → Skip Pass 2 (direct to extraction)

  [12] Unknown
      Entries: 2, Subgroups: 0
📝 Prompt logged: 2025-11-09_15-48-16_taxonomy_mapping_pass1_285f83754de0.json
📝 Response logged: 2025-11-09_15-48-19_taxonomy_mapping_pass1_285f83754de0_RESPONSE.json
      Pass 1 → Professional Positions & Employment (0.95)
📝 Prompt logged: 2025-11-09_15-48-19_taxonomy_mapping_pass2_batch_cb9c232eb1a2.json
📝 Response logged: 2025-11-09_15-48-22_taxonomy_mapping_pass2_batch_cb9c232eb1a2_RESPONSE.json
      Pass 2 (batch of 2) → Current Academic/Clinical Positions (avg: 0.85)

  [13] Unknown
      Entries: 2, Subgroups: 0
📝 Prompt logged: 2025-11-09_15-48-22_taxonomy_mapping_pass1_509b8bc1db81.json
📝 Response logged: 2025-11-09_15-48-25_taxonomy_mapping_pass1_509b8bc1db81_RESPONSE.json
      Pass 1 → Institutional Administrative Activities (0.92)

  [14] Unknown
      Entries: 1, Subgroups: 0
📝 Prompt logged: 2025-11-09_15-48-25_taxonomy_mapping_pass1_d7f2d16ee28b.json
📝 Response logged: 2025-11-09_15-48-28_taxonomy_mapping_pass1_d7f2d16ee28b_RESPONSE.json
      Pass 1 → Invitations to Speak/Present (0.95)
📝 Prompt logged: 2025-11-09_15-48-28_taxonomy_mapping_pass2_batch_e9128d63aa15.json
📝 Response logged: 2025-11-09_15-48-30_taxonomy_mapping_pass2_batch_e9128d63aa15_RESPONSE.json
      Pass 2 (batch of 1) → Invited to Speak (avg: 0.90)

  [15] Unknown
      Entries: 2, Subgroups: 0
📝 Prompt logged: 2025-11-09_15-48-30_taxonomy_mapping_pass1_7cb0f2e5bda9.json
📝 Response logged: 2025-11-09_15-48-31_taxonomy_mapping_pass1_7cb0f2e5bda9_RESPONSE.json
      Pass 1 → Research (0.95)
📝 Prompt logged: 2025-11-09_15-48-31_taxonomy_mapping_pass2_batch_e4844aa52cca.json
📝 Response logged: 2025-11-09_15-48-34_taxonomy_mapping_pass2_batch_e4844aa52cca_RESPONSE.json
      Pass 2 (batch of 2) → Research Activities (Summary) (avg: 0.88)

  [16] Unknown
      Entries: 1, Subgroups: 0
📝 Prompt logged: 2025-11-09_15-48-34_taxonomy_mapping_pass1_f6752920d801.json
📝 Response logged: 2025-11-09_15-48-36_taxonomy_mapping_pass1_f6752920d801_RESPONSE.json
      Pass 1 → Appendix / Other (0.85)

  [17] Unknown
      Entries: 1, Subgroups: 0
📝 Prompt logged: 2025-11-09_15-48-36_taxonomy_mapping_pass1_8b03a6eade3a.json
📝 Response logged: 2025-11-09_15-48-40_taxonomy_mapping_pass1_8b03a6eade3a_RESPONSE.json
      Pass 1 → Professional Positions & Employment (0.95)
📝 Prompt logged: 2025-11-09_15-48-40_taxonomy_mapping_pass2_batch_ffbdf8c434e8.json
📝 Response logged: 2025-11-09_15-48-41_taxonomy_mapping_pass2_batch_ffbdf8c434e8_RESPONSE.json
      Pass 2 (batch of 1) → Current Academic/Clinical Positions (avg: 0.90)

  [18] Unknown
      Entries: 0, Subgroups: 0
📝 Prompt logged: 2025-11-09_15-48-41_taxonomy_mapping_pass1_2776f3db0de2.json
📝 Response logged: 2025-11-09_15-48-45_taxonomy_mapping_pass1_2776f3db0de2_RESPONSE.json
      Pass 1 → Appendix / Other (0.85)

  [19] Unknown
      Entries: 0, Subgroups: 2
📝 Prompt logged: 2025-11-09_15-48-45_taxonomy_mapping_pass1_cb23f55c56f5.json
📝 Response logged: 2025-11-09_15-48-48_taxonomy_mapping_pass1_cb23f55c56f5_RESPONSE.json
      Pass 1 → Personal Data / Contact Information (0.95)
      Router → Skip Pass 2 (direct to extraction)

    [20] Unknown
        Entries: 1, Subgroups: 0
📝 Prompt logged: 2025-11-09_15-48-48_taxonomy_mapping_pass1_d463a4f12acc.json
📝 Response logged: 2025-11-09_15-48-50_taxonomy_mapping_pass1_d463a4f12acc_RESPONSE.json
        Pass 1 → Personal Data / Contact Information (0.95)
        Router → Skip Pass 2 (direct to extraction)

    [21] Unknown
        Entries: 1, Subgroups: 0
📝 Prompt logged: 2025-11-09_15-48-50_taxonomy_mapping_pass1_af3c2819269c.json
📝 Response logged: 2025-11-09_15-48-51_taxonomy_mapping_pass1_af3c2819269c_RESPONSE.json
        Pass 1 → Personal Data / Contact Information (0.95)
        Router → Skip Pass 2 (direct to extraction)

  [22] Unknown
      Entries: 1, Subgroups: 0
📝 Prompt logged: 2025-11-09_15-48-51_taxonomy_mapping_pass1_a2b04f438c84.json
📝 Response logged: 2025-11-09_15-48-53_taxonomy_mapping_pass1_a2b04f438c84_RESPONSE.json
      Pass 1 → Personal Data / Contact Information (0.95)
      Router → Skip Pass 2 (direct to extraction)

  [23] Unknown
      Entries: 1, Subgroups: 0
📝 Prompt logged: 2025-11-09_15-48-53_taxonomy_mapping_pass1_03688000e176.json
📝 Response logged: 2025-11-09_15-48-55_taxonomy_mapping_pass1_03688000e176_RESPONSE.json
      Pass 1 → Personal Data / Contact Information (0.95)
      Router → Skip Pass 2 (direct to extraction)

  [24] Unknown
      Entries: 1, Subgroups: 3
📝 Prompt logged: 2025-11-09_15-48-55_taxonomy_mapping_pass1_82d9cefb5e3f.json
📝 Response logged: 2025-11-09_15-48-56_taxonomy_mapping_pass1_82d9cefb5e3f_RESPONSE.json
      Pass 1 → Licensure and Certification (0.95)
      Pass 2 → Failed: No confusion info for parent: F

    [25] Unknown
        Entries: 1, Subgroups: 0
📝 Prompt logged: 2025-11-09_15-48-56_taxonomy_mapping_pass1_69fc0a4e885b.json
📝 Response logged: 2025-11-09_15-48-58_taxonomy_mapping_pass1_69fc0a4e885b_RESPONSE.json
        Pass 1 → Licensure and Certification (0.95)
        Pass 2 → Failed: No confusion info for parent: F

    [26] Unknown
        Entries: 1, Subgroups: 0
📝 Prompt logged: 2025-11-09_15-48-58_taxonomy_mapping_pass1_7813492b3734.json
📝 Response logged: 2025-11-09_15-49-00_taxonomy_mapping_pass1_7813492b3734_RESPONSE.json
        Pass 1 → Licensure and Certification (0.95)
        Pass 2 → Failed: No confusion info for parent: F

    [27] Unknown
        Entries: 2, Subgroups: 0
📝 Prompt logged: 2025-11-09_15-49-00_taxonomy_mapping_pass1_5bd59c7680c2.json
📝 Response logged: 2025-11-09_15-49-03_taxonomy_mapping_pass1_5bd59c7680c2_RESPONSE.json
        Pass 1 → Licensure and Certification (0.95)
        Pass 2 → Failed: No confusion info for parent: F

  [28] Unknown
      Entries: 1, Subgroups: 2
📝 Prompt logged: 2025-11-09_15-49-03_taxonomy_mapping_pass1_189203cdc5b6.json
📝 Response logged: 2025-11-09_15-49-05_taxonomy_mapping_pass1_189203cdc5b6_RESPONSE.json
      Pass 1 → Licensure and Certification (0.95)
      Pass 2 → Failed: No confusion info for parent: F

    [29] Unknown
        Entries: 2, Subgroups: 0
📝 Prompt logged: 2025-11-09_15-49-05_taxonomy_mapping_pass1_78f016955edd.json
📝 Response logged: 2025-11-09_15-49-08_taxonomy_mapping_pass1_78f016955edd_RESPONSE.json
        Pass 1 → Licensure and Certification (0.95)
        Pass 2 → Failed: No confusion info for parent: F

    [30] Unknown
        Entries: 2, Subgroups: 0
📝 Prompt logged: 2025-11-09_15-49-08_taxonomy_mapping_pass1_5c23b489e83e.json
📝 Response logged: 2025-11-09_15-49-10_taxonomy_mapping_pass1_5c23b489e83e_RESPONSE.json
        Pass 1 → Licensure and Certification (0.95)
        Pass 2 → Failed: No confusion info for parent: F

  [31] Unknown
      Entries: 1, Subgroups: 2
📝 Prompt logged: 2025-11-09_15-49-10_taxonomy_mapping_pass1_7d0f48401aa2.json
📝 Response logged: 2025-11-09_15-49-14_taxonomy_mapping_pass1_7d0f48401aa2_RESPONSE.json
      Pass 1 → Licensure and Certification (0.95)
      Pass 2 → Failed: No confusion info for parent: F

    [32] Unknown
        Entries: 2, Subgroups: 0
📝 Prompt logged: 2025-11-09_15-49-14_taxonomy_mapping_pass1_6651606c6ea8.json
📝 Response logged: 2025-11-09_15-49-16_taxonomy_mapping_pass1_6651606c6ea8_RESPONSE.json
        Pass 1 → Licensure and Certification (0.85)
        Pass 2 → Failed: No confusion info for parent: F

    [33] Unknown
        Entries: 1, Subgroups: 0
📝 Prompt logged: 2025-11-09_15-49-16_taxonomy_mapping_pass1_aa2f1c89e966.json
📝 Response logged: 2025-11-09_15-49-19_taxonomy_mapping_pass1_aa2f1c89e966_RESPONSE.json
        Pass 1 → Licensure and Certification (0.85)
        Pass 2 → Failed: No confusion info for parent: F

  [34] Unknown
      Entries: 2, Subgroups: 0
📝 Prompt logged: 2025-11-09_15-49-19_taxonomy_mapping_pass1_5f5378b6d419.json
📝 Response logged: 2025-11-09_15-49-21_taxonomy_mapping_pass1_5f5378b6d419_RESPONSE.json
      Pass 1 → Licensure and Certification (0.95)
      Pass 2 → Failed: No confusion info for parent: F

  [35] Unknown
      Entries: 1, Subgroups: 0
📝 Prompt logged: 2025-11-09_15-49-21_taxonomy_mapping_pass1_8d82e22d95ec.json
📝 Response logged: 2025-11-09_15-49-23_taxonomy_mapping_pass1_8d82e22d95ec_RESPONSE.json
      Pass 1 → Education (0.95)
📝 Prompt logged: 2025-11-09_15-49-23_taxonomy_mapping_pass2_batch_7a7aa30da06f.json
📝 Response logged: 2025-11-09_15-49-24_taxonomy_mapping_pass2_batch_7a7aa30da06f_RESPONSE.json
      Pass 2 (batch of 1) → Education YOU received (avg: 1.00)

  [36] Unknown
      Entries: 1, Subgroups: 1
📝 Prompt logged: 2025-11-09_15-49-24_taxonomy_mapping_pass1_3cdf9a676778.json
📝 Response logged: 2025-11-09_15-49-27_taxonomy_mapping_pass1_3cdf9a676778_RESPONSE.json
      Pass 1 → Education (0.95)
📝 Prompt logged: 2025-11-09_15-49-27_taxonomy_mapping_pass2_batch_2cb74c77904b.json
📝 Response logged: 2025-11-09_15-49-28_taxonomy_mapping_pass2_batch_2cb74c77904b_RESPONSE.json
      Pass 2 (batch of 1) → Undergraduate Degree (BA, BS, AB) (avg: 1.00)

    [37] Unknown
        Entries: 2, Subgroups: 0
📝 Prompt logged: 2025-11-09_15-49-28_taxonomy_mapping_pass1_404ef8fb6865.json
📝 Response logged: 2025-11-09_15-49-30_taxonomy_mapping_pass1_404ef8fb6865_RESPONSE.json
        Pass 1 → Education (0.95)
📝 Prompt logged: 2025-11-09_15-49-30_taxonomy_mapping_pass2_batch_d651b3b1d468.json
📝 Response logged: 2025-11-09_15-49-33_taxonomy_mapping_pass2_batch_d651b3b1d468_RESPONSE.json
        Pass 2 (batch of 2) → Undergraduate Degree (BA, BS, AB) (avg: 0.93)

  [38] Unknown
      Entries: 1, Subgroups: 3
📝 Prompt logged: 2025-11-09_15-49-33_taxonomy_mapping_pass1_712f437f6e24.json
📝 Response logged: 2025-11-09_15-49-35_taxonomy_mapping_pass1_712f437f6e24_RESPONSE.json
      Pass 1 → Education (0.95)
📝 Prompt logged: 2025-11-09_15-49-35_taxonomy_mapping_pass2_batch_6a75b96c7ee0.json
📝 Response logged: 2025-11-09_15-49-39_taxonomy_mapping_pass2_batch_6a75b96c7ee0_RESPONSE.json
      Pass 2 (batch of 1) → Master's Degree (MA, MS, MPH, MBA) (avg: 0.90)

    [39] Unknown
        Entries: 2, Subgroups: 0
📝 Prompt logged: 2025-11-09_15-49-39_taxonomy_mapping_pass1_e11cf06a3d3e.json
📝 Response logged: 2025-11-09_15-49-41_taxonomy_mapping_pass1_e11cf06a3d3e_RESPONSE.json
        Pass 1 → Education (0.95)
📝 Prompt logged: 2025-11-09_15-49-41_taxonomy_mapping_pass2_batch_e84bef837ce0.json
📝 Response logged: 2025-11-09_15-49-43_taxonomy_mapping_pass2_batch_e84bef837ce0_RESPONSE.json
        Pass 2 (batch of 2) → Doctoral Degree (PhD, MD, DrPH, etc.) (avg: 0.90)

    [40] Unknown
        Entries: 2, Subgroups: 0
📝 Prompt logged: 2025-11-09_15-49-43_taxonomy_mapping_pass1_2995e1e43626.json
📝 Response logged: 2025-11-09_15-49-45_taxonomy_mapping_pass1_2995e1e43626_RESPONSE.json
        Pass 1 → Education (0.95)
📝 Prompt logged: 2025-11-09_15-49-45_taxonomy_mapping_pass2_batch_888f19fdf286.json
📝 Response logged: 2025-11-09_15-49-48_taxonomy_mapping_pass2_batch_888f19fdf286_RESPONSE.json
        Pass 2 (batch of 2) → Doctoral Degree (PhD, MD, DrPH, etc.) (avg: 0.90)

    [41] Unknown
        Entries: 2, Subgroups: 0
📝 Prompt logged: 2025-11-09_15-49-48_taxonomy_mapping_pass1_abeb8eaf2e33.json
📝 Response logged: 2025-11-09_15-49-51_taxonomy_mapping_pass1_abeb8eaf2e33_RESPONSE.json
        Pass 1 → Education (0.95)
📝 Prompt logged: 2025-11-09_15-49-51_taxonomy_mapping_pass2_batch_b6bc283aca8f.json
📝 Response logged: 2025-11-09_15-49-54_taxonomy_mapping_pass2_batch_b6bc283aca8f_RESPONSE.json
        Pass 2 (batch of 2) → Master's Degree (MA, MS, MPH, MBA) (avg: 0.90)

  [42] Unknown
      Entries: 1, Subgroups: 4
📝 Prompt logged: 2025-11-09_15-49-54_taxonomy_mapping_pass1_ca889e5a823d.json
📝 Response logged: 2025-11-09_15-49-57_taxonomy_mapping_pass1_ca889e5a823d_RESPONSE.json
      Pass 1 → Postdoctoral Training (0.95)
      Pass 2 → Failed: No confusion info for parent: C

    [43] Unknown
        Entries: 2, Subgroups: 0
📝 Prompt logged: 2025-11-09_15-49-57_taxonomy_mapping_pass1_6c728e365ec9.json
📝 Response logged: 2025-11-09_15-50-00_taxonomy_mapping_pass1_6c728e365ec9_RESPONSE.json
        Pass 1 → Professional Positions & Employment (0.95)
📝 Prompt logged: 2025-11-09_15-50-00_taxonomy_mapping_pass2_batch_c03a080d3dc0.json
📝 Response logged: 2025-11-09_15-50-03_taxonomy_mapping_pass2_batch_c03a080d3dc0_RESPONSE.json
        Pass 2 (batch of 2) → Past Academic/Clinical Positions (avg: 0.93)

    [44] Unknown
        Entries: 2, Subgroups: 0
📝 Prompt logged: 2025-11-09_15-50-03_taxonomy_mapping_pass1_f351beecc2e1.json
📝 Response logged: 2025-11-09_15-50-06_taxonomy_mapping_pass1_f351beecc2e1_RESPONSE.json
        Pass 1 → Postdoctoral Training (0.95)
        Pass 2 → Failed: No confusion info for parent: C

    [45] Unknown
        Entries: 2, Subgroups: 0
📝 Prompt logged: 2025-11-09_15-50-06_taxonomy_mapping_pass1_88fcc09e218a.json
📝 Response logged: 2025-11-09_15-50-11_taxonomy_mapping_pass1_88fcc09e218a_RESPONSE.json
        Pass 1 → Postdoctoral Training (0.85)
        Pass 2 → Failed: No confusion info for parent: C

    [46] Unknown
        Entries: 2, Subgroups: 0
📝 Prompt logged: 2025-11-09_15-50-11_taxonomy_mapping_pass1_76c5395e1580.json
📝 Response logged: 2025-11-09_15-50-14_taxonomy_mapping_pass1_76c5395e1580_RESPONSE.json
        Pass 1 → Postdoctoral Training (0.95)
        Pass 2 → Failed: No confusion info for parent: C

  [47] Unknown
      Entries: 1, Subgroups: 6
📝 Prompt logged: 2025-11-09_15-50-14_taxonomy_mapping_pass1_bed658929300.json
📝 Response logged: 2025-11-09_15-50-17_taxonomy_mapping_pass1_bed658929300_RESPONSE.json
      Pass 1 → Postdoctoral Training (0.85)
      Pass 2 → Failed: No confusion info for parent: C

    [48] Unknown
        Entries: 2, Subgroups: 0
📝 Prompt logged: 2025-11-09_15-50-17_taxonomy_mapping_pass1_660f9b5e0431.json
📝 Response logged: 2025-11-09_15-50-20_taxonomy_mapping_pass1_660f9b5e0431_RESPONSE.json
        Pass 1 → Professional Positions & Employment (0.95)
📝 Prompt logged: 2025-11-09_15-50-20_taxonomy_mapping_pass2_batch_5d0ea444755d.json
📝 Response logged: 2025-11-09_15-50-22_taxonomy_mapping_pass2_batch_5d0ea444755d_RESPONSE.json
        Pass 2 (batch of 2) → Current Academic/Clinical Positions (avg: 0.85)

    [49] Unknown
        Entries: 4, Subgroups: 0
📝 Prompt logged: 2025-11-09_15-50-22_taxonomy_mapping_pass1_7aea556a8d15.json
📝 Response logged: 2025-11-09_15-50-25_taxonomy_mapping_pass1_7aea556a8d15_RESPONSE.json
        Pass 1 → Postdoctoral Training (0.90)
        Pass 2 → Failed: No confusion info for parent: C

    [50] Unknown
        Entries: 2, Subgroups: 0
📝 Prompt logged: 2025-11-09_15-50-25_taxonomy_mapping_pass1_11c410f7acf1.json
📝 Response logged: 2025-11-09_15-50-28_taxonomy_mapping_pass1_11c410f7acf1_RESPONSE.json
        Pass 1 → Education (0.85)
📝 Prompt logged: 2025-11-09_15-50-28_taxonomy_mapping_pass2_batch_9b06a39c1e47.json
📝 Response logged: 2025-11-09_15-50-30_taxonomy_mapping_pass2_batch_9b06a39c1e47_RESPONSE.json
        Pass 2 (batch of 2) → Education YOU received (avg: 0.88)

    [51] Unknown
        Entries: 2, Subgroups: 0
📝 Prompt logged: 2025-11-09_15-50-30_taxonomy_mapping_pass1_be755eef099f.json
📝 Response logged: 2025-11-09_15-50-33_taxonomy_mapping_pass1_be755eef099f_RESPONSE.json
        Pass 1 → Professional Positions & Employment (0.95)
📝 Prompt logged: 2025-11-09_15-50-33_taxonomy_mapping_pass2_batch_2ff2d4ed7ef2.json
📝 Response logged: 2025-11-09_15-50-37_taxonomy_mapping_pass2_batch_2ff2d4ed7ef2_RESPONSE.json
        Pass 2 (batch of 2) → Current Academic/Clinical Positions (avg: 0.75)

    [52] Unknown
        Entries: 2, Subgroups: 0
📝 Prompt logged: 2025-11-09_15-50-37_taxonomy_mapping_pass1_7c39931fc413.json
📝 Response logged: 2025-11-09_15-50-40_taxonomy_mapping_pass1_7c39931fc413_RESPONSE.json
        Pass 1 → Professional Positions & Employment (0.85)
📝 Prompt logged: 2025-11-09_15-50-40_taxonomy_mapping_pass2_batch_e1d16592ba8e.json
📝 Response logged: 2025-11-09_15-50-43_taxonomy_mapping_pass2_batch_e1d16592ba8e_RESPONSE.json
        Pass 2 (batch of 2) → Current Academic/Clinical Positions (avg: 0.85)

    [53] Unknown
        Entries: 3, Subgroups: 0
📝 Prompt logged: 2025-11-09_15-50-43_taxonomy_mapping_pass1_edd27de11868.json
📝 Response logged: 2025-11-09_15-50-44_taxonomy_mapping_pass1_edd27de11868_RESPONSE.json
        Pass 1 → Professional Positions & Employment (0.95)
📝 Prompt logged: 2025-11-09_15-50-44_taxonomy_mapping_pass2_batch_6b0dc0c76c43.json
📝 Response logged: 2025-11-09_15-50-48_taxonomy_mapping_pass2_batch_6b0dc0c76c43_RESPONSE.json
        Pass 2 (batch of 3) → Past Academic/Clinical Positions (avg: 0.90)

  [54] Unknown
      Entries: 3, Subgroups: 0
📝 Prompt logged: 2025-11-09_15-50-48_taxonomy_mapping_pass1_5e39d0aaf643.json
📝 Response logged: 2025-11-09_15-50-51_taxonomy_mapping_pass1_5e39d0aaf643_RESPONSE.json
      Pass 1 → Professional Positions & Employment (0.95)
📝 Prompt logged: 2025-11-09_15-50-51_taxonomy_mapping_pass2_batch_5ac6c1c8bbf0.json
📝 Response logged: 2025-11-09_15-50-54_taxonomy_mapping_pass2_batch_5ac6c1c8bbf0_RESPONSE.json
      Pass 2 (batch of 3) → Current Academic/Clinical Positions (avg: 0.88)

  [55] Unknown
      Entries: 0, Subgroups: 0
📝 Prompt logged: 2025-11-09_15-50-54_taxonomy_mapping_pass1_2776f3db0de2.json
📝 Response logged: 2025-11-09_15-50-57_taxonomy_mapping_pass1_2776f3db0de2_RESPONSE.json
      Pass 1 → Appendix / Other (0.85)

  [56] Unknown
      Entries: 1, Subgroups: 1
📝 Prompt logged: 2025-11-09_15-50-57_taxonomy_mapping_pass1_c9c686996381.json
📝 Response logged: 2025-11-09_15-50-59_taxonomy_mapping_pass1_c9c686996381_RESPONSE.json
      Pass 1 → Professional Positions & Employment (0.95)
📝 Prompt logged: 2025-11-09_15-50-59_taxonomy_mapping_pass2_batch_b0fc725934e6.json
📝 Response logged: 2025-11-09_15-51-01_taxonomy_mapping_pass2_batch_b0fc725934e6_RESPONSE.json
      Pass 2 (batch of 1) → Current Academic/Clinical Positions (avg: 0.90)

    [57] Unknown
        Entries: 6, Subgroups: 0
📝 Prompt logged: 2025-11-09_15-51-01_taxonomy_mapping_pass1_ec29610c2b05.json
📝 Response logged: 2025-11-09_15-51-03_taxonomy_mapping_pass1_ec29610c2b05_RESPONSE.json
        Pass 1 → Professional Positions & Employment (0.95)
📝 Prompt logged: 2025-11-09_15-51-03_taxonomy_mapping_pass2_batch_2af075151538.json
📝 Response logged: 2025-11-09_15-51-09_taxonomy_mapping_pass2_batch_2af075151538_RESPONSE.json
        Pass 2 (batch of 6) → Past Academic/Clinical Positions (avg: 0.90)

  [58] Unknown
      Entries: 1, Subgroups: 1
📝 Prompt logged: 2025-11-09_15-51-09_taxonomy_mapping_pass1_ec3296923f35.json
📝 Response logged: 2025-11-09_15-51-14_taxonomy_mapping_pass1_ec3296923f35_RESPONSE.json
      Pass 1 → Educational Contributions (0.85)
📝 Prompt logged: 2025-11-09_15-51-14_taxonomy_mapping_pass2_batch_711964976564.json
📝 Response logged: 2025-11-09_15-51-15_taxonomy_mapping_pass2_batch_711964976564_RESPONSE.json
      Pass 2 (batch of 1) → Administrative Teaching Roles (avg: 0.90)

    [59] Unknown
        Entries: 1, Subgroups: 0
📝 Prompt logged: 2025-11-09_15-51-15_taxonomy_mapping_pass1_10451f20573b.json
📝 Response logged: 2025-11-09_15-51-18_taxonomy_mapping_pass1_10451f20573b_RESPONSE.json
        Pass 1 → Education (0.85)
📝 Prompt logged: 2025-11-09_15-51-18_taxonomy_mapping_pass2_batch_dd963ec60e58.json
📝 Response logged: 2025-11-09_15-51-19_taxonomy_mapping_pass2_batch_dd963ec60e58_RESPONSE.json
        Pass 2 (batch of 1) → Doctoral Degree (PhD, MD, DrPH, etc.) (avg: 0.90)

  [60] Unknown
      Entries: 5, Subgroups: 2
📝 Prompt logged: 2025-11-09_15-51-19_taxonomy_mapping_pass1_e3a79d428dcb.json
📝 Response logged: 2025-11-09_15-51-22_taxonomy_mapping_pass1_e3a79d428dcb_RESPONSE.json
      Pass 1 → Invitations to Speak/Present (0.95)
📝 Prompt logged: 2025-11-09_15-51-22_taxonomy_mapping_pass2_batch_0f3e4086e13e.json
📝 Response logged: 2025-11-09_15-51-33_taxonomy_mapping_pass2_batch_0f3e4086e13e_RESPONSE.json
      Pass 2 (batch of 5) → Invited Keynotes, Named Lectures, Plenaries (avg: 0.82)

    [61] Unknown
        Entries: 2, Subgroups: 0
📝 Prompt logged: 2025-11-09_15-51-33_taxonomy_mapping_pass1_da5f958cbcd8.json
📝 Response logged: 2025-11-09_15-51-35_taxonomy_mapping_pass1_da5f958cbcd8_RESPONSE.json
        Pass 1 → Professional Positions & Employment (0.85)
📝 Prompt logged: 2025-11-09_15-51-35_taxonomy_mapping_pass2_batch_65ca94f1ef69.json
📝 Response logged: 2025-11-09_15-51-39_taxonomy_mapping_pass2_batch_65ca94f1ef69_RESPONSE.json
        Pass 2 (batch of 2) → Current Academic/Clinical Positions (avg: 0.85)

    [62] Unknown
        Entries: 1, Subgroups: 0
📝 Prompt logged: 2025-11-09_15-51-39_taxonomy_mapping_pass1_10451f20573b.json
📝 Response logged: 2025-11-09_15-51-42_taxonomy_mapping_pass1_10451f20573b_RESPONSE.json
        Pass 1 → Education (0.85)
📝 Prompt logged: 2025-11-09_15-51-42_taxonomy_mapping_pass2_batch_dd963ec60e58.json
📝 Response logged: 2025-11-09_15-51-43_taxonomy_mapping_pass2_batch_dd963ec60e58_RESPONSE.json
        Pass 2 (batch of 1) → Doctoral Degree (PhD, MD, DrPH, etc.) (avg: 0.90)

  [63] Unknown
      Entries: 5, Subgroups: 1
📝 Prompt logged: 2025-11-09_15-51-43_taxonomy_mapping_pass1_a749a790afee.json
📝 Response logged: 2025-11-09_15-51-46_taxonomy_mapping_pass1_a749a790afee_RESPONSE.json
      Pass 1 → Invitations to Speak/Present (0.95)
📝 Prompt logged: 2025-11-09_15-51-46_taxonomy_mapping_pass2_batch_06967c184f30.json
📝 Response logged: 2025-11-09_15-51-54_taxonomy_mapping_pass2_batch_06967c184f30_RESPONSE.json
      Pass 2 (batch of 5) → Invited Keynotes, Named Lectures, Plenaries (avg: 0.88)

    [64] Unknown
        Entries: 1, Subgroups: 0
📝 Prompt logged: 2025-11-09_15-51-54_taxonomy_mapping_pass1_10451f20573b.json
📝 Response logged: 2025-11-09_15-51-57_taxonomy_mapping_pass1_10451f20573b_RESPONSE.json
        Pass 1 → Education (0.85)
📝 Prompt logged: 2025-11-09_15-51-57_taxonomy_mapping_pass2_batch_dd963ec60e58.json
📝 Response logged: 2025-11-09_15-51-59_taxonomy_mapping_pass2_batch_dd963ec60e58_RESPONSE.json
        Pass 2 (batch of 1) → Doctoral Degree (PhD, MD, DrPH, etc.) (avg: 0.90)

  [65] Unknown
      Entries: 9, Subgroups: 3
📝 Prompt logged: 2025-11-09_15-51-59_taxonomy_mapping_pass1_4bc14850eef8.json
📝 Response logged: 2025-11-09_15-52-01_taxonomy_mapping_pass1_4bc14850eef8_RESPONSE.json
      Pass 1 → Research (0.95)
📝 Prompt logged: 2025-11-09_15-52-01_taxonomy_mapping_pass2_batch_3dc5182a2a29.json
📝 Response logged: 2025-11-09_15-52-11_taxonomy_mapping_pass2_batch_3dc5182a2a29_RESPONSE.json
      Pass 2 (batch of 9) → Research Activities (Summary) (avg: 0.81)

    [66] Unknown
        Entries: 2, Subgroups: 0
📝 Prompt logged: 2025-11-09_15-52-11_taxonomy_mapping_pass1_bd4acd1c58c6.json
📝 Response logged: 2025-11-09_15-52-13_taxonomy_mapping_pass1_bd4acd1c58c6_RESPONSE.json
        Pass 1 → Invitations to Speak/Present (0.95)
📝 Prompt logged: 2025-11-09_15-52-13_taxonomy_mapping_pass2_batch_3de28f38c357.json
📝 Response logged: 2025-11-09_15-52-16_taxonomy_mapping_pass2_batch_3de28f38c357_RESPONSE.json
        Pass 2 (batch of 2) → Grand Rounds, Visiting Professorships, Departmental Seminars (avg: 0.80)

    [67] Unknown
        Entries: 2, Subgroups: 0
📝 Prompt logged: 2025-11-09_15-52-17_taxonomy_mapping_pass1_e6ef8343bb9b.json
📝 Response logged: 2025-11-09_15-52-20_taxonomy_mapping_pass1_e6ef8343bb9b_RESPONSE.json
        Pass 1 → Education (0.85)
📝 Prompt logged: 2025-11-09_15-52-20_taxonomy_mapping_pass2_batch_f0b384624b83.json
📝 Response logged: 2025-11-09_15-52-22_taxonomy_mapping_pass2_batch_f0b384624b83_RESPONSE.json
        Pass 2 (batch of 2) → Doctoral Degree (PhD, MD, DrPH, etc.) (avg: 0.88)

    [68] Unknown
        Entries: 1, Subgroups: 0
📝 Prompt logged: 2025-11-09_15-52-22_taxonomy_mapping_pass1_10451f20573b.json
📝 Response logged: 2025-11-09_15-52-25_taxonomy_mapping_pass1_10451f20573b_RESPONSE.json
        Pass 1 → Education (0.85)
📝 Prompt logged: 2025-11-09_15-52-25_taxonomy_mapping_pass2_batch_dd963ec60e58.json
📝 Response logged: 2025-11-09_15-52-27_taxonomy_mapping_pass2_batch_dd963ec60e58_RESPONSE.json
        Pass 2 (batch of 1) → Doctoral Degree (PhD, MD, DrPH, etc.) (avg: 0.90)

  [69] Unknown
      Entries: 9, Subgroups: 2
📝 Prompt logged: 2025-11-09_15-52-27_taxonomy_mapping_pass1_1043e02bf5dc.json
📝 Response logged: 2025-11-09_15-52-30_taxonomy_mapping_pass1_1043e02bf5dc_RESPONSE.json
      Pass 1 → Educational Contributions (0.85)
📝 Prompt logged: 2025-11-09_15-52-30_taxonomy_mapping_pass2_batch_9c38b5eadbe8.json
📝 Response logged: 2025-11-09_15-52-38_taxonomy_mapping_pass2_batch_9c38b5eadbe8_RESPONSE.json
      Pass 2 (batch of 9) → Didactic Teaching (courses taught) (avg: 0.88)

    [70] Unknown
        Entries: 2, Subgroups: 0
📝 Prompt logged: 2025-11-09_15-52-38_taxonomy_mapping_pass1_5ec488dfd685.json
📝 Response logged: 2025-11-09_15-52-41_taxonomy_mapping_pass1_5ec488dfd685_RESPONSE.json
        Pass 1 → Education (0.85)
📝 Prompt logged: 2025-11-09_15-52-41_taxonomy_mapping_pass2_batch_7acc095a1cbc.json
📝 Response logged: 2025-11-09_15-52-44_taxonomy_mapping_pass2_batch_7acc095a1cbc_RESPONSE.json
        Pass 2 (batch of 2) → Doctoral Degree (PhD, MD, DrPH, etc.) (avg: 0.85)

    [71] Unknown
        Entries: 2, Subgroups: 0
📝 Prompt logged: 2025-11-09_15-52-44_taxonomy_mapping_pass1_d71530e52376.json
📝 Response logged: 2025-11-09_15-52-47_taxonomy_mapping_pass1_d71530e52376_RESPONSE.json
        Pass 1 → Professional Positions & Employment (0.85)
📝 Prompt logged: 2025-11-09_15-52-47_taxonomy_mapping_pass2_batch_2b18ef512154.json
📝 Response logged: 2025-11-09_15-52-50_taxonomy_mapping_pass2_batch_2b18ef512154_RESPONSE.json
        Pass 2 (batch of 2) → Current Academic/Clinical Positions (avg: 0.90)

  [72] Unknown
      Entries: 7, Subgroups: 2
📝 Prompt logged: 2025-11-09_15-52-50_taxonomy_mapping_pass1_a6e7bae05770.json
📝 Response logged: 2025-11-09_15-52-53_taxonomy_mapping_pass1_a6e7bae05770_RESPONSE.json
      Pass 1 → Educational Contributions (0.95)
📝 Prompt logged: 2025-11-09_15-52-53_taxonomy_mapping_pass2_batch_de43bb11c5cf.json
📝 Response logged: 2025-11-09_15-53-00_taxonomy_mapping_pass2_batch_de43bb11c5cf_RESPONSE.json
      Pass 2 (batch of 7) → Didactic Teaching (courses taught) (avg: 0.84)

    [73] Unknown
        Entries: 2, Subgroups: 0
📝 Prompt logged: 2025-11-09_15-53-00_taxonomy_mapping_pass1_584a9f37576d.json
📝 Response logged: 2025-11-09_15-53-03_taxonomy_mapping_pass1_584a9f37576d_RESPONSE.json
        Pass 1 → Institutional / Hospital Affiliation (0.85)
        Router → Skip Pass 2 (direct to extraction)

    [74] Unknown
        Entries: 1, Subgroups: 0
📝 Prompt logged: 2025-11-09_15-53-03_taxonomy_mapping_pass1_10451f20573b.json
📝 Response logged: 2025-11-09_15-53-05_taxonomy_mapping_pass1_10451f20573b_RESPONSE.json
        Pass 1 → Education (0.85)
📝 Prompt logged: 2025-11-09_15-53-05_taxonomy_mapping_pass2_batch_dd963ec60e58.json
📝 Response logged: 2025-11-09_15-53-08_taxonomy_mapping_pass2_batch_dd963ec60e58_RESPONSE.json
        Pass 2 (batch of 1) → Doctoral Degree (PhD, MD, DrPH, etc.) (avg: 0.90)

  [75] Unknown
      Entries: 6, Subgroups: 1
📝 Prompt logged: 2025-11-09_15-53-08_taxonomy_mapping_pass1_31e40f47c905.json
📝 Response logged: 2025-11-09_15-53-11_taxonomy_mapping_pass1_31e40f47c905_RESPONSE.json
      Pass 1 → Educational Contributions (0.95)
📝 Prompt logged: 2025-11-09_15-53-11_taxonomy_mapping_pass2_batch_d328223feba8.json
📝 Response logged: 2025-11-09_15-53-20_taxonomy_mapping_pass2_batch_d328223feba8_RESPONSE.json
      Pass 2 (batch of 6) → Didactic Teaching (courses taught) (avg: 0.88)

    [76] Unknown
        Entries: 2, Subgroups: 0
📝 Prompt logged: 2025-11-09_15-53-20_taxonomy_mapping_pass1_d71530e52376.json
📝 Response logged: 2025-11-09_15-53-22_taxonomy_mapping_pass1_d71530e52376_RESPONSE.json
        Pass 1 → Personal Data / Contact Information (0.85)
        Router → Skip Pass 2 (direct to extraction)

  [77] Unknown
      Entries: 4, Subgroups: 1
📝 Prompt logged: 2025-11-09_15-53-22_taxonomy_mapping_pass1_27a38fb4d01e.json
📝 Response logged: 2025-11-09_15-53-25_taxonomy_mapping_pass1_27a38fb4d01e_RESPONSE.json
      Pass 1 → Invitations to Speak/Present (0.95)
📝 Prompt logged: 2025-11-09_15-53-25_taxonomy_mapping_pass2_batch_81cff85075e2.json
📝 Response logged: 2025-11-09_15-53-33_taxonomy_mapping_pass2_batch_81cff85075e2_RESPONSE.json
      Pass 2 (batch of 4) → Invited Keynotes, Named Lectures, Plenaries (avg: 0.83)

    [78] Unknown
        Entries: 1, Subgroups: 0
📝 Prompt logged: 2025-11-09_15-53-33_taxonomy_mapping_pass1_10451f20573b.json
📝 Response logged: 2025-11-09_15-53-36_taxonomy_mapping_pass1_10451f20573b_RESPONSE.json
        Pass 1 → Education (0.85)
📝 Prompt logged: 2025-11-09_15-53-36_taxonomy_mapping_pass2_batch_dd963ec60e58.json
📝 Response logged: 2025-11-09_15-53-38_taxonomy_mapping_pass2_batch_dd963ec60e58_RESPONSE.json
        Pass 2 (batch of 1) → Doctoral Degree (PhD, MD, DrPH, etc.) (avg: 0.90)

  [79] Unknown
      Entries: 5, Subgroups: 3
📝 Prompt logged: 2025-11-09_15-53-38_taxonomy_mapping_pass1_4cf8f1889d21.json
📝 Response logged: 2025-11-09_15-53-41_taxonomy_mapping_pass1_4cf8f1889d21_RESPONSE.json
      Pass 1 → Invitations to Speak/Present (0.95)
📝 Prompt logged: 2025-11-09_15-53-41_taxonomy_mapping_pass2_batch_f9259998084e.json
📝 Response logged: 2025-11-09_15-53-47_taxonomy_mapping_pass2_batch_f9259998084e_RESPONSE.json
      Pass 2 (batch of 5) → Invited Keynotes, Named Lectures, Plenaries (avg: 0.85)

    [80] Unknown
        Entries: 2, Subgroups: 0
📝 Prompt logged: 2025-11-09_15-53-47_taxonomy_mapping_pass1_53bbaf4e9b17.json
📝 Response logged: 2025-11-09_15-53-51_taxonomy_mapping_pass1_53bbaf4e9b17_RESPONSE.json
        Pass 1 → Institutional / Hospital Affiliation (0.85)
        Router → Skip Pass 2 (direct to extraction)

    [81] Unknown
        Entries: 2, Subgroups: 0
📝 Prompt logged: 2025-11-09_15-53-51_taxonomy_mapping_pass1_2a1dfe829521.json
📝 Response logged: 2025-11-09_15-53-53_taxonomy_mapping_pass1_2a1dfe829521_RESPONSE.json
        Pass 1 → Invitations to Speak/Present (0.95)
📝 Prompt logged: 2025-11-09_15-53-53_taxonomy_mapping_pass2_batch_8d3f0a9054df.json
📝 Response logged: 2025-11-09_15-53-57_taxonomy_mapping_pass2_batch_8d3f0a9054df_RESPONSE.json
        Pass 2 (batch of 2) → Grand Rounds, Visiting Professorships, Departmental Seminars (avg: 0.80)

    [82] Unknown
        Entries: 1, Subgroups: 0
📝 Prompt logged: 2025-11-09_15-53-57_taxonomy_mapping_pass1_10451f20573b.json
📝 Response logged: 2025-11-09_15-54-00_taxonomy_mapping_pass1_10451f20573b_RESPONSE.json
        Pass 1 → Education (0.85)
📝 Prompt logged: 2025-11-09_15-54-00_taxonomy_mapping_pass2_batch_dd963ec60e58.json
📝 Response logged: 2025-11-09_15-54-02_taxonomy_mapping_pass2_batch_dd963ec60e58_RESPONSE.json
        Pass 2 (batch of 1) → Doctoral Degree (PhD, MD, DrPH, etc.) (avg: 0.90)

  [83] Unknown
      Entries: 8, Subgroups: 5
📝 Prompt logged: 2025-11-09_15-54-02_taxonomy_mapping_pass1_42998c581f58.json
📝 Response logged: 2025-11-09_15-54-05_taxonomy_mapping_pass1_42998c581f58_RESPONSE.json
      Pass 1 → Invitations to Speak/Present (0.95)
📝 Prompt logged: 2025-11-09_15-54-05_taxonomy_mapping_pass2_batch_8655822653f4.json
📝 Response logged: 2025-11-09_15-54-17_taxonomy_mapping_pass2_batch_8655822653f4_RESPONSE.json
      Pass 2 (batch of 8) → Invited Keynotes, Named Lectures, Plenaries (avg: 0.86)

    [84] Unknown
        Entries: 3, Subgroups: 0
📝 Prompt logged: 2025-11-09_15-54-17_taxonomy_mapping_pass1_5aebe765059f.json
📝 Response logged: 2025-11-09_15-54-19_taxonomy_mapping_pass1_5aebe765059f_RESPONSE.json
        Pass 1 → Professional Positions & Employment (0.95)
📝 Prompt logged: 2025-11-09_15-54-19_taxonomy_mapping_pass2_batch_5386de234caf.json
📝 Response logged: 2025-11-09_15-54-24_taxonomy_mapping_pass2_batch_5386de234caf_RESPONSE.json
        Pass 2 (batch of 3) → Past Academic/Clinical Positions (avg: 0.92)

    [85] Unknown
        Entries: 4, Subgroups: 0
📝 Prompt logged: 2025-11-09_15-54-24_taxonomy_mapping_pass1_735c50ff3fd0.json
📝 Response logged: 2025-11-09_15-54-26_taxonomy_mapping_pass1_735c50ff3fd0_RESPONSE.json
        Pass 1 → Clinical Practice, Innovation, and Leadership (0.95)
        Pass 2 → Failed: No confusion info for parent: L

    [86] Unknown
        Entries: 3, Subgroups: 0
📝 Prompt logged: 2025-11-09_15-54-26_taxonomy_mapping_pass1_26fb28aa3cfb.json
📝 Response logged: 2025-11-09_15-54-29_taxonomy_mapping_pass1_26fb28aa3cfb_RESPONSE.json
        Pass 1 → Clinical Practice, Innovation, and Leadership (0.95)
        Pass 2 → Failed: No confusion info for parent: L

    [87] Unknown
        Entries: 3, Subgroups: 0
📝 Prompt logged: 2025-11-09_15-54-29_taxonomy_mapping_pass1_488dbb851a10.json
📝 Response logged: 2025-11-09_15-54-31_taxonomy_mapping_pass1_488dbb851a10_RESPONSE.json
        Pass 1 → Clinical Practice, Innovation, and Leadership (0.95)
        Pass 2 → Failed: No confusion info for parent: L

    [88] Unknown
        Entries: 2, Subgroups: 0
📝 Prompt logged: 2025-11-09_15-54-31_taxonomy_mapping_pass1_4b15b429a850.json
📝 Response logged: 2025-11-09_15-54-37_taxonomy_mapping_pass1_4b15b429a850_RESPONSE.json
        Pass 1 → Clinical Practice, Innovation, and Leadership (0.95)
        Pass 2 → Failed: No confusion info for parent: L

  [89] Unknown
      Entries: 1, Subgroups: 0
📝 Prompt logged: 2025-11-09_15-54-37_taxonomy_mapping_pass1_60f9bc6bd964.json
📝 Response logged: 2025-11-09_15-54-40_taxonomy_mapping_pass1_60f9bc6bd964_RESPONSE.json
      Pass 1 → Extramural Professional Responsibilities (0.85)
📝 Prompt logged: 2025-11-09_15-54-40_taxonomy_mapping_pass2_batch_5772c6787b6a.json
📝 Response logged: 2025-11-09_15-54-42_taxonomy_mapping_pass2_batch_5772c6787b6a_RESPONSE.json
      Pass 2 (batch of 1) → Leadership in Extramural Organizations (avg: 0.90)

  [90] Unknown
      Entries: 3, Subgroups: 15
📝 Prompt logged: 2025-11-09_15-54-42_taxonomy_mapping_pass1_56604ea440b7.json
📝 Response logged: 2025-11-09_15-54-44_taxonomy_mapping_pass1_56604ea440b7_RESPONSE.json
      Pass 1 → Appendix / Other (0.85)

    [91] Unknown
        Entries: 2, Subgroups: 0
📝 Prompt logged: 2025-11-09_15-54-44_taxonomy_mapping_pass1_42979f9c60ab.json
📝 Response logged: 2025-11-09_15-54-47_taxonomy_mapping_pass1_42979f9c60ab_RESPONSE.json
        Pass 1 → Professional Positions & Employment (0.95)
📝 Prompt logged: 2025-11-09_15-54-47_taxonomy_mapping_pass2_batch_d5fe99b7005a.json
📝 Response logged: 2025-11-09_15-54-50_taxonomy_mapping_pass2_batch_d5fe99b7005a_RESPONSE.json
        Pass 2 (batch of 2) → Past Academic/Clinical Positions (avg: 0.85)

    [92] Unknown
        Entries: 3, Subgroups: 0
📝 Prompt logged: 2025-11-09_15-54-50_taxonomy_mapping_pass1_9fb6a7302e2c.json
📝 Response logged: 2025-11-09_15-54-52_taxonomy_mapping_pass1_9fb6a7302e2c_RESPONSE.json
        Pass 1 → Institutional Leadership Activities (0.95)
📝 Prompt logged: 2025-11-09_15-54-52_taxonomy_mapping_pass2_batch_bc6edaf6a563.json
📝 Response logged: 2025-11-09_15-54-57_taxonomy_mapping_pass2_batch_bc6edaf6a563_RESPONSE.json
        Pass 2 (batch of 3) → Institutional Leadership Activities (executive) (avg: 0.93)

    [93] Unknown
        Entries: 2, Subgroups: 0
📝 Prompt logged: 2025-11-09_15-54-57_taxonomy_mapping_pass1_a194f2b20e7c.json
📝 Response logged: 2025-11-09_15-55-00_taxonomy_mapping_pass1_a194f2b20e7c_RESPONSE.json
        Pass 1 → Institutional Administrative Activities (0.95)

    [94] Unknown
        Entries: 2, Subgroups: 0
📝 Prompt logged: 2025-11-09_15-55-00_taxonomy_mapping_pass1_cca52add3925.json
📝 Response logged: 2025-11-09_15-55-02_taxonomy_mapping_pass1_cca52add3925_RESPONSE.json
        Pass 1 → Extramural Professional Responsibilities (0.95)
📝 Prompt logged: 2025-11-09_15-55-03_taxonomy_mapping_pass2_batch_7b1b0b5cb632.json
📝 Response logged: 2025-11-09_15-55-05_taxonomy_mapping_pass2_batch_7b1b0b5cb632_RESPONSE.json
        Pass 2 (batch of 2) → Service on Boards and/or Committees (avg: 0.90)

    [95] Unknown
        Entries: 2, Subgroups: 0
📝 Prompt logged: 2025-11-09_15-55-05_taxonomy_mapping_pass1_9b9a7a0b91e6.json
📝 Response logged: 2025-11-09_15-55-08_taxonomy_mapping_pass1_9b9a7a0b91e6_RESPONSE.json
        Pass 1 → Invitations to Speak/Present (0.95)
📝 Prompt logged: 2025-11-09_15-55-08_taxonomy_mapping_pass2_batch_28619501e9df.json
📝 Response logged: 2025-11-09_15-55-11_taxonomy_mapping_pass2_batch_28619501e9df_RESPONSE.json
        Pass 2 (batch of 2) → Invited to Speak (avg: 0.85)

    [96] Unknown
        Entries: 2, Subgroups: 0
📝 Prompt logged: 2025-11-09_15-55-11_taxonomy_mapping_pass1_0ead33f5b76b.json
📝 Response logged: 2025-11-09_15-55-14_taxonomy_mapping_pass1_0ead33f5b76b_RESPONSE.json
        Pass 1 → Invitations to Speak/Present (0.95)
📝 Prompt logged: 2025-11-09_15-55-14_taxonomy_mapping_pass2_batch_c5433405a70a.json
📝 Response logged: 2025-11-09_15-55-17_taxonomy_mapping_pass2_batch_c5433405a70a_RESPONSE.json
        Pass 2 (batch of 2) → Invited to Speak (avg: 0.85)

    [97] Unknown
        Entries: 2, Subgroups: 0
📝 Prompt logged: 2025-11-09_15-55-17_taxonomy_mapping_pass1_ac2dffd79938.json
📝 Response logged: 2025-11-09_15-55-21_taxonomy_mapping_pass1_ac2dffd79938_RESPONSE.json
        Pass 1 → Institutional / Hospital Affiliation (0.85)
        Router → Skip Pass 2 (direct to extraction)

    [98] Unknown
        Entries: 2, Subgroups: 0
📝 Prompt logged: 2025-11-09_15-55-21_taxonomy_mapping_pass1_54cb4cd62afe.json
📝 Response logged: 2025-11-09_15-55-24_taxonomy_mapping_pass1_54cb4cd62afe_RESPONSE.json
        Pass 1 → Invitations to Speak/Present (0.95)
📝 Prompt logged: 2025-11-09_15-55-24_taxonomy_mapping_pass2_batch_209d99981a25.json
📝 Response logged: 2025-11-09_15-55-29_taxonomy_mapping_pass2_batch_209d99981a25_RESPONSE.json
        Pass 2 (batch of 2) → Grand Rounds, Visiting Professorships, Departmental Seminars (avg: 0.80)

    [99] Unknown
        Entries: 2, Subgroups: 0
📝 Prompt logged: 2025-11-09_15-55-29_taxonomy_mapping_pass1_d8bc7b6dad9f.json
📝 Response logged: 2025-11-09_15-55-31_taxonomy_mapping_pass1_d8bc7b6dad9f_RESPONSE.json
        Pass 1 → Invitations to Speak/Present (0.95)
📝 Prompt logged: 2025-11-09_15-55-31_taxonomy_mapping_pass2_batch_9a25ccf44d81.json
📝 Response logged: 2025-11-09_15-55-35_taxonomy_mapping_pass2_batch_9a25ccf44d81_RESPONSE.json
        Pass 2 (batch of 2) → Invited Presentations (avg: 0.85)

    [100] Unknown
        Entries: 2, Subgroups: 0
📝 Prompt logged: 2025-11-09_15-55-35_taxonomy_mapping_pass1_5983709b6927.json
📝 Response logged: 2025-11-09_15-55-38_taxonomy_mapping_pass1_5983709b6927_RESPONSE.json
        Pass 1 → Invitations to Speak/Present (0.95)
📝 Prompt logged: 2025-11-09_15-55-38_taxonomy_mapping_pass2_batch_3b40e83a523c.json
📝 Response logged: 2025-11-09_15-55-41_taxonomy_mapping_pass2_batch_3b40e83a523c_RESPONSE.json
        Pass 2 (batch of 2) → Grand Rounds, Visiting Professorships, Departmental Seminars (avg: 0.85)

    [101] Unknown
        Entries: 2, Subgroups: 0
📝 Prompt logged: 2025-11-09_15-55-41_taxonomy_mapping_pass1_717f9b855ec3.json
📝 Response logged: 2025-11-09_15-55-44_taxonomy_mapping_pass1_717f9b855ec3_RESPONSE.json
        Pass 1 → Institutional / Hospital Affiliation (0.85)
        Router → Skip Pass 2 (direct to extraction)

    [102] Unknown
        Entries: 2, Subgroups: 0
📝 Prompt logged: 2025-11-09_15-55-44_taxonomy_mapping_pass1_4b02d042c62a.json
📝 Response logged: 2025-11-09_15-55-47_taxonomy_mapping_pass1_4b02d042c62a_RESPONSE.json
        Pass 1 → Invitations to Speak/Present (0.95)
📝 Prompt logged: 2025-11-09_15-55-47_taxonomy_mapping_pass2_batch_ade0f92507c8.json
📝 Response logged: 2025-11-09_15-55-50_taxonomy_mapping_pass2_batch_ade0f92507c8_RESPONSE.json
        Pass 2 (batch of 2) → Invited to Speak (avg: 0.85)

    [103] Unknown
        Entries: 2, Subgroups: 0
📝 Prompt logged: 2025-11-09_15-55-50_taxonomy_mapping_pass1_eee36b033341.json
📝 Response logged: 2025-11-09_15-55-53_taxonomy_mapping_pass1_eee36b033341_RESPONSE.json
        Pass 1 → Invitations to Speak/Present (0.95)
📝 Prompt logged: 2025-11-09_15-55-53_taxonomy_mapping_pass2_batch_41678e4f8f47.json
📝 Response logged: 2025-11-09_15-55-56_taxonomy_mapping_pass2_batch_41678e4f8f47_RESPONSE.json
        Pass 2 (batch of 2) → Grand Rounds, Visiting Professorships, Departmental Seminars (avg: 0.85)

    [104] Unknown
        Entries: 2, Subgroups: 0
📝 Prompt logged: 2025-11-09_15-55-56_taxonomy_mapping_pass1_ba7efbbd3560.json
📝 Response logged: 2025-11-09_15-55-59_taxonomy_mapping_pass1_ba7efbbd3560_RESPONSE.json
        Pass 1 → Invitations to Speak/Present (0.95)
📝 Prompt logged: 2025-11-09_15-55-59_taxonomy_mapping_pass2_batch_f8b5fc0b4630.json
📝 Response logged: 2025-11-09_15-56-03_taxonomy_mapping_pass2_batch_f8b5fc0b4630_RESPONSE.json
        Pass 2 (batch of 2) → Invited to Speak (avg: 0.85)

    [105] Unknown
        Entries: 1, Subgroups: 0
📝 Prompt logged: 2025-11-09_15-56-03_taxonomy_mapping_pass1_c8c5be2a7f43.json
📝 Response logged: 2025-11-09_15-56-06_taxonomy_mapping_pass1_c8c5be2a7f43_RESPONSE.json
        Pass 1 → Extramural Professional Responsibilities (0.85)
📝 Prompt logged: 2025-11-09_15-56-07_taxonomy_mapping_pass2_batch_fd39042e1e43.json
📝 Response logged: 2025-11-09_15-56-09_taxonomy_mapping_pass2_batch_fd39042e1e43_RESPONSE.json
        Pass 2 (batch of 1) → Leadership in Extramural Organizations (avg: 0.80)

  [106] Unknown
      Entries: 3, Subgroups: 19
📝 Prompt logged: 2025-11-09_15-56-09_taxonomy_mapping_pass1_06eb27d6a98f.json
📝 Response logged: 2025-11-09_15-56-12_taxonomy_mapping_pass1_06eb27d6a98f_RESPONSE.json
      Pass 1 → Extramural Professional Responsibilities (0.85)
📝 Prompt logged: 2025-11-09_15-56-12_taxonomy_mapping_pass2_batch_0e9034ed3d06.json
📝 Response logged: 2025-11-09_15-56-15_taxonomy_mapping_pass2_batch_0e9034ed3d06_RESPONSE.json
      Pass 2 (batch of 3) → Leadership in Extramural Organizations (avg: 0.90)

    [107] Unknown
        Entries: 2, Subgroups: 0
📝 Prompt logged: 2025-11-09_15-56-15_taxonomy_mapping_pass1_cd8a80f21463.json
📝 Response logged: 2025-11-09_15-56-17_taxonomy_mapping_pass1_cd8a80f21463_RESPONSE.json
        Pass 1 → Institutional Administrative Activities (0.85)

    [108] Unknown
        Entries: 2, Subgroups: 0
📝 Prompt logged: 2025-11-09_15-56-17_taxonomy_mapping_pass1_e3bb2e6aa239.json
📝 Response logged: 2025-11-09_15-56-21_taxonomy_mapping_pass1_e3bb2e6aa239_RESPONSE.json
        Pass 1 → Professional Positions & Employment (0.95)
📝 Prompt logged: 2025-11-09_15-56-21_taxonomy_mapping_pass2_batch_60060f6279ac.json
📝 Response logged: 2025-11-09_15-56-24_taxonomy_mapping_pass2_batch_60060f6279ac_RESPONSE.json
        Pass 2 (batch of 2) → Past Academic/Clinical Positions (avg: 0.85)

    [109] Unknown
        Entries: 2, Subgroups: 0
📝 Prompt logged: 2025-11-09_15-56-24_taxonomy_mapping_pass1_0fb4c7fdb20a.json
📝 Response logged: 2025-11-09_15-56-26_taxonomy_mapping_pass1_0fb4c7fdb20a_RESPONSE.json
        Pass 1 → Professional Positions & Employment (0.95)
📝 Prompt logged: 2025-11-09_15-56-26_taxonomy_mapping_pass2_batch_e116d275d164.json
📝 Response logged: 2025-11-09_15-56-30_taxonomy_mapping_pass2_batch_e116d275d164_RESPONSE.json
        Pass 2 (batch of 2) → Past Academic/Clinical Positions (avg: 0.90)

    [110] Unknown
        Entries: 5, Subgroups: 0
📝 Prompt logged: 2025-11-09_15-56-30_taxonomy_mapping_pass1_6fba00ceb9bd.json
📝 Response logged: 2025-11-09_15-56-33_taxonomy_mapping_pass1_6fba00ceb9bd_RESPONSE.json
        Pass 1 → Institutional Administrative Activities (0.95)

    [111] Unknown
        Entries: 2, Subgroups: 0
📝 Prompt logged: 2025-11-09_15-56-33_taxonomy_mapping_pass1_f4d30b39516b.json
📝 Response logged: 2025-11-09_15-56-35_taxonomy_mapping_pass1_f4d30b39516b_RESPONSE.json
        Pass 1 → Institutional Administrative Activities (0.95)

    [112] Unknown
        Entries: 5, Subgroups: 0
📝 Prompt logged: 2025-11-09_15-56-35_taxonomy_mapping_pass1_82575b221c4b.json
📝 Response logged: 2025-11-09_15-56-39_taxonomy_mapping_pass1_82575b221c4b_RESPONSE.json
        Pass 1 → Professional Positions & Employment (0.95)
📝 Prompt logged: 2025-11-09_15-56-39_taxonomy_mapping_pass2_batch_5c612d0d7bbe.json
📝 Response logged: 2025-11-09_15-56-46_taxonomy_mapping_pass2_batch_5c612d0d7bbe_RESPONSE.json
        Pass 2 (batch of 5) → Current Academic/Clinical Positions (avg: 0.82)

    [113] Unknown
        Entries: 8, Subgroups: 0
📝 Prompt logged: 2025-11-09_15-56-46_taxonomy_mapping_pass1_3601392df546.json
📝 Response logged: 2025-11-09_15-56-49_taxonomy_mapping_pass1_3601392df546_RESPONSE.json
        Pass 1 → Institutional Administrative Activities (0.95)

    [114] Unknown
        Entries: 2, Subgroups: 0
📝 Prompt logged: 2025-11-09_15-56-49_taxonomy_mapping_pass1_b1e3a112265a.json
📝 Response logged: 2025-11-09_15-56-53_taxonomy_mapping_pass1_b1e3a112265a_RESPONSE.json
        Pass 1 → Institutional Administrative Activities (0.95)

    [115] Unknown
        Entries: 2, Subgroups: 0
📝 Prompt logged: 2025-11-09_15-56-53_taxonomy_mapping_pass1_38af8b2058a6.json
📝 Response logged: 2025-11-09_15-56-56_taxonomy_mapping_pass1_38af8b2058a6_RESPONSE.json
        Pass 1 → Invitations to Speak/Present (0.90)
📝 Prompt logged: 2025-11-09_15-56-56_taxonomy_mapping_pass2_batch_4ce765066454.json
📝 Response logged: 2025-11-09_15-56-59_taxonomy_mapping_pass2_batch_4ce765066454_RESPONSE.json
        Pass 2 (batch of 2) → Invited Presentations (avg: 0.85)

    [116] Unknown
        Entries: 2, Subgroups: 0
📝 Prompt logged: 2025-11-09_15-56-59_taxonomy_mapping_pass1_4cdba2e49cc1.json
📝 Response logged: 2025-11-09_15-57-03_taxonomy_mapping_pass1_4cdba2e49cc1_RESPONSE.json
        Pass 1 → Invitations to Speak/Present (0.95)
📝 Prompt logged: 2025-11-09_15-57-03_taxonomy_mapping_pass2_batch_f56a6507cb16.json
📝 Response logged: 2025-11-09_15-57-06_taxonomy_mapping_pass2_batch_f56a6507cb16_RESPONSE.json
        Pass 2 (batch of 2) → Invited to Speak (avg: 0.85)

    [117] Unknown
        Entries: 2, Subgroups: 0
📝 Prompt logged: 2025-11-09_15-57-06_taxonomy_mapping_pass1_d263bb3cbadd.json
📝 Response logged: 2025-11-09_15-57-10_taxonomy_mapping_pass1_d263bb3cbadd_RESPONSE.json
        Pass 1 → Invitations to Speak/Present (0.95)
📝 Prompt logged: 2025-11-09_15-57-10_taxonomy_mapping_pass2_batch_f2e2c1e0e164.json
📝 Response logged: 2025-11-09_15-57-14_taxonomy_mapping_pass2_batch_f2e2c1e0e164_RESPONSE.json
        Pass 2 (batch of 2) → Invited to Speak (avg: 0.85)

    [118] Unknown
        Entries: 2, Subgroups: 0
📝 Prompt logged: 2025-11-09_15-57-14_taxonomy_mapping_pass1_4bc2c767f10f.json
📝 Response logged: 2025-11-09_15-57-16_taxonomy_mapping_pass1_4bc2c767f10f_RESPONSE.json
        Pass 1 → Invitations to Speak/Present (0.95)
📝 Prompt logged: 2025-11-09_15-57-16_taxonomy_mapping_pass2_batch_365933bba3f3.json
📝 Response logged: 2025-11-09_15-57-20_taxonomy_mapping_pass2_batch_365933bba3f3_RESPONSE.json
        Pass 2 (batch of 2) → Invited Presentations (avg: 0.85)

    [119] Unknown
        Entries: 2, Subgroups: 0
📝 Prompt logged: 2025-11-09_15-57-20_taxonomy_mapping_pass1_1f89e86c4c69.json
📝 Response logged: 2025-11-09_15-57-24_taxonomy_mapping_pass1_1f89e86c4c69_RESPONSE.json
        Pass 1 → Professional Organizations and Society Memberships (0.85)

    [120] Unknown
        Entries: 3, Subgroups: 0
📝 Prompt logged: 2025-11-09_15-57-24_taxonomy_mapping_pass1_c24eefd4bd57.json
📝 Response logged: 2025-11-09_15-57-26_taxonomy_mapping_pass1_c24eefd4bd57_RESPONSE.json
        Pass 1 → Personal Data / Contact Information (0.95)
        Router → Skip Pass 2 (direct to extraction)

    [121] Unknown
        Entries: 2, Subgroups: 0
📝 Prompt logged: 2025-11-09_15-57-26_taxonomy_mapping_pass1_552ffe5186bb.json
📝 Response logged: 2025-11-09_15-57-29_taxonomy_mapping_pass1_552ffe5186bb_RESPONSE.json
        Pass 1 → Invitations to Speak/Present (0.95)
📝 Prompt logged: 2025-11-09_15-57-29_taxonomy_mapping_pass2_batch_16c7e7974a0c.json
📝 Response logged: 2025-11-09_15-57-33_taxonomy_mapping_pass2_batch_16c7e7974a0c_RESPONSE.json
        Pass 2 (batch of 2) → Invited Keynotes, Named Lectures, Plenaries (avg: 0.85)

    [122] Unknown
        Entries: 2, Subgroups: 0
📝 Prompt logged: 2025-11-09_15-57-33_taxonomy_mapping_pass1_2f02c7f763e3.json
📝 Response logged: 2025-11-09_15-57-36_taxonomy_mapping_pass1_2f02c7f763e3_RESPONSE.json
        Pass 1 → Invitations to Speak/Present (0.95)
📝 Prompt logged: 2025-11-09_15-57-36_taxonomy_mapping_pass2_batch_89300b3f29c5.json
📝 Response logged: 2025-11-09_15-57-41_taxonomy_mapping_pass2_batch_89300b3f29c5_RESPONSE.json
        Pass 2 (batch of 2) → Invited Presentations (avg: 0.85)

    [123] Unknown
        Entries: 2, Subgroups: 0
📝 Prompt logged: 2025-11-09_15-57-41_taxonomy_mapping_pass1_8903b06515fd.json
📝 Response logged: 2025-11-09_15-57-43_taxonomy_mapping_pass1_8903b06515fd_RESPONSE.json
        Pass 1 → Invitations to Speak/Present (0.95)
📝 Prompt logged: 2025-11-09_15-57-43_taxonomy_mapping_pass2_batch_b66b200871c1.json
📝 Response logged: 2025-11-09_15-57-46_taxonomy_mapping_pass2_batch_b66b200871c1_RESPONSE.json
        Pass 2 (batch of 2) → Invited Keynotes, Named Lectures, Plenaries (avg: 0.85)

    [124] Unknown
        Entries: 4, Subgroups: 0
📝 Prompt logged: 2025-11-09_15-57-46_taxonomy_mapping_pass1_fdc2c383b1d7.json
📝 Response logged: 2025-11-09_15-57-49_taxonomy_mapping_pass1_fdc2c383b1d7_RESPONSE.json
        Pass 1 → Invitations to Speak/Present (0.95)
📝 Prompt logged: 2025-11-09_15-57-49_taxonomy_mapping_pass2_batch_68ef05b0a0f4.json
📝 Response logged: 2025-11-09_15-57-54_taxonomy_mapping_pass2_batch_68ef05b0a0f4_RESPONSE.json
        Pass 2 (batch of 4) → Invited Panels, Workshops, Symposia (avg: 0.85)

    [125] Unknown
        Entries: 2, Subgroups: 0
📝 Prompt logged: 2025-11-09_15-57-54_taxonomy_mapping_pass1_a074331859ad.json
📝 Response logged: 2025-11-09_15-58-05_taxonomy_mapping_pass1_a074331859ad_RESPONSE.json
        Pass 1 → Professional Organizations and Society Memberships (0.85)

  [126] Unknown
      Entries: 1, Subgroups: 0
📝 Prompt logged: 2025-11-09_15-58-05_taxonomy_mapping_pass1_7bfd575f1559.json
📝 Response logged: 2025-11-09_15-58-07_taxonomy_mapping_pass1_7bfd575f1559_RESPONSE.json
      Pass 1 → Educational Contributions (0.95)
📝 Prompt logged: 2025-11-09_15-58-07_taxonomy_mapping_pass2_batch_b747557c6192.json
📝 Response logged: 2025-11-09_15-58-10_taxonomy_mapping_pass2_batch_b747557c6192_RESPONSE.json
      Pass 2 (batch of 1) → Didactic Teaching (courses taught) (avg: 1.00)

  [127] Unknown
      Entries: 1, Subgroups: 2
📝 Prompt logged: 2025-11-09_15-58-10_taxonomy_mapping_pass1_908da0a2bc13.json
📝 Response logged: 2025-11-09_15-58-13_taxonomy_mapping_pass1_908da0a2bc13_RESPONSE.json
      Pass 1 → Postdoctoral Training (0.85)
      Pass 2 → Failed: No confusion info for parent: C

    [128] Unknown
        Entries: 4, Subgroups: 0
📝 Prompt logged: 2025-11-09_15-58-13_taxonomy_mapping_pass1_efeee24a80e4.json
📝 Response logged: 2025-11-09_15-58-16_taxonomy_mapping_pass1_efeee24a80e4_RESPONSE.json
        Pass 1 → Postdoctoral Training (0.90)
        Pass 2 → Failed: No confusion info for parent: C

    [129] Unknown
        Entries: 29, Subgroups: 0
📝 Prompt logged: 2025-11-09_15-58-16_taxonomy_mapping_pass1_f32caa0052b5.json
📝 Response logged: 2025-11-09_15-58-18_taxonomy_mapping_pass1_f32caa0052b5_RESPONSE.json
        Pass 1 → Educational Contributions (0.95)
📝 Prompt logged: 2025-11-09_15-58-18_taxonomy_mapping_pass2_batch_05feeb4d996c.json
📝 Response logged: 2025-11-09_15-58-31_taxonomy_mapping_pass2_batch_05feeb4d996c_RESPONSE.json
        Pass 2 (batch of 29) → Didactic Teaching (courses taught) (avg: 0.88)

  [130] Unknown
      Entries: 1, Subgroups: 2
📝 Prompt logged: 2025-11-09_15-58-31_taxonomy_mapping_pass1_613ed08062b0.json
📝 Response logged: 2025-11-09_15-58-34_taxonomy_mapping_pass1_613ed08062b0_RESPONSE.json
      Pass 1 → Educational Contributions (0.95)
📝 Prompt logged: 2025-11-09_15-58-34_taxonomy_mapping_pass2_batch_7ae3e6b38fff.json
📝 Response logged: 2025-11-09_15-58-36_taxonomy_mapping_pass2_batch_7ae3e6b38fff_RESPONSE.json
      Pass 2 (batch of 1) → Didactic Teaching (courses taught) (avg: 0.90)

    [131] Unknown
        Entries: 1, Subgroups: 0
📝 Prompt logged: 2025-11-09_15-58-36_taxonomy_mapping_pass1_b002808f596f.json
📝 Response logged: 2025-11-09_15-58-39_taxonomy_mapping_pass1_b002808f596f_RESPONSE.json
        Pass 1 → Educational Contributions (0.95)
📝 Prompt logged: 2025-11-09_15-58-39_taxonomy_mapping_pass2_batch_ac791b8994b3.json
📝 Response logged: 2025-11-09_15-58-42_taxonomy_mapping_pass2_batch_ac791b8994b3_RESPONSE.json
        Pass 2 (batch of 1) → Administrative Teaching Roles (avg: 0.90)

    [132] Unknown
        Entries: 5, Subgroups: 0
📝 Prompt logged: 2025-11-09_15-58-42_taxonomy_mapping_pass1_9d4eb6691f60.json
📝 Response logged: 2025-11-09_15-58-46_taxonomy_mapping_pass1_9d4eb6691f60_RESPONSE.json
        Pass 1 → Educational Contributions (0.95)
📝 Prompt logged: 2025-11-09_15-58-46_taxonomy_mapping_pass2_batch_f563a9bc4d6a.json
📝 Response logged: 2025-11-09_15-58-54_taxonomy_mapping_pass2_batch_f563a9bc4d6a_RESPONSE.json
        Pass 2 (batch of 5) → Continuing/Professional Education (CME) (avg: 0.94)

  [133] Unknown
      Entries: 1, Subgroups: 0
📝 Prompt logged: 2025-11-09_15-58-54_taxonomy_mapping_pass1_8cefc986b56d.json
📝 Response logged: 2025-11-09_15-58-57_taxonomy_mapping_pass1_8cefc986b56d_RESPONSE.json
      Pass 1 → Educational Contributions (0.85)
📝 Prompt logged: 2025-11-09_15-58-57_taxonomy_mapping_pass2_batch_18e181e56437.json
📝 Response logged: 2025-11-09_15-58-59_taxonomy_mapping_pass2_batch_18e181e56437_RESPONSE.json
      Pass 2 (batch of 1) → Didactic Teaching (courses taught) (avg: 0.90)

  [134] Unknown
      Entries: 1, Subgroups: 2
📝 Prompt logged: 2025-11-09_15-58-59_taxonomy_mapping_pass1_84194521112b.json
📝 Response logged: 2025-11-09_15-59-02_taxonomy_mapping_pass1_84194521112b_RESPONSE.json
      Pass 1 → Professional Positions & Employment (0.95)
📝 Prompt logged: 2025-11-09_15-59-02_taxonomy_mapping_pass2_batch_96784cbacf51.json
📝 Response logged: 2025-11-09_15-59-03_taxonomy_mapping_pass2_batch_96784cbacf51_RESPONSE.json
      Pass 2 (batch of 1) → Current Academic/Clinical Positions (avg: 0.80)

    [135] Unknown
        Entries: 1, Subgroups: 0
📝 Prompt logged: 2025-11-09_15-59-03_taxonomy_mapping_pass1_b502d8e2f4aa.json
📝 Response logged: 2025-11-09_15-59-06_taxonomy_mapping_pass1_b502d8e2f4aa_RESPONSE.json
        Pass 1 → Professional Positions & Employment (0.85)
📝 Prompt logged: 2025-11-09_15-59-06_taxonomy_mapping_pass2_batch_374c909f133a.json
📝 Response logged: 2025-11-09_15-59-09_taxonomy_mapping_pass2_batch_374c909f133a_RESPONSE.json
        Pass 2 (batch of 1) → Current Academic/Clinical Positions (avg: 0.90)

    [136] Unknown
        Entries: 1, Subgroups: 0
📝 Prompt logged: 2025-11-09_15-59-09_taxonomy_mapping_pass1_8d3cb407ffff.json
📝 Response logged: 2025-11-09_15-59-11_taxonomy_mapping_pass1_8d3cb407ffff_RESPONSE.json
        Pass 1 → Professional Positions & Employment (0.95)
📝 Prompt logged: 2025-11-09_15-59-11_taxonomy_mapping_pass2_batch_7050be3bd9c6.json
📝 Response logged: 2025-11-09_15-59-13_taxonomy_mapping_pass2_batch_7050be3bd9c6_RESPONSE.json
        Pass 2 (batch of 1) → Past Academic/Clinical Positions (avg: 0.90)

  [137] Unknown
      Entries: 129, Subgroups: 5
📝 Prompt logged: 2025-11-09_15-59-13_taxonomy_mapping_pass1_c0757b645a77.json
📝 Response logged: 2025-11-09_15-59-16_taxonomy_mapping_pass1_c0757b645a77_RESPONSE.json
      Pass 1 → Professional Positions & Employment (0.95)
📝 Prompt logged: 2025-11-09_15-59-16_taxonomy_mapping_pass2_batch_b494c3a3ad16.json
📝 Response logged: 2025-11-09_15-59-26_taxonomy_mapping_pass2_batch_b494c3a3ad16_RESPONSE.json
      Pass 2 (batch of 129) → Past Academic/Clinical Positions (avg: 0.92)

    [138] Unknown
        Entries: 1, Subgroups: 0
📝 Prompt logged: 2025-11-09_15-59-26_taxonomy_mapping_pass1_f6eedebe90cb.json
📝 Response logged: 2025-11-09_15-59-28_taxonomy_mapping_pass1_f6eedebe90cb_RESPONSE.json
        Pass 1 → Professional Positions & Employment (0.95)
📝 Prompt logged: 2025-11-09_15-59-28_taxonomy_mapping_pass2_batch_32edc88666fe.json
📝 Response logged: 2025-11-09_15-59-30_taxonomy_mapping_pass2_batch_32edc88666fe_RESPONSE.json
        Pass 2 (batch of 1) → Past Academic/Clinical Positions (avg: 0.90)

    [139] Unknown
        Entries: 1, Subgroups: 0
📝 Prompt logged: 2025-11-09_15-59-30_taxonomy_mapping_pass1_4bc350edb741.json
📝 Response logged: 2025-11-09_15-59-32_taxonomy_mapping_pass1_4bc350edb741_RESPONSE.json
        Pass 1 → Professional Positions & Employment (0.95)
📝 Prompt logged: 2025-11-09_15-59-32_taxonomy_mapping_pass2_batch_8ef09d4bce62.json
📝 Response logged: 2025-11-09_15-59-34_taxonomy_mapping_pass2_batch_8ef09d4bce62_RESPONSE.json
        Pass 2 (batch of 1) → Past Academic/Clinical Positions (avg: 0.90)

    [140] Unknown
        Entries: 1, Subgroups: 0
📝 Prompt logged: 2025-11-09_15-59-34_taxonomy_mapping_pass1_407bebca158f.json
📝 Response logged: 2025-11-09_15-59-39_taxonomy_mapping_pass1_407bebca158f_RESPONSE.json
        Pass 1 → Professional Positions & Employment (0.85)
📝 Prompt logged: 2025-11-09_15-59-39_taxonomy_mapping_pass2_batch_de136f98187a.json
📝 Response logged: 2025-11-09_15-59-41_taxonomy_mapping_pass2_batch_de136f98187a_RESPONSE.json
        Pass 2 (batch of 1) → Current Academic/Clinical Positions (avg: 0.90)

    [141] Unknown
        Entries: 1, Subgroups: 0
📝 Prompt logged: 2025-11-09_15-59-41_taxonomy_mapping_pass1_55461ee912db.json
📝 Response logged: 2025-11-09_15-59-44_taxonomy_mapping_pass1_55461ee912db_RESPONSE.json
        Pass 1 → Professional Positions & Employment (0.95)
📝 Prompt logged: 2025-11-09_15-59-44_taxonomy_mapping_pass2_batch_119fa15050fa.json
📝 Response logged: 2025-11-09_15-59-47_taxonomy_mapping_pass2_batch_119fa15050fa_RESPONSE.json
        Pass 2 (batch of 1) → Past Academic/Clinical Positions (avg: 0.90)

    [142] Unknown
        Entries: 1, Subgroups: 0
📝 Prompt logged: 2025-11-09_15-59-47_taxonomy_mapping_pass1_446053317aa7.json
📝 Response logged: 2025-11-09_15-59-51_taxonomy_mapping_pass1_446053317aa7_RESPONSE.json
        Pass 1 → Institutional Administrative Activities (0.85)

  [143] Unknown
      Entries: 1, Subgroups: 0
📝 Prompt logged: 2025-11-09_15-59-51_taxonomy_mapping_pass1_e440fe1fdfad.json
📝 Response logged: 2025-11-09_15-59-53_taxonomy_mapping_pass1_e440fe1fdfad_RESPONSE.json
      Pass 1 → Educational Contributions (0.85)
📝 Prompt logged: 2025-11-09_15-59-53_taxonomy_mapping_pass2_batch_752811faa943.json
📝 Response logged: 2025-11-09_15-59-55_taxonomy_mapping_pass2_batch_752811faa943_RESPONSE.json
      Pass 2 (batch of 1) → Didactic Teaching (courses taught) (avg: 0.90)

  [144] Unknown
      Entries: 1, Subgroups: 0
📝 Prompt logged: 2025-11-09_15-59-55_taxonomy_mapping_pass1_6892bfaff03f.json
📝 Response logged: 2025-11-09_15-59-58_taxonomy_mapping_pass1_6892bfaff03f_RESPONSE.json
      Pass 1 → Mentoring (0.95)
📝 Prompt logged: 2025-11-09_15-59-58_taxonomy_mapping_pass2_batch_6a11d1e2e62d.json
📝 Response logged: 2025-11-09_16-00-00_taxonomy_mapping_pass2_batch_6a11d1e2e62d_RESPONSE.json
      Pass 2 (batch of 1) → Current Mentees (Research) (avg: 0.80)

  [145] Unknown
      Entries: 12, Subgroups: 0
📝 Prompt logged: 2025-11-09_16-00-00_taxonomy_mapping_pass1_d3c504dc142f.json
📝 Response logged: 2025-11-09_16-00-02_taxonomy_mapping_pass1_d3c504dc142f_RESPONSE.json
      Pass 1 → Professional Positions & Employment (0.95)
📝 Prompt logged: 2025-11-09_16-00-02_taxonomy_mapping_pass2_batch_2c4af78e76e7.json
📝 Response logged: 2025-11-09_16-00-16_taxonomy_mapping_pass2_batch_2c4af78e76e7_RESPONSE.json
      Pass 2 (batch of 12) → Past Academic/Clinical Positions (avg: 0.90)

  [146] Unknown
      Entries: 5, Subgroups: 0
📝 Prompt logged: 2025-11-09_16-00-16_taxonomy_mapping_pass1_5c33449ee084.json
📝 Response logged: 2025-11-09_16-00-20_taxonomy_mapping_pass1_5c33449ee084_RESPONSE.json
      Pass 1 → Institutional Administrative Activities (0.95)

  [147] Unknown
      Entries: 0, Subgroups: 1
📝 Prompt logged: 2025-11-09_16-00-20_taxonomy_mapping_pass1_239041ed37ac.json
📝 Response logged: 2025-11-09_16-00-24_taxonomy_mapping_pass1_239041ed37ac_RESPONSE.json
      Pass 1 → Professional Organizations and Society Memberships (0.95)

    [148] Unknown
        Entries: 9, Subgroups: 0
📝 Prompt logged: 2025-11-09_16-00-24_taxonomy_mapping_pass1_182766effaee.json
📝 Response logged: 2025-11-09_16-00-30_taxonomy_mapping_pass1_182766effaee_RESPONSE.json
        Pass 1 → Professional Organizations and Society Memberships (0.95)

  [149] Unknown
      Entries: 1, Subgroups: 0
📝 Prompt logged: 2025-11-09_16-00-30_taxonomy_mapping_pass1_a9851ad9bbd5.json
📝 Response logged: 2025-11-09_16-00-36_taxonomy_mapping_pass1_a9851ad9bbd5_RESPONSE.json
      Pass 1 → Professional Positions & Employment (0.95)
📝 Prompt logged: 2025-11-09_16-00-36_taxonomy_mapping_pass2_batch_67f6c6582761.json
📝 Response logged: 2025-11-09_16-00-40_taxonomy_mapping_pass2_batch_67f6c6582761_RESPONSE.json
      Pass 2 (batch of 1) → Current Academic/Clinical Positions (avg: 0.90)

  [150] Unknown
      Entries: 2, Subgroups: 11
📝 Prompt logged: 2025-11-09_16-00-40_taxonomy_mapping_pass1_11fe4468ca58.json
📝 Response logged: 2025-11-09_16-00-44_taxonomy_mapping_pass1_11fe4468ca58_RESPONSE.json
      Pass 1 → Institutional Leadership Activities (0.85)
📝 Prompt logged: 2025-11-09_16-00-44_taxonomy_mapping_pass2_batch_f05eefea46e9.json
📝 Response logged: 2025-11-09_16-00-48_taxonomy_mapping_pass2_batch_f05eefea46e9_RESPONSE.json
      Pass 2 (batch of 2) → Institutional Leadership Activities (executive) (avg: 0.90)

    [151] Unknown
        Entries: 2, Subgroups: 0
📝 Prompt logged: 2025-11-09_16-00-48_taxonomy_mapping_pass1_b3fa1a3f7041.json
📝 Response logged: 2025-11-09_16-00-52_taxonomy_mapping_pass1_b3fa1a3f7041_RESPONSE.json
        Pass 1 → Professional Positions & Employment (0.95)
📝 Prompt logged: 2025-11-09_16-00-52_taxonomy_mapping_pass2_batch_f85db14fdc23.json
📝 Response logged: 2025-11-09_16-00-56_taxonomy_mapping_pass2_batch_f85db14fdc23_RESPONSE.json
        Pass 2 (batch of 2) → Current Academic/Clinical Positions (avg: 0.85)

    [152] Unknown
        Entries: 1, Subgroups: 0
📝 Prompt logged: 2025-11-09_16-00-56_taxonomy_mapping_pass1_df29d4aa0d9c.json
📝 Response logged: 2025-11-09_16-00-58_taxonomy_mapping_pass1_df29d4aa0d9c_RESPONSE.json
        Pass 1 → Professional Positions & Employment (0.95)
📝 Prompt logged: 2025-11-09_16-00-58_taxonomy_mapping_pass2_batch_aa15e4ae3af5.json
📝 Response logged: 2025-11-09_16-01-00_taxonomy_mapping_pass2_batch_aa15e4ae3af5_RESPONSE.json
        Pass 2 (batch of 1) → Current Academic/Clinical Positions (avg: 0.90)

    [153] Unknown
        Entries: 2, Subgroups: 0
📝 Prompt logged: 2025-11-09_16-01-00_taxonomy_mapping_pass1_7b1d18ce644b.json
📝 Response logged: 2025-11-09_16-01-04_taxonomy_mapping_pass1_7b1d18ce644b_RESPONSE.json
        Pass 1 → Invitations to Speak/Present (0.95)
📝 Prompt logged: 2025-11-09_16-01-04_taxonomy_mapping_pass2_batch_f1437a693151.json
📝 Response logged: 2025-11-09_16-01-10_taxonomy_mapping_pass2_batch_f1437a693151_RESPONSE.json
        Pass 2 (batch of 2) → Invited to Speak (avg: 0.85)

    [154] Unknown
        Entries: 2, Subgroups: 0
📝 Prompt logged: 2025-11-09_16-01-10_taxonomy_mapping_pass1_42076df02587.json
📝 Response logged: 2025-11-09_16-01-14_taxonomy_mapping_pass1_42076df02587_RESPONSE.json
        Pass 1 → Invitations to Speak/Present (0.95)
📝 Prompt logged: 2025-11-09_16-01-14_taxonomy_mapping_pass2_batch_612c683231ff.json
📝 Response logged: 2025-11-09_16-01-17_taxonomy_mapping_pass2_batch_612c683231ff_RESPONSE.json
        Pass 2 (batch of 2) → Grand Rounds, Visiting Professorships, Departmental Seminars (avg: 0.85)

    [155] Unknown
        Entries: 2, Subgroups: 0
📝 Prompt logged: 2025-11-09_16-01-17_taxonomy_mapping_pass1_95bad42b75ad.json
📝 Response logged: 2025-11-09_16-01-20_taxonomy_mapping_pass1_95bad42b75ad_RESPONSE.json
        Pass 1 → Invitations to Speak/Present (0.95)
📝 Prompt logged: 2025-11-09_16-01-20_taxonomy_mapping_pass2_batch_e45ef8ec11ca.json
📝 Response logged: 2025-11-09_16-01-24_taxonomy_mapping_pass2_batch_e45ef8ec11ca_RESPONSE.json
        Pass 2 (batch of 2) → Grand Rounds, Visiting Professorships, Departmental Seminars (avg: 0.85)

    [156] Unknown
        Entries: 2, Subgroups: 0
📝 Prompt logged: 2025-11-09_16-01-24_taxonomy_mapping_pass1_94ac4196f797.json
📝 Response logged: 2025-11-09_16-01-26_taxonomy_mapping_pass1_94ac4196f797_RESPONSE.json
        Pass 1 → Professional Positions & Employment (0.85)
📝 Prompt logged: 2025-11-09_16-01-26_taxonomy_mapping_pass2_batch_d2d77681a6e8.json
📝 Response logged: 2025-11-09_16-01-31_taxonomy_mapping_pass2_batch_d2d77681a6e8_RESPONSE.json
        Pass 2 (batch of 2) → Current Academic/Clinical Positions (avg: 0.85)

    [157] Unknown
        Entries: 2, Subgroups: 0
📝 Prompt logged: 2025-11-09_16-01-31_taxonomy_mapping_pass1_c4999a4bc4c7.json
📝 Response logged: 2025-11-09_16-01-34_taxonomy_mapping_pass1_c4999a4bc4c7_RESPONSE.json
        Pass 1 → Invitations to Speak/Present (0.95)
📝 Prompt logged: 2025-11-09_16-01-34_taxonomy_mapping_pass2_batch_e82937b71842.json
📝 Response logged: 2025-11-09_16-01-43_taxonomy_mapping_pass2_batch_e82937b71842_RESPONSE.json
        Pass 2 (batch of 2) → Invited to Speak (avg: 0.85)

    [158] Unknown
        Entries: 2, Subgroups: 0
📝 Prompt logged: 2025-11-09_16-01-43_taxonomy_mapping_pass1_8a91dde45c61.json
📝 Response logged: 2025-11-09_16-01-47_taxonomy_mapping_pass1_8a91dde45c61_RESPONSE.json
        Pass 1 → Professional Positions & Employment (0.85)
📝 Prompt logged: 2025-11-09_16-01-47_taxonomy_mapping_pass2_batch_6b2a3baf20a1.json
📝 Response logged: 2025-11-09_16-01-50_taxonomy_mapping_pass2_batch_6b2a3baf20a1_RESPONSE.json
        Pass 2 (batch of 2) → Current Academic/Clinical Positions (avg: 0.85)

    [159] Unknown
        Entries: 2, Subgroups: 0
📝 Prompt logged: 2025-11-09_16-01-50_taxonomy_mapping_pass1_25dc5ecfe2bd.json
📝 Response logged: 2025-11-09_16-01-53_taxonomy_mapping_pass1_25dc5ecfe2bd_RESPONSE.json
        Pass 1 → Invitations to Speak/Present (0.95)
📝 Prompt logged: 2025-11-09_16-01-53_taxonomy_mapping_pass2_batch_e5b76417c234.json
📝 Response logged: 2025-11-09_16-01-56_taxonomy_mapping_pass2_batch_e5b76417c234_RESPONSE.json
        Pass 2 (batch of 2) → Invited Keynotes, Named Lectures, Plenaries (avg: 0.85)

    [160] Unknown
        Entries: 2, Subgroups: 0
📝 Prompt logged: 2025-11-09_16-01-56_taxonomy_mapping_pass1_d82c157aa538.json
📝 Response logged: 2025-11-09_16-02-00_taxonomy_mapping_pass1_d82c157aa538_RESPONSE.json
        Pass 1 → Institutional / Hospital Affiliation (0.85)
        Router → Skip Pass 2 (direct to extraction)

    [161] Unknown
        Entries: 4, Subgroups: 0
📝 Prompt logged: 2025-11-09_16-02-00_taxonomy_mapping_pass1_068310d82b19.json
📝 Response logged: 2025-11-09_16-02-03_taxonomy_mapping_pass1_068310d82b19_RESPONSE.json
        Pass 1 → Invitations to Speak/Present (0.95)
📝 Prompt logged: 2025-11-09_16-02-03_taxonomy_mapping_pass2_batch_80a218cb3b2b.json
📝 Response logged: 2025-11-09_16-02-09_taxonomy_mapping_pass2_batch_80a218cb3b2b_RESPONSE.json
        Pass 2 (batch of 4) → Invited Panels, Workshops, Symposia (avg: 0.75)

  [162] Unknown
      Entries: 1, Subgroups: 1
📝 Prompt logged: 2025-11-09_16-02-09_taxonomy_mapping_pass1_903015158258.json
📝 Response logged: 2025-11-09_16-02-12_taxonomy_mapping_pass1_903015158258_RESPONSE.json
      Pass 1 → Institutional Administrative Activities (0.85)

    [163] Unknown
        Entries: 1, Subgroups: 0
📝 Prompt logged: 2025-11-09_16-02-12_taxonomy_mapping_pass1_86883d590aaf.json
📝 Response logged: 2025-11-09_16-02-15_taxonomy_mapping_pass1_86883d590aaf_RESPONSE.json
        Pass 1 → Institutional Administrative Activities (0.85)

  [164] Unknown
      Entries: 1, Subgroups: 3
📝 Prompt logged: 2025-11-09_16-02-15_taxonomy_mapping_pass1_6eadf0a96181.json
📝 Response logged: 2025-11-09_16-02-18_taxonomy_mapping_pass1_6eadf0a96181_RESPONSE.json
      Pass 1 → Extramural Professional Responsibilities (0.95)
📝 Prompt logged: 2025-11-09_16-02-18_taxonomy_mapping_pass2_batch_58eb5d706bde.json
📝 Response logged: 2025-11-09_16-02-20_taxonomy_mapping_pass2_batch_58eb5d706bde_RESPONSE.json
      Pass 2 (batch of 1) → Manuscript Reviewer / Abstract Reviewer (avg: 0.90)

    [165] Unknown
        Entries: 2, Subgroups: 0
📝 Prompt logged: 2025-11-09_16-02-20_taxonomy_mapping_pass1_c3beff81fd4a.json
📝 Response logged: 2025-11-09_16-02-23_taxonomy_mapping_pass1_c3beff81fd4a_RESPONSE.json
        Pass 1 → Extramural Professional Responsibilities (0.85)
📝 Prompt logged: 2025-11-09_16-02-23_taxonomy_mapping_pass2_batch_5eaa12c3b0a9.json
📝 Response logged: 2025-11-09_16-02-27_taxonomy_mapping_pass2_batch_5eaa12c3b0a9_RESPONSE.json
        Pass 2 (batch of 2) → Manuscript Reviewer / Abstract Reviewer (avg: 0.90)

    [166] Unknown
        Entries: 3, Subgroups: 0
📝 Prompt logged: 2025-11-09_16-02-27_taxonomy_mapping_pass1_357982f2084f.json
📝 Response logged: 2025-11-09_16-02-30_taxonomy_mapping_pass1_357982f2084f_RESPONSE.json
        Pass 1 → Institutional Administrative Activities (0.95)

    [167] Unknown
        Entries: 8, Subgroups: 0
📝 Prompt logged: 2025-11-09_16-02-30_taxonomy_mapping_pass1_9c6371407cde.json
📝 Response logged: 2025-11-09_16-02-32_taxonomy_mapping_pass1_9c6371407cde_RESPONSE.json
        Pass 1 → Professional Positions & Employment (0.95)
📝 Prompt logged: 2025-11-09_16-02-32_taxonomy_mapping_pass2_batch_b539c4a8d0be.json
📝 Response logged: 2025-11-09_16-02-43_taxonomy_mapping_pass2_batch_b539c4a8d0be_RESPONSE.json
        Pass 2 (batch of 8) → Current Academic/Clinical Positions (avg: 0.90)

  [168] Unknown
      Entries: 1, Subgroups: 11
📝 Prompt logged: 2025-11-09_16-02-43_taxonomy_mapping_pass1_15f40b14559f.json
📝 Response logged: 2025-11-09_16-02-45_taxonomy_mapping_pass1_15f40b14559f_RESPONSE.json
      Pass 1 → Personal Data / Contact Information (0.95)
      Router → Skip Pass 2 (direct to extraction)

    [169] Unknown
        Entries: 1, Subgroups: 0
📝 Prompt logged: 2025-11-09_16-02-45_taxonomy_mapping_pass1_7d47478e1524.json
📝 Response logged: 2025-11-09_16-02-50_taxonomy_mapping_pass1_7d47478e1524_RESPONSE.json
        Pass 1 → Invitations to Speak/Present (0.85)
📝 Prompt logged: 2025-11-09_16-02-50_taxonomy_mapping_pass2_batch_e4f8f8b53c11.json
📝 Response logged: 2025-11-09_16-02-53_taxonomy_mapping_pass2_batch_e4f8f8b53c11_RESPONSE.json
        Pass 2 (batch of 1) → Invited Panels, Workshops, Symposia (avg: 0.80)

    [170] Unknown
        Entries: 2, Subgroups: 0
📝 Prompt logged: 2025-11-09_16-02-53_taxonomy_mapping_pass1_4ceebf932134.json
📝 Response logged: 2025-11-09_16-02-55_taxonomy_mapping_pass1_4ceebf932134_RESPONSE.json
        Pass 1 → Personal Data / Contact Information (0.95)
        Router → Skip Pass 2 (direct to extraction)

    [171] Unknown
        Entries: 2, Subgroups: 0
📝 Prompt logged: 2025-11-09_16-02-55_taxonomy_mapping_pass1_9ff71bb35783.json
📝 Response logged: 2025-11-09_16-02-57_taxonomy_mapping_pass1_9ff71bb35783_RESPONSE.json
        Pass 1 → Personal Data / Contact Information (0.95)
        Router → Skip Pass 2 (direct to extraction)

    [172] Unknown
        Entries: 2, Subgroups: 0
📝 Prompt logged: 2025-11-09_16-02-57_taxonomy_mapping_pass1_d518252c3a89.json
📝 Response logged: 2025-11-09_16-03-00_taxonomy_mapping_pass1_d518252c3a89_RESPONSE.json
        Pass 1 → Personal Data / Contact Information (0.95)
        Router → Skip Pass 2 (direct to extraction)

    [173] Unknown
        Entries: 4, Subgroups: 0
📝 Prompt logged: 2025-11-09_16-03-00_taxonomy_mapping_pass1_61f98c854467.json
📝 Response logged: 2025-11-09_16-03-03_taxonomy_mapping_pass1_61f98c854467_RESPONSE.json
        Pass 1 → Personal Data / Contact Information (0.95)
        Router → Skip Pass 2 (direct to extraction)

    [174] Unknown
        Entries: 8, Subgroups: 0
📝 Prompt logged: 2025-11-09_16-03-03_taxonomy_mapping_pass1_b6629cec3a2e.json
📝 Response logged: 2025-11-09_16-03-05_taxonomy_mapping_pass1_b6629cec3a2e_RESPONSE.json
        Pass 1 → Honors and Awards (0.95)

    [175] Unknown
        Entries: 2, Subgroups: 0
📝 Prompt logged: 2025-11-09_16-03-05_taxonomy_mapping_pass1_0672788bd980.json
📝 Response logged: 2025-11-09_16-03-07_taxonomy_mapping_pass1_0672788bd980_RESPONSE.json
        Pass 1 → Personal Data / Contact Information (0.95)
        Router → Skip Pass 2 (direct to extraction)

    [176] Unknown
        Entries: 1, Subgroups: 0
📝 Prompt logged: 2025-11-09_16-03-07_taxonomy_mapping_pass1_fec2e819c1fa.json
📝 Response logged: 2025-11-09_16-03-16_taxonomy_mapping_pass1_fec2e819c1fa_RESPONSE.json
        Pass 1 → Personal Data / Contact Information (0.95)
        Router → Skip Pass 2 (direct to extraction)

    [177] Unknown
        Entries: 2, Subgroups: 0
📝 Prompt logged: 2025-11-09_16-03-16_taxonomy_mapping_pass1_3a8686991226.json
📝 Response logged: 2025-11-09_16-03-19_taxonomy_mapping_pass1_3a8686991226_RESPONSE.json
        Pass 1 → Research (0.95)
📝 Prompt logged: 2025-11-09_16-03-19_taxonomy_mapping_pass2_batch_0201fc2fc434.json
📝 Response logged: 2025-11-09_16-03-22_taxonomy_mapping_pass2_batch_0201fc2fc434_RESPONSE.json
        Pass 2 (batch of 2) → Research Support (Grants/Funding) (avg: 0.90)

    [178] Unknown
        Entries: 1, Subgroups: 0
📝 Prompt logged: 2025-11-09_16-03-22_taxonomy_mapping_pass1_6f3834e03d7d.json
📝 Response logged: 2025-11-09_16-03-24_taxonomy_mapping_pass1_6f3834e03d7d_RESPONSE.json
        Pass 1 → Personal Data / Contact Information (0.95)
        Router → Skip Pass 2 (direct to extraction)

    [179] Unknown
        Entries: 3, Subgroups: 0
📝 Prompt logged: 2025-11-09_16-03-24_taxonomy_mapping_pass1_10f57b929373.json
📝 Response logged: 2025-11-09_16-03-27_taxonomy_mapping_pass1_10f57b929373_RESPONSE.json
        Pass 1 → Personal Data / Contact Information (0.95)
        Router → Skip Pass 2 (direct to extraction)

  [180] Unknown
      Entries: 1, Subgroups: 1
📝 Prompt logged: 2025-11-09_16-03-27_taxonomy_mapping_pass1_2369513fc488.json
📝 Response logged: 2025-11-09_16-03-30_taxonomy_mapping_pass1_2369513fc488_RESPONSE.json
      Pass 1 → Educational Contributions (0.85)
📝 Prompt logged: 2025-11-09_16-03-30_taxonomy_mapping_pass2_batch_1314f5ecf0e6.json
📝 Response logged: 2025-11-09_16-03-32_taxonomy_mapping_pass2_batch_1314f5ecf0e6_RESPONSE.json
      Pass 2 (batch of 1) → Curriculum Development (avg: 0.90)

    [181] Unknown
        Entries: 3, Subgroups: 0
📝 Prompt logged: 2025-11-09_16-03-32_taxonomy_mapping_pass1_c385c5e7f571.json
📝 Response logged: 2025-11-09_16-03-34_taxonomy_mapping_pass1_c385c5e7f571_RESPONSE.json
        Pass 1 → Invitations to Speak/Present (0.95)
📝 Prompt logged: 2025-11-09_16-03-34_taxonomy_mapping_pass2_batch_96ed205123d4.json
📝 Response logged: 2025-11-09_16-03-42_taxonomy_mapping_pass2_batch_96ed205123d4_RESPONSE.json
        Pass 2 (batch of 3) → Invited Keynotes, Named Lectures, Plenaries (avg: 0.80)

  [182] Unknown
      Entries: 2, Subgroups: 4
📝 Prompt logged: 2025-11-09_16-03-42_taxonomy_mapping_pass1_fe5d40dfc78b.json
📝 Response logged: 2025-11-09_16-03-46_taxonomy_mapping_pass1_fe5d40dfc78b_RESPONSE.json
      Pass 1 → Invitations to Speak/Present (0.95)
📝 Prompt logged: 2025-11-09_16-03-46_taxonomy_mapping_pass2_batch_7eb64d1cc6e6.json
📝 Response logged: 2025-11-09_16-03-49_taxonomy_mapping_pass2_batch_7eb64d1cc6e6_RESPONSE.json
      Pass 2 (batch of 2) → Invited Keynotes, Named Lectures, Plenaries (avg: 0.80)

    [183] Unknown
        Entries: 2, Subgroups: 0
📝 Prompt logged: 2025-11-09_16-03-49_taxonomy_mapping_pass1_c613be0bd9c2.json
📝 Response logged: 2025-11-09_16-03-52_taxonomy_mapping_pass1_c613be0bd9c2_RESPONSE.json
        Pass 1 → Invitations to Speak/Present (0.95)
📝 Prompt logged: 2025-11-09_16-03-52_taxonomy_mapping_pass2_batch_dd753ecc44a9.json
📝 Response logged: 2025-11-09_16-03-55_taxonomy_mapping_pass2_batch_dd753ecc44a9_RESPONSE.json
        Pass 2 (batch of 2) → Invited to Speak (avg: 0.85)

    [184] Unknown
        Entries: 2, Subgroups: 0
📝 Prompt logged: 2025-11-09_16-03-56_taxonomy_mapping_pass1_4840553686ac.json
📝 Response logged: 2025-11-09_16-03-59_taxonomy_mapping_pass1_4840553686ac_RESPONSE.json
        Pass 1 → Professional Organizations and Society Memberships (0.85)

    [185] Unknown
        Entries: 2, Subgroups: 0
📝 Prompt logged: 2025-11-09_16-03-59_taxonomy_mapping_pass1_f85dfcf00b74.json
📝 Response logged: 2025-11-09_16-04-02_taxonomy_mapping_pass1_f85dfcf00b74_RESPONSE.json
        Pass 1 → Invitations to Speak/Present (0.95)
📝 Prompt logged: 2025-11-09_16-04-02_taxonomy_mapping_pass2_batch_ffbb679efd5b.json
📝 Response logged: 2025-11-09_16-04-05_taxonomy_mapping_pass2_batch_ffbb679efd5b_RESPONSE.json
        Pass 2 (batch of 2) → Invited Presentations (avg: 0.85)

    [186] Unknown
        Entries: 1, Subgroups: 0
📝 Prompt logged: 2025-11-09_16-04-05_taxonomy_mapping_pass1_c8c5be2a7f43.json
📝 Response logged: 2025-11-09_16-04-08_taxonomy_mapping_pass1_c8c5be2a7f43_RESPONSE.json
        Pass 1 → Extramural Professional Responsibilities (0.85)
📝 Prompt logged: 2025-11-09_16-04-08_taxonomy_mapping_pass2_batch_fd39042e1e43.json
📝 Response logged: 2025-11-09_16-04-11_taxonomy_mapping_pass2_batch_fd39042e1e43_RESPONSE.json
        Pass 2 (batch of 1) → Leadership in Extramural Organizations (avg: 0.90)

  [187] Unknown
      Entries: 2, Subgroups: 4
📝 Prompt logged: 2025-11-09_16-04-11_taxonomy_mapping_pass1_a7eb28222eb2.json
📝 Response logged: 2025-11-09_16-04-14_taxonomy_mapping_pass1_a7eb28222eb2_RESPONSE.json
      Pass 1 → Invitations to Speak/Present (0.95)
📝 Prompt logged: 2025-11-09_16-04-14_taxonomy_mapping_pass2_batch_196cfeeedd79.json
📝 Response logged: 2025-11-09_16-04-18_taxonomy_mapping_pass2_batch_196cfeeedd79_RESPONSE.json
      Pass 2 (batch of 2) → Invited Keynotes, Named Lectures, Plenaries (avg: 0.80)

    [188] Unknown
        Entries: 2, Subgroups: 0
📝 Prompt logged: 2025-11-09_16-04-18_taxonomy_mapping_pass1_e2c63787f4a3.json
📝 Response logged: 2025-11-09_16-04-21_taxonomy_mapping_pass1_e2c63787f4a3_RESPONSE.json
        Pass 1 → Invitations to Speak/Present (0.95)
📝 Prompt logged: 2025-11-09_16-04-21_taxonomy_mapping_pass2_batch_e018ceea3c33.json
📝 Response logged: 2025-11-09_16-04-26_taxonomy_mapping_pass2_batch_e018ceea3c33_RESPONSE.json
        Pass 2 (batch of 2) → Invited to Speak (avg: 0.85)

    [189] Unknown
        Entries: 2, Subgroups: 0
📝 Prompt logged: 2025-11-09_16-04-26_taxonomy_mapping_pass1_ad40658604e0.json
📝 Response logged: 2025-11-09_16-04-29_taxonomy_mapping_pass1_ad40658604e0_RESPONSE.json
        Pass 1 → Invitations to Speak/Present (0.95)
📝 Prompt logged: 2025-11-09_16-04-29_taxonomy_mapping_pass2_batch_1204fff12cee.json
📝 Response logged: 2025-11-09_16-04-34_taxonomy_mapping_pass2_batch_1204fff12cee_RESPONSE.json
        Pass 2 (batch of 2) → Grand Rounds, Visiting Professorships, Departmental Seminars (avg: 0.80)

    [190] Unknown
        Entries: 4, Subgroups: 0
📝 Prompt logged: 2025-11-09_16-04-34_taxonomy_mapping_pass1_e55c2d3845a0.json
📝 Response logged: 2025-11-09_16-04-37_taxonomy_mapping_pass1_e55c2d3845a0_RESPONSE.json
        Pass 1 → Invitations to Speak/Present (0.95)
📝 Prompt logged: 2025-11-09_16-04-37_taxonomy_mapping_pass2_batch_ccf7c0c5dfb0.json
📝 Response logged: 2025-11-09_16-04-47_taxonomy_mapping_pass2_batch_ccf7c0c5dfb0_RESPONSE.json
        Pass 2 (batch of 4) → Invited to Speak (avg: 0.80)

    [191] Unknown
        Entries: 2, Subgroups: 0
📝 Prompt logged: 2025-11-09_16-04-47_taxonomy_mapping_pass1_603c8ab3abe0.json
📝 Response logged: 2025-11-09_16-04-50_taxonomy_mapping_pass1_603c8ab3abe0_RESPONSE.json
        Pass 1 → Invitations to Speak/Present (0.95)
📝 Prompt logged: 2025-11-09_16-04-50_taxonomy_mapping_pass2_batch_9c2cb9de448a.json
📝 Response logged: 2025-11-09_16-04-53_taxonomy_mapping_pass2_batch_9c2cb9de448a_RESPONSE.json
        Pass 2 (batch of 2) → Invited to Speak (avg: 0.85)

  [192] Unknown
      Entries: 2, Subgroups: 4
📝 Prompt logged: 2025-11-09_16-04-53_taxonomy_mapping_pass1_a903f6cab09f.json
📝 Response logged: 2025-11-09_16-04-56_taxonomy_mapping_pass1_a903f6cab09f_RESPONSE.json
      Pass 1 → Invitations to Speak/Present (0.95)
📝 Prompt logged: 2025-11-09_16-04-56_taxonomy_mapping_pass2_batch_26d4e5676c07.json
📝 Response logged: 2025-11-09_16-04-59_taxonomy_mapping_pass2_batch_26d4e5676c07_RESPONSE.json
      Pass 2 (batch of 2) → Grand Rounds (avg: 0.85)

    [193] Unknown
        Entries: 3, Subgroups: 0
📝 Prompt logged: 2025-11-09_16-04-59_taxonomy_mapping_pass1_29bfe7bc1ed1.json
📝 Response logged: 2025-11-09_16-05-02_taxonomy_mapping_pass1_29bfe7bc1ed1_RESPONSE.json
        Pass 1 → Invitations to Speak/Present (0.95)
📝 Prompt logged: 2025-11-09_16-05-02_taxonomy_mapping_pass2_batch_957a726532b8.json
📝 Response logged: 2025-11-09_16-05-07_taxonomy_mapping_pass2_batch_957a726532b8_RESPONSE.json
        Pass 2 (batch of 3) → Invited Panels, Workshops, Symposia (avg: 0.90)

    [194] Unknown
        Entries: 2, Subgroups: 0
📝 Prompt logged: 2025-11-09_16-05-07_taxonomy_mapping_pass1_e30c2c5e4e59.json
📝 Response logged: 2025-11-09_16-05-10_taxonomy_mapping_pass1_e30c2c5e4e59_RESPONSE.json
        Pass 1 → Invitations to Speak/Present (0.95)
📝 Prompt logged: 2025-11-09_16-05-10_taxonomy_mapping_pass2_batch_51f549e2f829.json
📝 Response logged: 2025-11-09_16-05-13_taxonomy_mapping_pass2_batch_51f549e2f829_RESPONSE.json
        Pass 2 (batch of 2) → Invited to Speak (avg: 0.85)

    [195] Unknown
        Entries: 2, Subgroups: 0
📝 Prompt logged: 2025-11-09_16-05-13_taxonomy_mapping_pass1_b29c284b78b7.json
📝 Response logged: 2025-11-09_16-05-17_taxonomy_mapping_pass1_b29c284b78b7_RESPONSE.json
        Pass 1 → Invitations to Speak/Present (0.95)
📝 Prompt logged: 2025-11-09_16-05-17_taxonomy_mapping_pass2_batch_515c378b584a.json
📝 Response logged: 2025-11-09_16-05-20_taxonomy_mapping_pass2_batch_515c378b584a_RESPONSE.json
        Pass 2 (batch of 2) → Invited to Speak (avg: 0.85)

    [196] Unknown
        Entries: 2, Subgroups: 0
📝 Prompt logged: 2025-11-09_16-05-20_taxonomy_mapping_pass1_b65e482b4518.json
📝 Response logged: 2025-11-09_16-05-24_taxonomy_mapping_pass1_b65e482b4518_RESPONSE.json
        Pass 1 → Institutional / Hospital Affiliation (0.85)
        Router → Skip Pass 2 (direct to extraction)

  [197] Unknown
      Entries: 3, Subgroups: 15
📝 Prompt logged: 2025-11-09_16-05-24_taxonomy_mapping_pass1_d589cfa7df44.json
📝 Response logged: 2025-11-09_16-05-26_taxonomy_mapping_pass1_d589cfa7df44_RESPONSE.json
      Pass 1 → Invitations to Speak/Present (0.95)
📝 Prompt logged: 2025-11-09_16-05-26_taxonomy_mapping_pass2_batch_a649b253a13c.json
📝 Response logged: 2025-11-09_16-05-32_taxonomy_mapping_pass2_batch_a649b253a13c_RESPONSE.json
      Pass 2 (batch of 3) → Invited Panels, Workshops, Symposia (avg: 0.77)

    [198] Unknown
        Entries: 2, Subgroups: 0
📝 Prompt logged: 2025-11-09_16-05-32_taxonomy_mapping_pass1_68c7812d3083.json
📝 Response logged: 2025-11-09_16-05-35_taxonomy_mapping_pass1_68c7812d3083_RESPONSE.json
        Pass 1 → Invitations to Speak/Present (0.95)
📝 Prompt logged: 2025-11-09_16-05-35_taxonomy_mapping_pass2_batch_5f85835dc5b7.json
📝 Response logged: 2025-11-09_16-05-39_taxonomy_mapping_pass2_batch_5f85835dc5b7_RESPONSE.json
        Pass 2 (batch of 2) → Invited Keynotes, Named Lectures, Plenaries (avg: 0.88)

    [199] Unknown
        Entries: 3, Subgroups: 0
📝 Prompt logged: 2025-11-09_16-05-39_taxonomy_mapping_pass1_3647db6e39ab.json
📝 Response logged: 2025-11-09_16-05-42_taxonomy_mapping_pass1_3647db6e39ab_RESPONSE.json
        Pass 1 → Invitations to Speak/Present (0.95)
📝 Prompt logged: 2025-11-09_16-05-42_taxonomy_mapping_pass2_batch_6e066f750f64.json
📝 Response logged: 2025-11-09_16-05-46_taxonomy_mapping_pass2_batch_6e066f750f64_RESPONSE.json
        Pass 2 (batch of 3) → Invited Keynotes, Named Lectures, Plenaries (avg: 0.73)

    [200] Unknown
        Entries: 3, Subgroups: 0
📝 Prompt logged: 2025-11-09_16-05-46_taxonomy_mapping_pass1_bdd71ea25f13.json
📝 Response logged: 2025-11-09_16-05-49_taxonomy_mapping_pass1_bdd71ea25f13_RESPONSE.json
        Pass 1 → Invitations to Speak/Present (0.95)
📝 Prompt logged: 2025-11-09_16-05-49_taxonomy_mapping_pass2_batch_b9219cd2f9b0.json
📝 Response logged: 2025-11-09_16-05-57_taxonomy_mapping_pass2_batch_b9219cd2f9b0_RESPONSE.json
        Pass 2 (batch of 3) → Invited Keynotes, Named Lectures, Plenaries (avg: 0.80)

    [201] Unknown
        Entries: 3, Subgroups: 0
📝 Prompt logged: 2025-11-09_16-05-57_taxonomy_mapping_pass1_b163e623f33d.json
📝 Response logged: 2025-11-09_16-06-00_taxonomy_mapping_pass1_b163e623f33d_RESPONSE.json
        Pass 1 → Invitations to Speak/Present (0.95)
📝 Prompt logged: 2025-11-09_16-06-00_taxonomy_mapping_pass2_batch_995d366a4f11.json
📝 Response logged: 2025-11-09_16-06-05_taxonomy_mapping_pass2_batch_995d366a4f11_RESPONSE.json
        Pass 2 (batch of 3) → Invited Panels, Workshops, Symposia (avg: 0.83)

    [202] Unknown
        Entries: 2, Subgroups: 0
📝 Prompt logged: 2025-11-09_16-06-05_taxonomy_mapping_pass1_085f7cbc253d.json
📝 Response logged: 2025-11-09_16-06-10_taxonomy_mapping_pass1_085f7cbc253d_RESPONSE.json
        Pass 1 → Invitations to Speak/Present (0.95)
📝 Prompt logged: 2025-11-09_16-06-10_taxonomy_mapping_pass2_batch_77609a45dc69.json
📝 Response logged: 2025-11-09_16-06-13_taxonomy_mapping_pass2_batch_77609a45dc69_RESPONSE.json
        Pass 2 (batch of 2) → Invited Keynotes, Named Lectures, Plenaries (avg: 0.85)

    [203] Unknown
        Entries: 1, Subgroups: 0
📝 Prompt logged: 2025-11-09_16-06-13_taxonomy_mapping_pass1_f79454d9cc17.json
📝 Response logged: 2025-11-09_16-06-15_taxonomy_mapping_pass1_f79454d9cc17_RESPONSE.json
        Pass 1 → Invitations to Speak/Present (0.95)
📝 Prompt logged: 2025-11-09_16-06-15_taxonomy_mapping_pass2_batch_207955419fd7.json
📝 Response logged: 2025-11-09_16-06-18_taxonomy_mapping_pass2_batch_207955419fd7_RESPONSE.json
        Pass 2 (batch of 1) → Invited Keynotes, Named Lectures, Plenaries (avg: 0.80)

    [204] Unknown
        Entries: 2, Subgroups: 0
📝 Prompt logged: 2025-11-09_16-06-18_taxonomy_mapping_pass1_90ea5058570c.json
📝 Response logged: 2025-11-09_16-06-21_taxonomy_mapping_pass1_90ea5058570c_RESPONSE.json
        Pass 1 → Research (0.85)
📝 Prompt logged: 2025-11-09_16-06-21_taxonomy_mapping_pass2_batch_570d628f2a82.json
📝 Response logged: 2025-11-09_16-06-25_taxonomy_mapping_pass2_batch_570d628f2a82_RESPONSE.json
        Pass 2 (batch of 2) → Research Activities (Summary) (avg: 0.93)

    [205] Unknown
        Entries: 2, Subgroups: 0
📝 Prompt logged: 2025-11-09_16-06-25_taxonomy_mapping_pass1_32f41deee338.json
📝 Response logged: 2025-11-09_16-06-27_taxonomy_mapping_pass1_32f41deee338_RESPONSE.json
        Pass 1 → Invitations to Speak/Present (0.95)
📝 Prompt logged: 2025-11-09_16-06-27_taxonomy_mapping_pass2_batch_d3a6c6cac415.json
📝 Response logged: 2025-11-09_16-06-29_taxonomy_mapping_pass2_batch_d3a6c6cac415_RESPONSE.json
        Pass 2 (batch of 2) → Invited Panels, Workshops, Symposia (avg: 0.90)

    [206] Unknown
        Entries: 2, Subgroups: 0
📝 Prompt logged: 2025-11-09_16-06-29_taxonomy_mapping_pass1_b784fb43b1aa.json
📝 Response logged: 2025-11-09_16-06-31_taxonomy_mapping_pass1_b784fb43b1aa_RESPONSE.json
        Pass 1 → Professional Organizations and Society Memberships (0.95)

    [207] Unknown
        Entries: 1, Subgroups: 0
📝 Prompt logged: 2025-11-09_16-06-31_taxonomy_mapping_pass1_07310e160b01.json
📝 Response logged: 2025-11-09_16-06-34_taxonomy_mapping_pass1_07310e160b01_RESPONSE.json
        Pass 1 → Invitations to Speak/Present (0.95)
📝 Prompt logged: 2025-11-09_16-06-34_taxonomy_mapping_pass2_batch_975bbcded669.json
📝 Response logged: 2025-11-09_16-06-37_taxonomy_mapping_pass2_batch_975bbcded669_RESPONSE.json
        Pass 2 (batch of 1) → Invited Keynotes, Named Lectures, Plenaries (avg: 0.90)

    [208] Unknown
        Entries: 3, Subgroups: 0
📝 Prompt logged: 2025-11-09_16-06-37_taxonomy_mapping_pass1_59f16ae4eb8e.json
📝 Response logged: 2025-11-09_16-06-39_taxonomy_mapping_pass1_59f16ae4eb8e_RESPONSE.json
        Pass 1 → Invitations to Speak/Present (0.95)
📝 Prompt logged: 2025-11-09_16-06-39_taxonomy_mapping_pass2_batch_d3d17f2e436f.json
📝 Response logged: 2025-11-09_16-06-45_taxonomy_mapping_pass2_batch_d3d17f2e436f_RESPONSE.json
        Pass 2 (batch of 3) → Grand Rounds (avg: 0.93)

    [209] Unknown
        Entries: 2, Subgroups: 0
📝 Prompt logged: 2025-11-09_16-06-45_taxonomy_mapping_pass1_c523b5736eb5.json
📝 Response logged: 2025-11-09_16-06-48_taxonomy_mapping_pass1_c523b5736eb5_RESPONSE.json
        Pass 1 → Invitations to Speak/Present (0.90)
📝 Prompt logged: 2025-11-09_16-06-48_taxonomy_mapping_pass2_batch_25fea67dae69.json
📝 Response logged: 2025-11-09_16-06-54_taxonomy_mapping_pass2_batch_25fea67dae69_RESPONSE.json
        Pass 2 (batch of 2) → Invited Keynotes, Named Lectures, Plenaries (avg: 0.47)

    [210] Unknown
        Entries: 2, Subgroups: 0
📝 Prompt logged: 2025-11-09_16-06-54_taxonomy_mapping_pass1_62b6abdc900c.json
📝 Response logged: 2025-11-09_16-06-56_taxonomy_mapping_pass1_62b6abdc900c_RESPONSE.json
        Pass 1 → Invitations to Speak/Present (0.95)
📝 Prompt logged: 2025-11-09_16-06-56_taxonomy_mapping_pass2_batch_0c1995bd7ef8.json
📝 Response logged: 2025-11-09_16-07-00_taxonomy_mapping_pass2_batch_0c1995bd7ef8_RESPONSE.json
        Pass 2 (batch of 2) → Grand Rounds, Visiting Professorships, Departmental Seminars (avg: 0.80)

    [211] Unknown
        Entries: 3, Subgroups: 0
📝 Prompt logged: 2025-11-09_16-07-00_taxonomy_mapping_pass1_ae863e033b5f.json
📝 Response logged: 2025-11-09_16-07-13_taxonomy_mapping_pass1_ae863e033b5f_RESPONSE.json
        Pass 1 → Invitations to Speak/Present (0.95)
📝 Prompt logged: 2025-11-09_16-07-13_taxonomy_mapping_pass2_batch_5c61b4742e2c.json
📝 Response logged: 2025-11-09_16-07-18_taxonomy_mapping_pass2_batch_5c61b4742e2c_RESPONSE.json
        Pass 2 (batch of 3) → Invited Panels, Workshops, Symposia (avg: 0.73)

    [212] Unknown
        Entries: 2, Subgroups: 0
📝 Prompt logged: 2025-11-09_16-07-18_taxonomy_mapping_pass1_fb2be0c0e471.json
📝 Response logged: 2025-11-09_16-07-30_taxonomy_mapping_pass1_fb2be0c0e471_RESPONSE.json
        Pass 1 → Invitations to Speak/Present (0.90)
📝 Prompt logged: 2025-11-09_16-07-30_taxonomy_mapping_pass2_batch_3b171e05f1ae.json
📝 Response logged: 2025-11-09_16-07-33_taxonomy_mapping_pass2_batch_3b171e05f1ae_RESPONSE.json
        Pass 2 (batch of 2) → Grand Rounds (avg: 1.00)

  [213] Unknown
      Entries: 2, Subgroups: 0
📝 Prompt logged: 2025-11-09_16-07-33_taxonomy_mapping_pass1_de2246c6f21d.json
📝 Response logged: 2025-11-09_16-07-36_taxonomy_mapping_pass1_de2246c6f21d_RESPONSE.json
      Pass 1 → Research (0.95)
📝 Prompt logged: 2025-11-09_16-07-36_taxonomy_mapping_pass2_batch_6cb462f31668.json
📝 Response logged: 2025-11-09_16-07-39_taxonomy_mapping_pass2_batch_6cb462f31668_RESPONSE.json
      Pass 2 (batch of 2) → Research Activities (Summary) (avg: 0.93)

  [214] Unknown
      Entries: 93, Subgroups: 0
📝 Prompt logged: 2025-11-09_16-07-39_taxonomy_mapping_pass1_00b1a4fa1144.json
📝 Response logged: 2025-11-09_16-07-44_taxonomy_mapping_pass1_00b1a4fa1144_RESPONSE.json
      Pass 1 → Bibliography (0.95)
📝 Prompt logged: 2025-11-09_16-07-44_taxonomy_mapping_pass2_batch_4c8842412596.json
📝 Response logged: 2025-11-09_16-07-58_taxonomy_mapping_pass2_batch_4c8842412596_RESPONSE.json
      Pass 2 (batch of 93) → Peer-Reviewed Research Articles (original research) (avg: 0.90)

  [215] Unknown
      Entries: 4, Subgroups: 2
📝 Prompt logged: 2025-11-09_16-07-58_taxonomy_mapping_pass1_ee228a134a7b.json
📝 Response logged: 2025-11-09_16-08-00_taxonomy_mapping_pass1_ee228a134a7b_RESPONSE.json
      Pass 1 → Bibliography (0.95)
📝 Prompt logged: 2025-11-09_16-08-00_taxonomy_mapping_pass2_batch_0842758e8fd8.json
📝 Response logged: 2025-11-09_16-08-07_taxonomy_mapping_pass2_batch_0842758e8fd8_RESPONSE.json
      Pass 2 (batch of 4) → Reviews & Editorials (avg: 0.91)

    [216] Unknown
        Entries: 9, Subgroups: 0
📝 Prompt logged: 2025-11-09_16-08-07_taxonomy_mapping_pass1_3e49a450a6a1.json
📝 Response logged: 2025-11-09_16-08-09_taxonomy_mapping_pass1_3e49a450a6a1_RESPONSE.json
        Pass 1 → Bibliography (0.95)
📝 Prompt logged: 2025-11-09_16-08-09_taxonomy_mapping_pass2_batch_15073dec2ce8.json
📝 Response logged: 2025-11-09_16-08-21_taxonomy_mapping_pass2_batch_15073dec2ce8_RESPONSE.json
        Pass 2 (batch of 9) → Chapters (book chapters) (avg: 0.91)

    [217] Unknown
        Entries: 1, Subgroups: 0
📝 Prompt logged: 2025-11-09_16-08-21_taxonomy_mapping_pass1_8c06cd90b9df.json
📝 Response logged: 2025-11-09_16-08-23_taxonomy_mapping_pass1_8c06cd90b9df_RESPONSE.json
        Pass 1 → Bibliography (0.95)
📝 Prompt logged: 2025-11-09_16-08-23_taxonomy_mapping_pass2_batch_6061e3490a31.json
📝 Response logged: 2025-11-09_16-08-27_taxonomy_mapping_pass2_batch_6061e3490a31_RESPONSE.json
        Pass 2 (batch of 1) → Reviews & Editorials (synthesis, commentary) (avg: 0.90)

  [218] Unknown
      Entries: 1, Subgroups: 0
📝 Prompt logged: 2025-11-09_16-08-27_taxonomy_mapping_pass1_3d9a5e128000.json
📝 Response logged: 2025-11-09_16-08-29_taxonomy_mapping_pass1_3d9a5e128000_RESPONSE.json
      Pass 1 → Personal Data / Contact Information (0.95)
      Router → Skip Pass 2 (direct to extraction)

  [219] Unknown
      Entries: 0, Subgroups: 0
📝 Prompt logged: 2025-11-09_16-08-29_taxonomy_mapping_pass1_2776f3db0de2.json
📝 Response logged: 2025-11-09_16-08-33_taxonomy_mapping_pass1_2776f3db0de2_RESPONSE.json
      Pass 1 → Appendix / Other (0.85)

  [220] Unknown
      Entries: 4, Subgroups: 0
📝 Prompt logged: 2025-11-09_16-08-33_taxonomy_mapping_pass1_6ad37ff4a044.json
📝 Response logged: 2025-11-09_16-08-35_taxonomy_mapping_pass1_6ad37ff4a044_RESPONSE.json
      Pass 1 → Research (0.95)
📝 Prompt logged: 2025-11-09_16-08-35_taxonomy_mapping_pass2_batch_2d5bb4cdefc0.json
📝 Response logged: 2025-11-09_16-08-41_taxonomy_mapping_pass2_batch_2d5bb4cdefc0_RESPONSE.json
      Pass 2 (batch of 4) → Research Activities (Summary) (avg: 0.91)

  [221] Unknown
      Entries: 2, Subgroups: 0
📝 Prompt logged: 2025-11-09_16-08-41_taxonomy_mapping_pass1_b0dddd0e05cd.json
📝 Response logged: 2025-11-09_16-08-45_taxonomy_mapping_pass1_b0dddd0e05cd_RESPONSE.json
      Pass 1 → Appendix / Other (0.85)

  [222] Unknown
      Entries: 1, Subgroups: 0
📝 Prompt logged: 2025-11-09_16-08-45_taxonomy_mapping_pass1_2a8f64ac0745.json
📝 Response logged: 2025-11-09_16-08-50_taxonomy_mapping_pass1_2a8f64ac0745_RESPONSE.json
      Pass 1 → Research (0.85)
📝 Prompt logged: 2025-11-09_16-08-50_taxonomy_mapping_pass2_batch_6040790c44f4.json
📝 Response logged: 2025-11-09_16-08-51_taxonomy_mapping_pass2_batch_6040790c44f4_RESPONSE.json
      Pass 2 (batch of 1) → Clinical Trials (avg: 0.90)

  [223] Unknown
      Entries: 1, Subgroups: 0
📝 Prompt logged: 2025-11-09_16-08-51_taxonomy_mapping_pass1_ac36332f24d5.json
📝 Response logged: 2025-11-09_16-08-53_taxonomy_mapping_pass1_ac36332f24d5_RESPONSE.json
      Pass 1 → Research (0.95)
📝 Prompt logged: 2025-11-09_16-08-53_taxonomy_mapping_pass2_batch_52abfc388718.json
📝 Response logged: 2025-11-09_16-08-54_taxonomy_mapping_pass2_batch_52abfc388718_RESPONSE.json
      Pass 2 (batch of 1) → Research Support (Grants/Funding) (avg: 0.90)

  [224] Unknown
      Entries: 1, Subgroups: 0
📝 Prompt logged: 2025-11-09_16-08-54_taxonomy_mapping_pass1_6405ae329bee.json
📝 Response logged: 2025-11-09_16-08-57_taxonomy_mapping_pass1_6405ae329bee_RESPONSE.json
      Pass 1 → Bibliography (0.85)
📝 Prompt logged: 2025-11-09_16-08-57_taxonomy_mapping_pass2_batch_dd236596bfa9.json
📝 Response logged: 2025-11-09_16-08-58_taxonomy_mapping_pass2_batch_dd236596bfa9_RESPONSE.json
      Pass 2 (batch of 1) → Research Activities (Summary) (avg: 0.90)

  [225] Unknown
      Entries: 4, Subgroups: 0
📝 Prompt logged: 2025-11-09_16-08-58_taxonomy_mapping_pass1_a0847f3830f3.json
📝 Response logged: 2025-11-09_16-09-01_taxonomy_mapping_pass1_a0847f3830f3_RESPONSE.json
      Pass 1 → Professional Positions & Employment (0.95)
📝 Prompt logged: 2025-11-09_16-09-01_taxonomy_mapping_pass2_batch_ecdcde203877.json
📝 Response logged: 2025-11-09_16-09-06_taxonomy_mapping_pass2_batch_ecdcde203877_RESPONSE.json
      Pass 2 (batch of 4) → Job Titles and Employment Positions (avg: 0.90)

  [226] Unknown
      Entries: 1, Subgroups: 0
📝 Prompt logged: 2025-11-09_16-09-06_taxonomy_mapping_pass1_b999b34d140c.json
📝 Response logged: 2025-11-09_16-09-09_taxonomy_mapping_pass1_b999b34d140c_RESPONSE.json
      Pass 1 → Percent Effort and Institutional Responsibilities (0.95)
      Router → Skip Pass 2 (direct to extraction)

  [227] Unknown
      Entries: 26, Subgroups: 0
📝 Prompt logged: 2025-11-09_16-09-09_taxonomy_mapping_pass1_41504622b528.json
📝 Response logged: 2025-11-09_16-09-12_taxonomy_mapping_pass1_41504622b528_RESPONSE.json
      Pass 1 → Professional Positions & Employment (0.95)
📝 Prompt logged: 2025-11-09_16-09-12_taxonomy_mapping_pass2_batch_97d36203d40f.json
📝 Response logged: 2025-11-09_16-09-23_taxonomy_mapping_pass2_batch_97d36203d40f_RESPONSE.json
      Pass 2 (batch of 26) → Current Academic/Clinical Positions (avg: 0.90)

  [228] Unknown
      Entries: 1, Subgroups: 0
📝 Prompt logged: 2025-11-09_16-09-23_taxonomy_mapping_pass1_0c675f6430e8.json
📝 Response logged: 2025-11-09_16-09-25_taxonomy_mapping_pass1_0c675f6430e8_RESPONSE.json
      Pass 1 → Professional Positions & Employment (0.95)
📝 Prompt logged: 2025-11-09_16-09-25_taxonomy_mapping_pass2_batch_c73595ea9945.json
📝 Response logged: 2025-11-09_16-09-27_taxonomy_mapping_pass2_batch_c73595ea9945_RESPONSE.json
      Pass 2 (batch of 1) → Past Academic/Clinical Positions (avg: 0.80)

  [229] Unknown
      Entries: 1, Subgroups: 0
📝 Prompt logged: 2025-11-09_16-09-27_taxonomy_mapping_pass1_f748146d597a.json
📝 Response logged: 2025-11-09_16-09-29_taxonomy_mapping_pass1_f748146d597a_RESPONSE.json
      Pass 1 → Research (0.85)
📝 Prompt logged: 2025-11-09_16-09-29_taxonomy_mapping_pass2_batch_c58dfdf15a9f.json
📝 Response logged: 2025-11-09_16-09-31_taxonomy_mapping_pass2_batch_c58dfdf15a9f_RESPONSE.json
      Pass 2 (batch of 1) → Research Support (Grants/Funding) (avg: 0.95)

  [230] Unknown
      Entries: 1, Subgroups: 0
📝 Prompt logged: 2025-11-09_16-09-31_taxonomy_mapping_pass1_689a4bc07aff.json
📝 Response logged: 2025-11-09_16-09-34_taxonomy_mapping_pass1_689a4bc07aff_RESPONSE.json
      Pass 1 → Research (0.85)
📝 Prompt logged: 2025-11-09_16-09-34_taxonomy_mapping_pass2_batch_0bafcec543ab.json
📝 Response logged: 2025-11-09_16-09-35_taxonomy_mapping_pass2_batch_0bafcec543ab_RESPONSE.json
      Pass 2 (batch of 1) → Research Activities (Summary) (avg: 0.90)

  [231] Unknown
      Entries: 1, Subgroups: 0
📝 Prompt logged: 2025-11-09_16-09-35_taxonomy_mapping_pass1_8d84c18cc9a5.json
📝 Response logged: 2025-11-09_16-09-38_taxonomy_mapping_pass1_8d84c18cc9a5_RESPONSE.json
      Pass 1 → Research (0.95)
📝 Prompt logged: 2025-11-09_16-09-38_taxonomy_mapping_pass2_batch_3dfa251c87c7.json
📝 Response logged: 2025-11-09_16-09-40_taxonomy_mapping_pass2_batch_3dfa251c87c7_RESPONSE.json
      Pass 2 (batch of 1) → Research Support (Grants/Funding) (avg: 0.90)

  [232] Unknown
      Entries: 1, Subgroups: 0
📝 Prompt logged: 2025-11-09_16-09-40_taxonomy_mapping_pass1_61123ebb0f18.json
📝 Response logged: 2025-11-09_16-09-43_taxonomy_mapping_pass1_61123ebb0f18_RESPONSE.json
      Pass 1 → Bibliography (0.90)
📝 Prompt logged: 2025-11-09_16-09-43_taxonomy_mapping_pass2_batch_6de00ca1a678.json
📝 Response logged: 2025-11-09_16-09-45_taxonomy_mapping_pass2_batch_6de00ca1a678_RESPONSE.json
      Pass 2 (batch of 1) → Research Activities (Summary) (avg: 0.90)

  [233] Unknown
      Entries: 12, Subgroups: 0
📝 Prompt logged: 2025-11-09_16-09-45_taxonomy_mapping_pass1_b7df222d213f.json
📝 Response logged: 2025-11-09_16-09-47_taxonomy_mapping_pass1_b7df222d213f_RESPONSE.json
      Pass 1 → Professional Positions & Employment (0.95)
📝 Prompt logged: 2025-11-09_16-09-47_taxonomy_mapping_pass2_batch_ffbfc350216f.json
📝 Response logged: 2025-11-09_16-09-56_taxonomy_mapping_pass2_batch_ffbfc350216f_RESPONSE.json
      Pass 2 (batch of 12) → Current Academic/Clinical Positions (avg: 0.90)

  [234] Unknown
      Entries: 1, Subgroups: 0
📝 Prompt logged: 2025-11-09_16-09-56_taxonomy_mapping_pass1_938c97408a61.json
📝 Response logged: 2025-11-09_16-09-57_taxonomy_mapping_pass1_938c97408a61_RESPONSE.json
      Pass 1 → Percent Effort and Institutional Responsibilities (0.95)
      Router → Skip Pass 2 (direct to extraction)

  [235] Unknown
      Entries: 1, Subgroups: 0
📝 Prompt logged: 2025-11-09_16-09-57_taxonomy_mapping_pass1_906f68f3dc8d.json
📝 Response logged: 2025-11-09_16-09-59_taxonomy_mapping_pass1_906f68f3dc8d_RESPONSE.json
      Pass 1 → Professional Positions & Employment (0.95)
📝 Prompt logged: 2025-11-09_16-09-59_taxonomy_mapping_pass2_batch_e7c27de8f5a0.json
📝 Response logged: 2025-11-09_16-10-01_taxonomy_mapping_pass2_batch_e7c27de8f5a0_RESPONSE.json
      Pass 2 (batch of 1) → Current Academic/Clinical Positions (avg: 0.80)

  [236] Unknown
      Entries: 1, Subgroups: 0
📝 Prompt logged: 2025-11-09_16-10-01_taxonomy_mapping_pass1_627117e4c770.json
📝 Response logged: 2025-11-09_16-10-08_taxonomy_mapping_pass1_627117e4c770_RESPONSE.json
      Pass 1 → Research (0.85)
📝 Prompt logged: 2025-11-09_16-10-08_taxonomy_mapping_pass2_batch_6f34d3a79fb5.json
📝 Response logged: 2025-11-09_16-10-10_taxonomy_mapping_pass2_batch_6f34d3a79fb5_RESPONSE.json
      Pass 2 (batch of 1) → Research Support (Grants/Funding) (avg: 0.90)

  [237] Unknown
      Entries: 1, Subgroups: 0
📝 Prompt logged: 2025-11-09_16-10-10_taxonomy_mapping_pass1_7e8d0f4dc654.json
📝 Response logged: 2025-11-09_16-10-12_taxonomy_mapping_pass1_7e8d0f4dc654_RESPONSE.json
      Pass 1 → Research (0.85)
📝 Prompt logged: 2025-11-09_16-10-12_taxonomy_mapping_pass2_batch_bf021497caa1.json
📝 Response logged: 2025-11-09_16-10-14_taxonomy_mapping_pass2_batch_bf021497caa1_RESPONSE.json
      Pass 2 (batch of 1) → Clinical Trials (avg: 0.90)

  [238] Unknown
      Entries: 1, Subgroups: 0
📝 Prompt logged: 2025-11-09_16-10-14_taxonomy_mapping_pass1_a8a97aa4d260.json
📝 Response logged: 2025-11-09_16-10-16_taxonomy_mapping_pass1_a8a97aa4d260_RESPONSE.json
      Pass 1 → Research (0.95)
📝 Prompt logged: 2025-11-09_16-10-16_taxonomy_mapping_pass2_batch_10272ad2e003.json
📝 Response logged: 2025-11-09_16-10-18_taxonomy_mapping_pass2_batch_10272ad2e003_RESPONSE.json
      Pass 2 (batch of 1) → Research Support (Grants/Funding) (avg: 0.90)

  [239] Unknown
      Entries: 1, Subgroups: 0
📝 Prompt logged: 2025-11-09_16-10-18_taxonomy_mapping_pass1_f1f8dde466ce.json
📝 Response logged: 2025-11-09_16-10-20_taxonomy_mapping_pass1_f1f8dde466ce_RESPONSE.json
      Pass 1 → Percent Effort and Institutional Responsibilities (0.95)
      Router → Skip Pass 2 (direct to extraction)

  [240] Unknown
      Entries: 1, Subgroups: 0
📝 Prompt logged: 2025-11-09_16-10-20_taxonomy_mapping_pass1_5657a21d8679.json
📝 Response logged: 2025-11-09_16-10-22_taxonomy_mapping_pass1_5657a21d8679_RESPONSE.json
      Pass 1 → Professional Positions & Employment (0.95)
📝 Prompt logged: 2025-11-09_16-10-22_taxonomy_mapping_pass2_batch_4ba5df51afc1.json
📝 Response logged: 2025-11-09_16-10-23_taxonomy_mapping_pass2_batch_4ba5df51afc1_RESPONSE.json
      Pass 2 (batch of 1) → Past Academic/Clinical Positions (avg: 0.80)

  [241] Unknown
      Entries: 1, Subgroups: 0
📝 Prompt logged: 2025-11-09_16-10-23_taxonomy_mapping_pass1_506a64466823.json
📝 Response logged: 2025-11-09_16-10-26_taxonomy_mapping_pass1_506a64466823_RESPONSE.json
      Pass 1 → Research (0.85)
📝 Prompt logged: 2025-11-09_16-10-26_taxonomy_mapping_pass2_batch_3b8528326ba8.json
📝 Response logged: 2025-11-09_16-10-27_taxonomy_mapping_pass2_batch_3b8528326ba8_RESPONSE.json
      Pass 2 (batch of 1) → Research Support (Grants/Funding) (avg: 0.90)

  [242] Unknown
      Entries: 1, Subgroups: 0
📝 Prompt logged: 2025-11-09_16-10-27_taxonomy_mapping_pass1_fe9c363a6049.json
📝 Response logged: 2025-11-09_16-10-30_taxonomy_mapping_pass1_fe9c363a6049_RESPONSE.json
      Pass 1 → Research (0.85)
📝 Prompt logged: 2025-11-09_16-10-30_taxonomy_mapping_pass2_batch_5e9c177adc0f.json
📝 Response logged: 2025-11-09_16-10-31_taxonomy_mapping_pass2_batch_5e9c177adc0f_RESPONSE.json
      Pass 2 (batch of 1) → Research Activities (Summary) (avg: 0.90)

  [243] Unknown
      Entries: 1, Subgroups: 0
📝 Prompt logged: 2025-11-09_16-10-31_taxonomy_mapping_pass1_0df1cb6b2017.json
📝 Response logged: 2025-11-09_16-10-32_taxonomy_mapping_pass1_0df1cb6b2017_RESPONSE.json
      Pass 1 → Research (0.85)
📝 Prompt logged: 2025-11-09_16-10-32_taxonomy_mapping_pass2_batch_c6d3da256b2f.json
📝 Response logged: 2025-11-09_16-10-34_taxonomy_mapping_pass2_batch_c6d3da256b2f_RESPONSE.json
      Pass 2 (batch of 1) → Research Support (Grants/Funding) (avg: 0.90)

  [244] Unknown
      Entries: 1, Subgroups: 0
📝 Prompt logged: 2025-11-09_16-10-34_taxonomy_mapping_pass1_8388cc58a70c.json
📝 Response logged: 2025-11-09_16-10-36_taxonomy_mapping_pass1_8388cc58a70c_RESPONSE.json
      Pass 1 → Professional Positions & Employment (0.95)
📝 Prompt logged: 2025-11-09_16-10-36_taxonomy_mapping_pass2_batch_967254dd2da5.json
📝 Response logged: 2025-11-09_16-10-38_taxonomy_mapping_pass2_batch_967254dd2da5_RESPONSE.json
      Pass 2 (batch of 1) → Current Academic/Clinical Positions (avg: 0.80)

  [245] Unknown
      Entries: 2, Subgroups: 0
📝 Prompt logged: 2025-11-09_16-10-38_taxonomy_mapping_pass1_62cfa8f58423.json
📝 Response logged: 2025-11-09_16-10-40_taxonomy_mapping_pass1_62cfa8f58423_RESPONSE.json
      Pass 1 → Percent Effort and Institutional Responsibilities (0.95)
      Router → Skip Pass 2 (direct to extraction)

  [246] Unknown
      Entries: 1, Subgroups: 0
📝 Prompt logged: 2025-11-09_16-10-40_taxonomy_mapping_pass1_f2b93b456367.json
📝 Response logged: 2025-11-09_16-10-41_taxonomy_mapping_pass1_f2b93b456367_RESPONSE.json
      Pass 1 → Professional Positions & Employment (0.95)
📝 Prompt logged: 2025-11-09_16-10-41_taxonomy_mapping_pass2_batch_a467770461e0.json
📝 Response logged: 2025-11-09_16-10-43_taxonomy_mapping_pass2_batch_a467770461e0_RESPONSE.json
      Pass 2 (batch of 1) → Past Academic/Clinical Positions (avg: 0.90)

  [247] Unknown
      Entries: 1, Subgroups: 0
📝 Prompt logged: 2025-11-09_16-10-43_taxonomy_mapping_pass1_453989e58cfc.json
📝 Response logged: 2025-11-09_16-10-44_taxonomy_mapping_pass1_453989e58cfc_RESPONSE.json
      Pass 1 → Research (0.85)
📝 Prompt logged: 2025-11-09_16-10-44_taxonomy_mapping_pass2_batch_c15c4fc41265.json
📝 Response logged: 2025-11-09_16-10-46_taxonomy_mapping_pass2_batch_c15c4fc41265_RESPONSE.json
      Pass 2 (batch of 1) → Research Support (Grants/Funding) (avg: 0.90)

  [248] Unknown
      Entries: 1, Subgroups: 0
📝 Prompt logged: 2025-11-09_16-10-46_taxonomy_mapping_pass1_ef4bf520732a.json
📝 Response logged: 2025-11-09_16-10-50_taxonomy_mapping_pass1_ef4bf520732a_RESPONSE.json
      Pass 1 → Research (0.85)
📝 Prompt logged: 2025-11-09_16-10-50_taxonomy_mapping_pass2_batch_bdccae2fbcce.json
📝 Response logged: 2025-11-09_16-10-52_taxonomy_mapping_pass2_batch_bdccae2fbcce_RESPONSE.json
      Pass 2 (batch of 1) → Research Activities (Summary) (avg: 0.90)

  [249] Unknown
      Entries: 1, Subgroups: 0
📝 Prompt logged: 2025-11-09_16-10-52_taxonomy_mapping_pass1_4894ce54e141.json
📝 Response logged: 2025-11-09_16-10-54_taxonomy_mapping_pass1_4894ce54e141_RESPONSE.json
      Pass 1 → Research (0.95)
📝 Prompt logged: 2025-11-09_16-10-54_taxonomy_mapping_pass2_batch_c600f0a543db.json
📝 Response logged: 2025-11-09_16-10-55_taxonomy_mapping_pass2_batch_c600f0a543db_RESPONSE.json
      Pass 2 (batch of 1) → Research Support (Grants/Funding) (avg: 0.90)

  [250] Unknown
      Entries: 1, Subgroups: 0
📝 Prompt logged: 2025-11-09_16-10-55_taxonomy_mapping_pass1_16847cb534c7.json
📝 Response logged: 2025-11-09_16-10-57_taxonomy_mapping_pass1_16847cb534c7_RESPONSE.json
      Pass 1 → Professional Positions & Employment (0.95)
📝 Prompt logged: 2025-11-09_16-10-57_taxonomy_mapping_pass2_batch_93850e4cd23c.json
📝 Response logged: 2025-11-09_16-10-59_taxonomy_mapping_pass2_batch_93850e4cd23c_RESPONSE.json
      Pass 2 (batch of 1) → Past Academic/Clinical Positions (avg: 0.90)

  [251] Unknown
      Entries: 1, Subgroups: 0
📝 Prompt logged: 2025-11-09_16-10-59_taxonomy_mapping_pass1_a0f485d24d60.json
📝 Response logged: 2025-11-09_16-11-00_taxonomy_mapping_pass1_a0f485d24d60_RESPONSE.json
      Pass 1 → Research (0.85)
📝 Prompt logged: 2025-11-09_16-11-00_taxonomy_mapping_pass2_batch_82dfe4219d96.json
📝 Response logged: 2025-11-09_16-11-02_taxonomy_mapping_pass2_batch_82dfe4219d96_RESPONSE.json
      Pass 2 (batch of 1) → Research Support (Grants/Funding) (avg: 0.90)

  [252] Unknown
      Entries: 1, Subgroups: 0
📝 Prompt logged: 2025-11-09_16-11-02_taxonomy_mapping_pass1_e0169722d6b2.json
📝 Response logged: 2025-11-09_16-11-05_taxonomy_mapping_pass1_e0169722d6b2_RESPONSE.json
      Pass 1 → Research (0.85)
📝 Prompt logged: 2025-11-09_16-11-05_taxonomy_mapping_pass2_batch_52ef93993c81.json
📝 Response logged: 2025-11-09_16-11-07_taxonomy_mapping_pass2_batch_52ef93993c81_RESPONSE.json
      Pass 2 (batch of 1) → Research Activities (Summary) (avg: 0.90)

  [253] Unknown
      Entries: 2, Subgroups: 0
📝 Prompt logged: 2025-11-09_16-11-07_taxonomy_mapping_pass1_06e386a6571f.json
📝 Response logged: 2025-11-09_16-11-10_taxonomy_mapping_pass1_06e386a6571f_RESPONSE.json
      Pass 1 → Percent Effort and Institutional Responsibilities (0.85)
      Router → Skip Pass 2 (direct to extraction)

  [254] Unknown
      Entries: 1, Subgroups: 0
📝 Prompt logged: 2025-11-09_16-11-10_taxonomy_mapping_pass1_3687c246b2b2.json
📝 Response logged: 2025-11-09_16-11-12_taxonomy_mapping_pass1_3687c246b2b2_RESPONSE.json
      Pass 1 → Professional Positions & Employment (0.95)
📝 Prompt logged: 2025-11-09_16-11-12_taxonomy_mapping_pass2_batch_f83f4b1b37ee.json
📝 Response logged: 2025-11-09_16-11-14_taxonomy_mapping_pass2_batch_f83f4b1b37ee_RESPONSE.json
      Pass 2 (batch of 1) → Past Academic/Clinical Positions (avg: 0.90)

  [255] Unknown
      Entries: 1, Subgroups: 1
📝 Prompt logged: 2025-11-09_16-11-14_taxonomy_mapping_pass1_20f913d432d2.json
📝 Response logged: 2025-11-09_16-11-19_taxonomy_mapping_pass1_20f913d432d2_RESPONSE.json
      Pass 1 → Research (0.90)
📝 Prompt logged: 2025-11-09_16-11-19_taxonomy_mapping_pass2_batch_73df6b1c0bf5.json
📝 Response logged: 2025-11-09_16-11-20_taxonomy_mapping_pass2_batch_73df6b1c0bf5_RESPONSE.json
      Pass 2 (batch of 1) → Research Support (Grants/Funding) (avg: 0.90)

    [256] Unknown
        Entries: 2, Subgroups: 0
📝 Prompt logged: 2025-11-09_16-11-20_taxonomy_mapping_pass1_aa749c410b54.json
📝 Response logged: 2025-11-09_16-11-23_taxonomy_mapping_pass1_aa749c410b54_RESPONSE.json
        Pass 1 → Research (0.85)
📝 Prompt logged: 2025-11-09_16-11-23_taxonomy_mapping_pass2_batch_e36dc1e4d5d5.json
📝 Response logged: 2025-11-09_16-11-26_taxonomy_mapping_pass2_batch_e36dc1e4d5d5_RESPONSE.json
        Pass 2 (batch of 2) → Research Support (Grants/Funding) (avg: 0.85)

  [257] Unknown
      Entries: 1, Subgroups: 0
📝 Prompt logged: 2025-11-09_16-11-26_taxonomy_mapping_pass1_e294c7c845e7.json
📝 Response logged: 2025-11-09_16-11-30_taxonomy_mapping_pass1_e294c7c845e7_RESPONSE.json
      Pass 1 → Research (0.85)
📝 Prompt logged: 2025-11-09_16-11-30_taxonomy_mapping_pass2_batch_4ace11ff7fc0.json
📝 Response logged: 2025-11-09_16-11-32_taxonomy_mapping_pass2_batch_4ace11ff7fc0_RESPONSE.json
      Pass 2 (batch of 1) → Research Activities (Summary) (avg: 0.90)

  [258] Unknown
      Entries: 1, Subgroups: 0
📝 Prompt logged: 2025-11-09_16-11-32_taxonomy_mapping_pass1_b7139308475d.json
📝 Response logged: 2025-11-09_16-11-39_taxonomy_mapping_pass1_b7139308475d_RESPONSE.json
      Pass 1 → Research (0.85)
📝 Prompt logged: 2025-11-09_16-11-39_taxonomy_mapping_pass2_batch_a8dc64afdd02.json
📝 Response logged: 2025-11-09_16-11-41_taxonomy_mapping_pass2_batch_a8dc64afdd02_RESPONSE.json
      Pass 2 (batch of 1) → Research Support (Grants/Funding) (avg: 0.90)

  [259] Unknown
      Entries: 1, Subgroups: 0
📝 Prompt logged: 2025-11-09_16-11-41_taxonomy_mapping_pass1_b704e5418324.json
📝 Response logged: 2025-11-09_16-11-43_taxonomy_mapping_pass1_b704e5418324_RESPONSE.json
      Pass 1 → Percent Effort and Institutional Responsibilities (0.95)
      Router → Skip Pass 2 (direct to extraction)

  [260] Unknown
      Entries: 1, Subgroups: 0
📝 Prompt logged: 2025-11-09_16-11-43_taxonomy_mapping_pass1_007fdc5b97ec.json
📝 Response logged: 2025-11-09_16-11-45_taxonomy_mapping_pass1_007fdc5b97ec_RESPONSE.json
      Pass 1 → Professional Positions & Employment (0.95)
📝 Prompt logged: 2025-11-09_16-11-45_taxonomy_mapping_pass2_batch_5157ea393801.json
📝 Response logged: 2025-11-09_16-11-48_taxonomy_mapping_pass2_batch_5157ea393801_RESPONSE.json
      Pass 2 (batch of 1) → Past Academic/Clinical Positions (avg: 0.80)

  [261] Unknown
      Entries: 1, Subgroups: 0
📝 Prompt logged: 2025-11-09_16-11-48_taxonomy_mapping_pass1_671036105a11.json
📝 Response logged: 2025-11-09_16-11-50_taxonomy_mapping_pass1_671036105a11_RESPONSE.json
      Pass 1 → Research (0.85)
📝 Prompt logged: 2025-11-09_16-11-50_taxonomy_mapping_pass2_batch_a6447f10c912.json
📝 Response logged: 2025-11-09_16-11-52_taxonomy_mapping_pass2_batch_a6447f10c912_RESPONSE.json
      Pass 2 (batch of 1) → Research Support (Grants/Funding) (avg: 0.90)

  [262] Unknown
      Entries: 1, Subgroups: 0
📝 Prompt logged: 2025-11-09_16-11-52_taxonomy_mapping_pass1_89df401ccb2e.json
📝 Response logged: 2025-11-09_16-11-55_taxonomy_mapping_pass1_89df401ccb2e_RESPONSE.json
      Pass 1 → Research (0.85)
📝 Prompt logged: 2025-11-09_16-11-55_taxonomy_mapping_pass2_batch_504ac7963482.json
📝 Response logged: 2025-11-09_16-11-56_taxonomy_mapping_pass2_batch_504ac7963482_RESPONSE.json
      Pass 2 (batch of 1) → Research Activities (Summary) (avg: 0.90)

  [263] Unknown
      Entries: 1, Subgroups: 0
📝 Prompt logged: 2025-11-09_16-11-56_taxonomy_mapping_pass1_b9eeeb03c14d.json
📝 Response logged: 2025-11-09_16-11-58_taxonomy_mapping_pass1_b9eeeb03c14d_RESPONSE.json
      Pass 1 → Appendix / Other (0.85)

  [264] Unknown
      Entries: 1, Subgroups: 0
📝 Prompt logged: 2025-11-09_16-11-58_taxonomy_mapping_pass1_84cdf87a5340.json
📝 Response logged: 2025-11-09_16-11-59_taxonomy_mapping_pass1_84cdf87a5340_RESPONSE.json
      Pass 1 → Bibliography (0.85)
📝 Prompt logged: 2025-11-09_16-11-59_taxonomy_mapping_pass2_batch_365fd2398334.json
📝 Response logged: 2025-11-09_16-12-02_taxonomy_mapping_pass2_batch_365fd2398334_RESPONSE.json
      Pass 2 (batch of 1) → Peer-Reviewed Research Articles (original research) (avg: 0.90)

  [265] Unknown
      Entries: 1, Subgroups: 0
📝 Prompt logged: 2025-11-09_16-12-02_taxonomy_mapping_pass1_dd34c5df2327.json
📝 Response logged: 2025-11-09_16-12-04_taxonomy_mapping_pass1_dd34c5df2327_RESPONSE.json
      Pass 1 → Professional Positions & Employment (0.95)
📝 Prompt logged: 2025-11-09_16-12-04_taxonomy_mapping_pass2_batch_947fd6c486e1.json
📝 Response logged: 2025-11-09_16-12-06_taxonomy_mapping_pass2_batch_947fd6c486e1_RESPONSE.json
      Pass 2 (batch of 1) → Past Academic/Clinical Positions (avg: 0.90)

  [266] Unknown
      Entries: 1, Subgroups: 0
📝 Prompt logged: 2025-11-09_16-12-06_taxonomy_mapping_pass1_6c79993ac6c2.json
📝 Response logged: 2025-11-09_16-12-08_taxonomy_mapping_pass1_6c79993ac6c2_RESPONSE.json
      Pass 1 → Research (0.85)
📝 Prompt logged: 2025-11-09_16-12-08_taxonomy_mapping_pass2_batch_9e0f7f1bc781.json
📝 Response logged: 2025-11-09_16-12-10_taxonomy_mapping_pass2_batch_9e0f7f1bc781_RESPONSE.json
      Pass 2 (batch of 1) → Research Support (Grants/Funding) (avg: 0.90)

  [267] Unknown
      Entries: 1, Subgroups: 0
📝 Prompt logged: 2025-11-09_16-12-10_taxonomy_mapping_pass1_ac751b8ca2db.json
📝 Response logged: 2025-11-09_16-12-11_taxonomy_mapping_pass1_ac751b8ca2db_RESPONSE.json
      Pass 1 → Research (0.95)
📝 Prompt logged: 2025-11-09_16-12-11_taxonomy_mapping_pass2_batch_cb9803a27694.json
📝 Response logged: 2025-11-09_16-12-13_taxonomy_mapping_pass2_batch_cb9803a27694_RESPONSE.json
      Pass 2 (batch of 1) → Research Activities (Summary) (avg: 0.90)

  [268] Unknown
      Entries: 7, Subgroups: 0
📝 Prompt logged: 2025-11-09_16-12-13_taxonomy_mapping_pass1_f84ddc4b08b1.json
📝 Response logged: 2025-11-09_16-12-14_taxonomy_mapping_pass1_f84ddc4b08b1_RESPONSE.json
      Pass 1 → Percent Effort and Institutional Responsibilities (0.95)
      Router → Skip Pass 2 (direct to extraction)

  [269] Unknown
      Entries: 1, Subgroups: 0
📝 Prompt logged: 2025-11-09_16-12-14_taxonomy_mapping_pass1_31f735205cbd.json
📝 Response logged: 2025-11-09_16-12-17_taxonomy_mapping_pass1_31f735205cbd_RESPONSE.json
      Pass 1 → Professional Positions & Employment (0.85)
📝 Prompt logged: 2025-11-09_16-12-17_taxonomy_mapping_pass2_batch_5cfa480b4724.json
📝 Response logged: 2025-11-09_16-12-18_taxonomy_mapping_pass2_batch_5cfa480b4724_RESPONSE.json
      Pass 2 (batch of 1) → Current Academic/Clinical Positions (avg: 0.90)

  [270] Unknown
      Entries: 1, Subgroups: 0
📝 Prompt logged: 2025-11-09_16-12-18_taxonomy_mapping_pass1_943662585d6b.json
📝 Response logged: 2025-11-09_16-12-21_taxonomy_mapping_pass1_943662585d6b_RESPONSE.json
      Pass 1 → Professional Positions & Employment (0.95)
📝 Prompt logged: 2025-11-09_16-12-21_taxonomy_mapping_pass2_batch_70e0bbef0aac.json
📝 Response logged: 2025-11-09_16-12-22_taxonomy_mapping_pass2_batch_70e0bbef0aac_RESPONSE.json
      Pass 2 (batch of 1) → Past Academic/Clinical Positions (avg: 0.90)

  [271] Unknown
      Entries: 1, Subgroups: 0
📝 Prompt logged: 2025-11-09_16-12-22_taxonomy_mapping_pass1_c89cd3e72255.json
📝 Response logged: 2025-11-09_16-12-23_taxonomy_mapping_pass1_c89cd3e72255_RESPONSE.json
      Pass 1 → Research (0.85)
📝 Prompt logged: 2025-11-09_16-12-23_taxonomy_mapping_pass2_batch_aea8f5b8da57.json
📝 Response logged: 2025-11-09_16-12-25_taxonomy_mapping_pass2_batch_aea8f5b8da57_RESPONSE.json
      Pass 2 (batch of 1) → Research Activities (Summary) (avg: 0.90)

  [272] Unknown
      Entries: 1, Subgroups: 0
📝 Prompt logged: 2025-11-09_16-12-25_taxonomy_mapping_pass1_c5dd91bb2683.json
📝 Response logged: 2025-11-09_16-12-26_taxonomy_mapping_pass1_c5dd91bb2683_RESPONSE.json
      Pass 1 → Professional Positions & Employment (0.95)
📝 Prompt logged: 2025-11-09_16-12-26_taxonomy_mapping_pass2_batch_ae5080bd69c7.json
📝 Response logged: 2025-11-09_16-12-28_taxonomy_mapping_pass2_batch_ae5080bd69c7_RESPONSE.json
      Pass 2 (batch of 1) → Past Academic/Clinical Positions (avg: 0.80)

  [273] Unknown
      Entries: 1, Subgroups: 0
📝 Prompt logged: 2025-11-09_16-12-28_taxonomy_mapping_pass1_a5f47811e689.json
📝 Response logged: 2025-11-09_16-12-29_taxonomy_mapping_pass1_a5f47811e689_RESPONSE.json
      Pass 1 → Honors and Awards (0.95)

  [274] Unknown
      Entries: 1, Subgroups: 0
📝 Prompt logged: 2025-11-09_16-12-29_taxonomy_mapping_pass1_06c2a20a5cd6.json
📝 Response logged: 2025-11-09_16-12-31_taxonomy_mapping_pass1_06c2a20a5cd6_RESPONSE.json
      Pass 1 → Research (0.85)
📝 Prompt logged: 2025-11-09_16-12-31_taxonomy_mapping_pass2_batch_0e91b65cbe15.json
📝 Response logged: 2025-11-09_16-12-32_taxonomy_mapping_pass2_batch_0e91b65cbe15_RESPONSE.json
      Pass 2 (batch of 1) → Research Activities (Summary) (avg: 0.90)

  [275] Unknown
      Entries: 1, Subgroups: 0
📝 Prompt logged: 2025-11-09_16-12-32_taxonomy_mapping_pass1_e286afb1a1a7.json
📝 Response logged: 2025-11-09_16-12-34_taxonomy_mapping_pass1_e286afb1a1a7_RESPONSE.json
      Pass 1 → Appendix / Other (0.85)

  [276] Unknown
      Entries: 1, Subgroups: 0
📝 Prompt logged: 2025-11-09_16-12-34_taxonomy_mapping_pass1_bf14852bdcd8.json
📝 Response logged: 2025-11-09_16-12-36_taxonomy_mapping_pass1_bf14852bdcd8_RESPONSE.json
      Pass 1 → Professional Positions & Employment (0.85)
📝 Prompt logged: 2025-11-09_16-12-36_taxonomy_mapping_pass2_batch_f7ee197c00d7.json
📝 Response logged: 2025-11-09_16-12-37_taxonomy_mapping_pass2_batch_f7ee197c00d7_RESPONSE.json
      Pass 2 (batch of 1) → Current Academic/Clinical Positions (avg: 0.80)

  [277] Unknown
      Entries: 2, Subgroups: 0
📝 Prompt logged: 2025-11-09_16-12-37_taxonomy_mapping_pass1_29974a0c6658.json
📝 Response logged: 2025-11-09_16-12-39_taxonomy_mapping_pass1_29974a0c6658_RESPONSE.json
      Pass 1 → Percent Effort and Institutional Responsibilities (0.95)
      Router → Skip Pass 2 (direct to extraction)

  [278] Unknown
      Entries: 1, Subgroups: 0
📝 Prompt logged: 2025-11-09_16-12-39_taxonomy_mapping_pass1_10d7ab906033.json
📝 Response logged: 2025-11-09_16-12-40_taxonomy_mapping_pass1_10d7ab906033_RESPONSE.json
      Pass 1 → Professional Positions & Employment (0.95)
📝 Prompt logged: 2025-11-09_16-12-40_taxonomy_mapping_pass2_batch_fc93e89e2e40.json
📝 Response logged: 2025-11-09_16-12-42_taxonomy_mapping_pass2_batch_fc93e89e2e40_RESPONSE.json
      Pass 2 (batch of 1) → Past Academic/Clinical Positions (avg: 0.90)

  [279] Unknown
      Entries: 1, Subgroups: 0
📝 Prompt logged: 2025-11-09_16-12-42_taxonomy_mapping_pass1_d2830e5db293.json
📝 Response logged: 2025-11-09_16-12-44_taxonomy_mapping_pass1_d2830e5db293_RESPONSE.json
      Pass 1 → Research (0.85)
📝 Prompt logged: 2025-11-09_16-12-44_taxonomy_mapping_pass2_batch_9ac0745cbcd4.json
📝 Response logged: 2025-11-09_16-12-45_taxonomy_mapping_pass2_batch_9ac0745cbcd4_RESPONSE.json
      Pass 2 (batch of 1) → Research Activities (Summary) (avg: 0.90)

  [280] Unknown
      Entries: 1, Subgroups: 0
📝 Prompt logged: 2025-11-09_16-12-45_taxonomy_mapping_pass1_b265fd54b985.json
📝 Response logged: 2025-11-09_16-12-47_taxonomy_mapping_pass1_b265fd54b985_RESPONSE.json
      Pass 1 → Appendix / Other (0.85)

  [281] Unknown
      Entries: 1, Subgroups: 0
📝 Prompt logged: 2025-11-09_16-12-47_taxonomy_mapping_pass1_b8827ae4e81a.json
📝 Response logged: 2025-11-09_16-12-49_taxonomy_mapping_pass1_b8827ae4e81a_RESPONSE.json
      Pass 1 → Bibliography (0.85)
📝 Prompt logged: 2025-11-09_16-12-49_taxonomy_mapping_pass2_batch_55faabc6ef85.json
📝 Response logged: 2025-11-09_16-12-51_taxonomy_mapping_pass2_batch_55faabc6ef85_RESPONSE.json
      Pass 2 (batch of 1) → Research Activities (Summary) (avg: 0.90)

  [282] Unknown
      Entries: 1, Subgroups: 0
📝 Prompt logged: 2025-11-09_16-12-51_taxonomy_mapping_pass1_d6c77512d057.json
📝 Response logged: 2025-11-09_16-12-52_taxonomy_mapping_pass1_d6c77512d057_RESPONSE.json
      Pass 1 → Mentoring (0.95)
📝 Prompt logged: 2025-11-09_16-12-52_taxonomy_mapping_pass2_batch_5dcd88c88b30.json
📝 Response logged: 2025-11-09_16-12-54_taxonomy_mapping_pass2_batch_5dcd88c88b30_RESPONSE.json
      Pass 2 (batch of 1) → Current Mentees (Research) (avg: 0.80)

  [283] Unknown
      Entries: 1, Subgroups: 0
📝 Prompt logged: 2025-11-09_16-12-54_taxonomy_mapping_pass1_fda6e9eb16c4.json
📝 Response logged: 2025-11-09_16-12-55_taxonomy_mapping_pass1_fda6e9eb16c4_RESPONSE.json
      Pass 1 → Professional Positions & Employment (0.85)
📝 Prompt logged: 2025-11-09_16-12-55_taxonomy_mapping_pass2_batch_d68e1a769214.json
📝 Response logged: 2025-11-09_16-12-58_taxonomy_mapping_pass2_batch_d68e1a769214_RESPONSE.json
      Pass 2 (batch of 1) → Current Academic/Clinical Positions (avg: 0.90)

  [284] Unknown
      Entries: 1, Subgroups: 0
📝 Prompt logged: 2025-11-09_16-12-58_taxonomy_mapping_pass1_0a69dcea6e3d.json
📝 Response logged: 2025-11-09_16-12-59_taxonomy_mapping_pass1_0a69dcea6e3d_RESPONSE.json
      Pass 1 → Professional Positions & Employment (0.95)
📝 Prompt logged: 2025-11-09_16-12-59_taxonomy_mapping_pass2_batch_0137da5cefc1.json
📝 Response logged: 2025-11-09_16-13-01_taxonomy_mapping_pass2_batch_0137da5cefc1_RESPONSE.json
      Pass 2 (batch of 1) → Past Academic/Clinical Positions (avg: 0.90)

  [285] Unknown
      Entries: 2, Subgroups: 0
📝 Prompt logged: 2025-11-09_16-13-01_taxonomy_mapping_pass1_2dbf3a3842b2.json
📝 Response logged: 2025-11-09_16-13-03_taxonomy_mapping_pass1_2dbf3a3842b2_RESPONSE.json
      Pass 1 → Research (0.85)
📝 Prompt logged: 2025-11-09_16-13-03_taxonomy_mapping_pass2_batch_b09545df7f88.json
📝 Response logged: 2025-11-09_16-13-05_taxonomy_mapping_pass2_batch_b09545df7f88_RESPONSE.json
      Pass 2 (batch of 2) → Research Activities (Summary) (avg: 0.90)

  [286] Unknown
      Entries: 1, Subgroups: 0
📝 Prompt logged: 2025-11-09_16-13-05_taxonomy_mapping_pass1_cd312eba6795.json
📝 Response logged: 2025-11-09_16-13-06_taxonomy_mapping_pass1_cd312eba6795_RESPONSE.json
      Pass 1 → Percent Effort and Institutional Responsibilities (0.95)
      Router → Skip Pass 2 (direct to extraction)

  [287] Unknown
      Entries: 1, Subgroups: 0
📝 Prompt logged: 2025-11-09_16-13-06_taxonomy_mapping_pass1_cf8564d7c2c8.json
📝 Response logged: 2025-11-09_16-13-07_taxonomy_mapping_pass1_cf8564d7c2c8_RESPONSE.json
      Pass 1 → Professional Positions & Employment (0.95)
📝 Prompt logged: 2025-11-09_16-13-07_taxonomy_mapping_pass2_batch_7ba9cc862ff6.json
📝 Response logged: 2025-11-09_16-13-09_taxonomy_mapping_pass2_batch_7ba9cc862ff6_RESPONSE.json
      Pass 2 (batch of 1) → Past Academic/Clinical Positions (avg: 0.90)

  [288] Unknown
      Entries: 1, Subgroups: 0
📝 Prompt logged: 2025-11-09_16-13-09_taxonomy_mapping_pass1_c0f07630b54e.json
📝 Response logged: 2025-11-09_16-13-11_taxonomy_mapping_pass1_c0f07630b54e_RESPONSE.json
      Pass 1 → Research (0.85)
📝 Prompt logged: 2025-11-09_16-13-11_taxonomy_mapping_pass2_batch_5868dc350363.json
📝 Response logged: 2025-11-09_16-13-12_taxonomy_mapping_pass2_batch_5868dc350363_RESPONSE.json
      Pass 2 (batch of 1) → Research Support (Grants/Funding) (avg: 0.90)

  [289] Unknown
      Entries: 1, Subgroups: 0
📝 Prompt logged: 2025-11-09_16-13-12_taxonomy_mapping_pass1_831ebb76930d.json
📝 Response logged: 2025-11-09_16-13-14_taxonomy_mapping_pass1_831ebb76930d_RESPONSE.json
      Pass 1 → Research (0.85)
📝 Prompt logged: 2025-11-09_16-13-14_taxonomy_mapping_pass2_batch_40de9c8ab5f4.json
📝 Response logged: 2025-11-09_16-13-16_taxonomy_mapping_pass2_batch_40de9c8ab5f4_RESPONSE.json
      Pass 2 (batch of 1) → Research Activities (Summary) (avg: 0.90)

  [290] Unknown
      Entries: 1, Subgroups: 0
📝 Prompt logged: 2025-11-09_16-13-16_taxonomy_mapping_pass1_b0bacf968d97.json
📝 Response logged: 2025-11-09_16-13-18_taxonomy_mapping_pass1_b0bacf968d97_RESPONSE.json
      Pass 1 → Bibliography (0.85)
📝 Prompt logged: 2025-11-09_16-13-18_taxonomy_mapping_pass2_batch_2f49e8c2be6a.json
📝 Response logged: 2025-11-09_16-13-19_taxonomy_mapping_pass2_batch_2f49e8c2be6a_RESPONSE.json
      Pass 2 (batch of 1) → Research Activities (Summary) (avg: 0.90)

  [291] Unknown
      Entries: 1, Subgroups: 0
📝 Prompt logged: 2025-11-09_16-13-19_taxonomy_mapping_pass1_e9d6a59ec7c4.json
📝 Response logged: 2025-11-09_16-13-21_taxonomy_mapping_pass1_e9d6a59ec7c4_RESPONSE.json
      Pass 1 → Professional Positions & Employment (0.95)
📝 Prompt logged: 2025-11-09_16-13-21_taxonomy_mapping_pass2_batch_291212e39fcf.json
📝 Response logged: 2025-11-09_16-13-22_taxonomy_mapping_pass2_batch_291212e39fcf_RESPONSE.json
      Pass 2 (batch of 1) → Past Academic/Clinical Positions (avg: 0.90)

  [292] Unknown
      Entries: 1, Subgroups: 0
📝 Prompt logged: 2025-11-09_16-13-22_taxonomy_mapping_pass1_4307aaf8c93a.json
📝 Response logged: 2025-11-09_16-13-24_taxonomy_mapping_pass1_4307aaf8c93a_RESPONSE.json
      Pass 1 → Research (0.85)
📝 Prompt logged: 2025-11-09_16-13-24_taxonomy_mapping_pass2_batch_d78b702e69b0.json
📝 Response logged: 2025-11-09_16-13-26_taxonomy_mapping_pass2_batch_d78b702e69b0_RESPONSE.json
      Pass 2 (batch of 1) → Research Support (Grants/Funding) (avg: 0.90)

  [293] Unknown
      Entries: 1, Subgroups: 0
📝 Prompt logged: 2025-11-09_16-13-26_taxonomy_mapping_pass1_fbdd12040ac0.json
📝 Response logged: 2025-11-09_16-13-27_taxonomy_mapping_pass1_fbdd12040ac0_RESPONSE.json
      Pass 1 → Professional Positions & Employment (0.95)
📝 Prompt logged: 2025-11-09_16-13-27_taxonomy_mapping_pass2_batch_fa8475a47c19.json
📝 Response logged: 2025-11-09_16-13-29_taxonomy_mapping_pass2_batch_fa8475a47c19_RESPONSE.json
      Pass 2 (batch of 1) → Past Academic/Clinical Positions (avg: 0.90)

  [294] Unknown
      Entries: 1, Subgroups: 0
📝 Prompt logged: 2025-11-09_16-13-29_taxonomy_mapping_pass1_04c115797f11.json
📝 Response logged: 2025-11-09_16-13-31_taxonomy_mapping_pass1_04c115797f11_RESPONSE.json
      Pass 1 → Research (0.85)
📝 Prompt logged: 2025-11-09_16-13-31_taxonomy_mapping_pass2_batch_1a393a9b1be1.json
📝 Response logged: 2025-11-09_16-13-32_taxonomy_mapping_pass2_batch_1a393a9b1be1_RESPONSE.json
      Pass 2 (batch of 1) → Research Support (Grants/Funding) (avg: 0.90)

  [295] Unknown
      Entries: 1, Subgroups: 0
📝 Prompt logged: 2025-11-09_16-13-32_taxonomy_mapping_pass1_5656ed406dfe.json
📝 Response logged: 2025-11-09_16-13-34_taxonomy_mapping_pass1_5656ed406dfe_RESPONSE.json
      Pass 1 → Research (0.85)
📝 Prompt logged: 2025-11-09_16-13-34_taxonomy_mapping_pass2_batch_ef1a3f524cfd.json
📝 Response logged: 2025-11-09_16-13-36_taxonomy_mapping_pass2_batch_ef1a3f524cfd_RESPONSE.json
      Pass 2 (batch of 1) → Research Activities (Summary) (avg: 0.90)

  [296] Unknown
      Entries: 1, Subgroups: 0
📝 Prompt logged: 2025-11-09_16-13-36_taxonomy_mapping_pass1_30d069dfbce5.json
📝 Response logged: 2025-11-09_16-13-39_taxonomy_mapping_pass1_30d069dfbce5_RESPONSE.json
      Pass 1 → Bibliography (0.90)
📝 Prompt logged: 2025-11-09_16-13-39_taxonomy_mapping_pass2_batch_742498dc14e1.json
📝 Response logged: 2025-11-09_16-13-41_taxonomy_mapping_pass2_batch_742498dc14e1_RESPONSE.json
      Pass 2 (batch of 1) → Research Activities (Summary) (avg: 0.90)

  [297] Unknown
      Entries: 1, Subgroups: 0
📝 Prompt logged: 2025-11-09_16-13-41_taxonomy_mapping_pass1_fcfda673e8ee.json
📝 Response logged: 2025-11-09_16-13-42_taxonomy_mapping_pass1_fcfda673e8ee_RESPONSE.json
      Pass 1 → Professional Positions & Employment (0.95)
📝 Prompt logged: 2025-11-09_16-13-42_taxonomy_mapping_pass2_batch_df5284f21b84.json
📝 Response logged: 2025-11-09_16-13-44_taxonomy_mapping_pass2_batch_df5284f21b84_RESPONSE.json
      Pass 2 (batch of 1) → Past Academic/Clinical Positions (avg: 0.90)

  [298] Unknown
      Entries: 1, Subgroups: 0
📝 Prompt logged: 2025-11-09_16-13-44_taxonomy_mapping_pass1_eb63bdb8dadd.json
📝 Response logged: 2025-11-09_16-13-46_taxonomy_mapping_pass1_eb63bdb8dadd_RESPONSE.json
      Pass 1 → Appendix / Other (0.85)

  [299] Unknown
      Entries: 1, Subgroups: 0
📝 Prompt logged: 2025-11-09_16-13-47_taxonomy_mapping_pass1_994cae44d321.json
📝 Response logged: 2025-11-09_16-13-48_taxonomy_mapping_pass1_994cae44d321_RESPONSE.json
      Pass 1 → Professional Positions & Employment (0.95)
📝 Prompt logged: 2025-11-09_16-13-48_taxonomy_mapping_pass2_batch_97b4ac042d4d.json
📝 Response logged: 2025-11-09_16-13-49_taxonomy_mapping_pass2_batch_97b4ac042d4d_RESPONSE.json
      Pass 2 (batch of 1) → Current Academic/Clinical Positions (avg: 0.80)

  [300] Unknown
      Entries: 1, Subgroups: 0
📝 Prompt logged: 2025-11-09_16-13-49_taxonomy_mapping_pass1_c64de7cd65b5.json
📝 Response logged: 2025-11-09_16-13-51_taxonomy_mapping_pass1_c64de7cd65b5_RESPONSE.json
      Pass 1 → Professional Positions & Employment (0.95)
📝 Prompt logged: 2025-11-09_16-13-51_taxonomy_mapping_pass2_batch_ba937d1c7db4.json
📝 Response logged: 2025-11-09_16-13-52_taxonomy_mapping_pass2_batch_ba937d1c7db4_RESPONSE.json
      Pass 2 (batch of 1) → Past Academic/Clinical Positions (avg: 0.90)

  [301] Unknown
      Entries: 1, Subgroups: 0
📝 Prompt logged: 2025-11-09_16-13-52_taxonomy_mapping_pass1_cea364af30fb.json
📝 Response logged: 2025-11-09_16-13-54_taxonomy_mapping_pass1_cea364af30fb_RESPONSE.json
      Pass 1 → Research (0.85)
📝 Prompt logged: 2025-11-09_16-13-54_taxonomy_mapping_pass2_batch_266bd387007a.json
📝 Response logged: 2025-11-09_16-13-56_taxonomy_mapping_pass2_batch_266bd387007a_RESPONSE.json
      Pass 2 (batch of 1) → Research Support (Grants/Funding) (avg: 0.90)

  [302] Unknown
      Entries: 1, Subgroups: 0
📝 Prompt logged: 2025-11-09_16-13-56_taxonomy_mapping_pass1_d4274d2fea1a.json
📝 Response logged: 2025-11-09_16-13-58_taxonomy_mapping_pass1_d4274d2fea1a_RESPONSE.json
      Pass 1 → Research (0.85)
📝 Prompt logged: 2025-11-09_16-13-58_taxonomy_mapping_pass2_batch_754e8f2ac3d9.json
📝 Response logged: 2025-11-09_16-14-00_taxonomy_mapping_pass2_batch_754e8f2ac3d9_RESPONSE.json
      Pass 2 (batch of 1) → Research Activities (Summary) (avg: 0.90)

  [303] Unknown
      Entries: 1, Subgroups: 0
📝 Prompt logged: 2025-11-09_16-14-00_taxonomy_mapping_pass1_186bd1c46126.json
📝 Response logged: 2025-11-09_16-14-02_taxonomy_mapping_pass1_186bd1c46126_RESPONSE.json
      Pass 1 → Bibliography (0.90)
📝 Prompt logged: 2025-11-09_16-14-02_taxonomy_mapping_pass2_batch_de75be8c95d3.json
📝 Response logged: 2025-11-09_16-14-03_taxonomy_mapping_pass2_batch_de75be8c95d3_RESPONSE.json
      Pass 2 (batch of 1) → Peer-Reviewed Research Articles (original research) (avg: 0.90)

  [304] Unknown
      Entries: 1, Subgroups: 1
📝 Prompt logged: 2025-11-09_16-14-03_taxonomy_mapping_pass1_1358c90b17b0.json
📝 Response logged: 2025-11-09_16-14-06_taxonomy_mapping_pass1_1358c90b17b0_RESPONSE.json
      Pass 1 → Research (0.85)
📝 Prompt logged: 2025-11-09_16-14-06_taxonomy_mapping_pass2_batch_5bb43bd85087.json
📝 Response logged: 2025-11-09_16-14-07_taxonomy_mapping_pass2_batch_5bb43bd85087_RESPONSE.json
      Pass 2 (batch of 1) → Research Activities (Summary) (avg: 0.80)

    [305] Unknown
        Entries: 1, Subgroups: 0
📝 Prompt logged: 2025-11-09_16-14-07_taxonomy_mapping_pass1_51543ee8cc63.json
📝 Response logged: 2025-11-09_16-14-09_taxonomy_mapping_pass1_51543ee8cc63_RESPONSE.json
        Pass 1 → Research (0.85)
📝 Prompt logged: 2025-11-09_16-14-09_taxonomy_mapping_pass2_batch_60a0949e6c97.json
📝 Response logged: 2025-11-09_16-14-11_taxonomy_mapping_pass2_batch_60a0949e6c97_RESPONSE.json
        Pass 2 (batch of 1) → Research Support (Grants/Funding) (avg: 0.90)

  [306] Unknown
      Entries: 1, Subgroups: 0
📝 Prompt logged: 2025-11-09_16-14-11_taxonomy_mapping_pass1_a78139ed1732.json
📝 Response logged: 2025-11-09_16-14-13_taxonomy_mapping_pass1_a78139ed1732_RESPONSE.json
      Pass 1 → Research (0.85)
📝 Prompt logged: 2025-11-09_16-14-13_taxonomy_mapping_pass2_batch_e0c79aab77d0.json
📝 Response logged: 2025-11-09_16-14-14_taxonomy_mapping_pass2_batch_e0c79aab77d0_RESPONSE.json
      Pass 2 (batch of 1) → Research Activities (Summary) (avg: 0.90)

  [307] Unknown
      Entries: 1, Subgroups: 0
📝 Prompt logged: 2025-11-09_16-14-14_taxonomy_mapping_pass1_511095678cea.json
📝 Response logged: 2025-11-09_16-14-17_taxonomy_mapping_pass1_511095678cea_RESPONSE.json
      Pass 1 → Appendix / Other (0.85)

  [308] Unknown
      Entries: 1, Subgroups: 0
📝 Prompt logged: 2025-11-09_16-14-17_taxonomy_mapping_pass1_2f8a2711dcd6.json
📝 Response logged: 2025-11-09_16-14-19_taxonomy_mapping_pass1_2f8a2711dcd6_RESPONSE.json
      Pass 1 → Bibliography (0.85)
📝 Prompt logged: 2025-11-09_16-14-19_taxonomy_mapping_pass2_batch_0d0bbd9484da.json
📝 Response logged: 2025-11-09_16-14-21_taxonomy_mapping_pass2_batch_0d0bbd9484da_RESPONSE.json
      Pass 2 (batch of 1) → Research Activities (Summary) (avg: 0.90)

  [309] Unknown
      Entries: 1, Subgroups: 0
📝 Prompt logged: 2025-11-09_16-14-21_taxonomy_mapping_pass1_c89f9f1d4b46.json
📝 Response logged: 2025-11-09_16-14-22_taxonomy_mapping_pass1_c89f9f1d4b46_RESPONSE.json
      Pass 1 → Professional Positions & Employment (0.85)
📝 Prompt logged: 2025-11-09_16-14-22_taxonomy_mapping_pass2_batch_6377ede6723f.json
📝 Response logged: 2025-11-09_16-14-24_taxonomy_mapping_pass2_batch_6377ede6723f_RESPONSE.json
      Pass 2 (batch of 1) → Current Academic/Clinical Positions (avg: 0.90)

  [310] Unknown
      Entries: 1, Subgroups: 0
📝 Prompt logged: 2025-11-09_16-14-24_taxonomy_mapping_pass1_7de2298785ab.json
📝 Response logged: 2025-11-09_16-14-26_taxonomy_mapping_pass1_7de2298785ab_RESPONSE.json
      Pass 1 → Appendix / Other (0.85)

  [311] Unknown
      Entries: 1, Subgroups: 0
📝 Prompt logged: 2025-11-09_16-14-26_taxonomy_mapping_pass1_2494edac00b3.json
📝 Response logged: 2025-11-09_16-14-28_taxonomy_mapping_pass1_2494edac00b3_RESPONSE.json
      Pass 1 → Research (0.85)
📝 Prompt logged: 2025-11-09_16-14-28_taxonomy_mapping_pass2_batch_465b1789b13b.json
📝 Response logged: 2025-11-09_16-14-29_taxonomy_mapping_pass2_batch_465b1789b13b_RESPONSE.json
      Pass 2 (batch of 1) → Research Activities (Summary) (avg: 0.90)

  [312] Unknown
      Entries: 1, Subgroups: 0
📝 Prompt logged: 2025-11-09_16-14-29_taxonomy_mapping_pass1_5e82aee1097f.json
📝 Response logged: 2025-11-09_16-14-31_taxonomy_mapping_pass1_5e82aee1097f_RESPONSE.json
      Pass 1 → Appendix / Other (0.85)

  [313] Unknown
      Entries: 1, Subgroups: 0
📝 Prompt logged: 2025-11-09_16-14-31_taxonomy_mapping_pass1_0b87d7545653.json
📝 Response logged: 2025-11-09_16-14-33_taxonomy_mapping_pass1_0b87d7545653_RESPONSE.json
      Pass 1 → Bibliography (0.85)
📝 Prompt logged: 2025-11-09_16-14-33_taxonomy_mapping_pass2_batch_914df3ff1088.json
📝 Response logged: 2025-11-09_16-14-35_taxonomy_mapping_pass2_batch_914df3ff1088_RESPONSE.json
      Pass 2 (batch of 1) → Research Activities (Summary) (avg: 0.90)

  [314] Unknown
      Entries: 3, Subgroups: 0
📝 Prompt logged: 2025-11-09_16-14-35_taxonomy_mapping_pass1_a293376356f0.json
📝 Response logged: 2025-11-09_16-14-36_taxonomy_mapping_pass1_a293376356f0_RESPONSE.json
      Pass 1 → Professional Positions & Employment (0.95)
📝 Prompt logged: 2025-11-09_16-14-36_taxonomy_mapping_pass2_batch_4e2107e77cb7.json
📝 Response logged: 2025-11-09_16-14-39_taxonomy_mapping_pass2_batch_4e2107e77cb7_RESPONSE.json
      Pass 2 (batch of 3) → Current Academic/Clinical Positions (avg: 0.90)

  [315] Unknown
      Entries: 2, Subgroups: 0
📝 Prompt logged: 2025-11-09_16-14-39_taxonomy_mapping_pass1_72bc236ce0b2.json
📝 Response logged: 2025-11-09_16-14-41_taxonomy_mapping_pass1_72bc236ce0b2_RESPONSE.json
      Pass 1 → Professional Positions & Employment (0.95)
📝 Prompt logged: 2025-11-09_16-14-41_taxonomy_mapping_pass2_batch_569ecde98b49.json
📝 Response logged: 2025-11-09_16-14-42_taxonomy_mapping_pass2_batch_569ecde98b49_RESPONSE.json
      Pass 2 (batch of 2) → Current Academic/Clinical Positions (avg: 0.90)

  [316] Unknown
      Entries: 1, Subgroups: 0
📝 Prompt logged: 2025-11-09_16-14-42_taxonomy_mapping_pass1_967712c82f72.json
📝 Response logged: 2025-11-09_16-14-44_taxonomy_mapping_pass1_967712c82f72_RESPONSE.json
      Pass 1 → Research (0.85)
📝 Prompt logged: 2025-11-09_16-14-44_taxonomy_mapping_pass2_batch_a653a308f286.json
📝 Response logged: 2025-11-09_16-14-46_taxonomy_mapping_pass2_batch_a653a308f286_RESPONSE.json
      Pass 2 (batch of 1) → Research Activities (Summary) (avg: 0.90)

  [317] Unknown
      Entries: 1, Subgroups: 0
📝 Prompt logged: 2025-11-09_16-14-46_taxonomy_mapping_pass1_9a4013121b81.json
📝 Response logged: 2025-11-09_16-14-48_taxonomy_mapping_pass1_9a4013121b81_RESPONSE.json
      Pass 1 → Appendix / Other (0.85)

  [318] Unknown
      Entries: 1, Subgroups: 0
📝 Prompt logged: 2025-11-09_16-14-48_taxonomy_mapping_pass1_c0b1b6135c3d.json
📝 Response logged: 2025-11-09_16-14-49_taxonomy_mapping_pass1_c0b1b6135c3d_RESPONSE.json
      Pass 1 → Bibliography (0.90)
📝 Prompt logged: 2025-11-09_16-14-49_taxonomy_mapping_pass2_batch_c60af37b2c73.json
📝 Response logged: 2025-11-09_16-14-52_taxonomy_mapping_pass2_batch_c60af37b2c73_RESPONSE.json
      Pass 2 (batch of 1) → Peer-Reviewed Research Articles (original research) (avg: 0.90)

  [319] Unknown
      Entries: 1, Subgroups: 0
📝 Prompt logged: 2025-11-09_16-14-52_taxonomy_mapping_pass1_01c432683dc6.json
📝 Response logged: 2025-11-09_16-14-54_taxonomy_mapping_pass1_01c432683dc6_RESPONSE.json
      Pass 1 → Professional Positions & Employment (0.85)
📝 Prompt logged: 2025-11-09_16-14-54_taxonomy_mapping_pass2_batch_c49685c3fa7b.json
📝 Response logged: 2025-11-09_16-14-56_taxonomy_mapping_pass2_batch_c49685c3fa7b_RESPONSE.json
      Pass 2 (batch of 1) → Current Academic/Clinical Positions (avg: 0.90)

  [320] Unknown
      Entries: 1, Subgroups: 0
📝 Prompt logged: 2025-11-09_16-14-56_taxonomy_mapping_pass1_8e68c5b31c9d.json
📝 Response logged: 2025-11-09_16-14-57_taxonomy_mapping_pass1_8e68c5b31c9d_RESPONSE.json
      Pass 1 → Professional Positions & Employment (0.85)
📝 Prompt logged: 2025-11-09_16-14-57_taxonomy_mapping_pass2_batch_7aa8413d998d.json
📝 Response logged: 2025-11-09_16-14-59_taxonomy_mapping_pass2_batch_7aa8413d998d_RESPONSE.json
      Pass 2 (batch of 1) → Past Academic/Clinical Positions (avg: 0.90)

  [321] Unknown
      Entries: 1, Subgroups: 0
📝 Prompt logged: 2025-11-09_16-14-59_taxonomy_mapping_pass1_0332ccabad58.json
📝 Response logged: 2025-11-09_16-15-00_taxonomy_mapping_pass1_0332ccabad58_RESPONSE.json
      Pass 1 → Research (0.85)
📝 Prompt logged: 2025-11-09_16-15-00_taxonomy_mapping_pass2_batch_9604600d9208.json
📝 Response logged: 2025-11-09_16-15-02_taxonomy_mapping_pass2_batch_9604600d9208_RESPONSE.json
      Pass 2 (batch of 1) → Research Activities (Summary) (avg: 0.90)

  [322] Unknown
      Entries: 1, Subgroups: 0
📝 Prompt logged: 2025-11-09_16-15-02_taxonomy_mapping_pass1_6f3edeb35a63.json
📝 Response logged: 2025-11-09_16-15-04_taxonomy_mapping_pass1_6f3edeb35a63_RESPONSE.json
      Pass 1 → Appendix / Other (0.85)

  [323] Unknown
      Entries: 1, Subgroups: 0
📝 Prompt logged: 2025-11-09_16-15-04_taxonomy_mapping_pass1_11be00144bd7.json
📝 Response logged: 2025-11-09_16-15-06_taxonomy_mapping_pass1_11be00144bd7_RESPONSE.json
      Pass 1 → Professional Positions & Employment (0.85)
📝 Prompt logged: 2025-11-09_16-15-06_taxonomy_mapping_pass2_batch_3ad151b43ed6.json
📝 Response logged: 2025-11-09_16-15-08_taxonomy_mapping_pass2_batch_3ad151b43ed6_RESPONSE.json
      Pass 2 (batch of 1) → Current Academic/Clinical Positions (avg: 0.90)

  [324] Unknown
      Entries: 1, Subgroups: 0
📝 Prompt logged: 2025-11-09_16-15-08_taxonomy_mapping_pass1_e385e487bbdb.json
📝 Response logged: 2025-11-09_16-15-10_taxonomy_mapping_pass1_e385e487bbdb_RESPONSE.json
      Pass 1 → Research (0.85)
📝 Prompt logged: 2025-11-09_16-15-10_taxonomy_mapping_pass2_batch_b40e68154ec7.json
📝 Response logged: 2025-11-09_16-15-12_taxonomy_mapping_pass2_batch_b40e68154ec7_RESPONSE.json
      Pass 2 (batch of 1) → Research Activities (Summary) (avg: 0.90)

  [325] Unknown
      Entries: 1, Subgroups: 0
📝 Prompt logged: 2025-11-09_16-15-12_taxonomy_mapping_pass1_b0ffe12a7939.json
📝 Response logged: 2025-11-09_16-15-14_taxonomy_mapping_pass1_b0ffe12a7939_RESPONSE.json
      Pass 1 → Appendix / Other (0.85)

  [326] Unknown
      Entries: 1, Subgroups: 0
📝 Prompt logged: 2025-11-09_16-15-14_taxonomy_mapping_pass1_5ee0c31430cf.json
📝 Response logged: 2025-11-09_16-15-16_taxonomy_mapping_pass1_5ee0c31430cf_RESPONSE.json
      Pass 1 → Professional Positions & Employment (0.85)
📝 Prompt logged: 2025-11-09_16-15-16_taxonomy_mapping_pass2_batch_53d902dba246.json
📝 Response logged: 2025-11-09_16-15-18_taxonomy_mapping_pass2_batch_53d902dba246_RESPONSE.json
      Pass 2 (batch of 1) → Current Academic/Clinical Positions (avg: 0.90)

  [327] Unknown
      Entries: 1, Subgroups: 0
📝 Prompt logged: 2025-11-09_16-15-18_taxonomy_mapping_pass1_a16d5b28f796.json
📝 Response logged: 2025-11-09_16-15-20_taxonomy_mapping_pass1_a16d5b28f796_RESPONSE.json
      Pass 1 → Professional Positions & Employment (0.85)
📝 Prompt logged: 2025-11-09_16-15-20_taxonomy_mapping_pass2_batch_5a2d678ce805.json
📝 Response logged: 2025-11-09_16-15-22_taxonomy_mapping_pass2_batch_5a2d678ce805_RESPONSE.json
      Pass 2 (batch of 1) → Past Academic/Clinical Positions (avg: 0.90)

  [328] Unknown
      Entries: 1, Subgroups: 0
📝 Prompt logged: 2025-11-09_16-15-22_taxonomy_mapping_pass1_b8dd03c4197e.json
📝 Response logged: 2025-11-09_16-15-24_taxonomy_mapping_pass1_b8dd03c4197e_RESPONSE.json
      Pass 1 → Research (0.85)
📝 Prompt logged: 2025-11-09_16-15-24_taxonomy_mapping_pass2_batch_a9f234eca606.json
📝 Response logged: 2025-11-09_16-15-29_taxonomy_mapping_pass2_batch_a9f234eca606_RESPONSE.json
      Pass 2 (batch of 1) → Research Activities (Summary) (avg: 0.90)

  [329] Unknown
      Entries: 1, Subgroups: 0
📝 Prompt logged: 2025-11-09_16-15-29_taxonomy_mapping_pass1_282f49b322b3.json
📝 Response logged: 2025-11-09_16-15-32_taxonomy_mapping_pass1_282f49b322b3_RESPONSE.json
      Pass 1 → Appendix / Other (0.85)

  [330] Unknown
      Entries: 1, Subgroups: 0
📝 Prompt logged: 2025-11-09_16-15-32_taxonomy_mapping_pass1_70d2d5c47e43.json
📝 Response logged: 2025-11-09_16-15-34_taxonomy_mapping_pass1_70d2d5c47e43_RESPONSE.json
      Pass 1 → Professional Positions & Employment (0.85)
📝 Prompt logged: 2025-11-09_16-15-34_taxonomy_mapping_pass2_batch_2ae57b40a242.json
📝 Response logged: 2025-11-09_16-15-36_taxonomy_mapping_pass2_batch_2ae57b40a242_RESPONSE.json
      Pass 2 (batch of 1) → Past Academic/Clinical Positions (avg: 0.90)

  [331] Unknown
      Entries: 1, Subgroups: 0
📝 Prompt logged: 2025-11-09_16-15-36_taxonomy_mapping_pass1_d398fcae286e.json
📝 Response logged: 2025-11-09_16-15-38_taxonomy_mapping_pass1_d398fcae286e_RESPONSE.json
      Pass 1 → Research (0.85)
📝 Prompt logged: 2025-11-09_16-15-38_taxonomy_mapping_pass2_batch_12b16160ed47.json
📝 Response logged: 2025-11-09_16-15-39_taxonomy_mapping_pass2_batch_12b16160ed47_RESPONSE.json
      Pass 2 (batch of 1) → Research Activities (Summary) (avg: 0.90)

  [332] Unknown
      Entries: 1, Subgroups: 0
📝 Prompt logged: 2025-11-09_16-15-39_taxonomy_mapping_pass1_b85af14acc6e.json
📝 Response logged: 2025-11-09_16-15-41_taxonomy_mapping_pass1_b85af14acc6e_RESPONSE.json
      Pass 1 → Appendix / Other (0.85)

  [333] Unknown
      Entries: 1, Subgroups: 0
📝 Prompt logged: 2025-11-09_16-15-41_taxonomy_mapping_pass1_96704fb9d2ac.json
📝 Response logged: 2025-11-09_16-15-43_taxonomy_mapping_pass1_96704fb9d2ac_RESPONSE.json
      Pass 1 → Bibliography (0.85)
📝 Prompt logged: 2025-11-09_16-15-43_taxonomy_mapping_pass2_batch_07a612a18ef5.json
📝 Response logged: 2025-11-09_16-15-45_taxonomy_mapping_pass2_batch_07a612a18ef5_RESPONSE.json
      Pass 2 (batch of 1) → Research Activities (Summary) (avg: 0.90)

  [334] Unknown
      Entries: 1, Subgroups: 0
📝 Prompt logged: 2025-11-09_16-15-45_taxonomy_mapping_pass1_39bdc4389571.json
📝 Response logged: 2025-11-09_16-15-47_taxonomy_mapping_pass1_39bdc4389571_RESPONSE.json
      Pass 1 → Professional Positions & Employment (0.85)
📝 Prompt logged: 2025-11-09_16-15-47_taxonomy_mapping_pass2_batch_c3336598bd67.json
📝 Response logged: 2025-11-09_16-15-50_taxonomy_mapping_pass2_batch_c3336598bd67_RESPONSE.json
      Pass 2 (batch of 1) → Current Academic/Clinical Positions (avg: 0.90)

  [335] Unknown
      Entries: 1, Subgroups: 0
📝 Prompt logged: 2025-11-09_16-15-50_taxonomy_mapping_pass1_b68f7a758fd5.json
📝 Response logged: 2025-11-09_16-15-52_taxonomy_mapping_pass1_b68f7a758fd5_RESPONSE.json
      Pass 1 → Appendix / Other (0.85)

  [336] Unknown
      Entries: 1, Subgroups: 0
📝 Prompt logged: 2025-11-09_16-15-52_taxonomy_mapping_pass1_68b63c198077.json
📝 Response logged: 2025-11-09_16-15-54_taxonomy_mapping_pass1_68b63c198077_RESPONSE.json
      Pass 1 → Research (0.85)
📝 Prompt logged: 2025-11-09_16-15-54_taxonomy_mapping_pass2_batch_dfe1ab65f706.json
📝 Response logged: 2025-11-09_16-15-56_taxonomy_mapping_pass2_batch_dfe1ab65f706_RESPONSE.json
      Pass 2 (batch of 1) → Research Activities (Summary) (avg: 0.90)

  [337] Unknown
      Entries: 1, Subgroups: 0
📝 Prompt logged: 2025-11-09_16-15-56_taxonomy_mapping_pass1_a75b69a0de45.json
📝 Response logged: 2025-11-09_16-15-59_taxonomy_mapping_pass1_a75b69a0de45_RESPONSE.json
      Pass 1 → Appendix / Other (0.85)

  [338] Unknown
      Entries: 1, Subgroups: 0
📝 Prompt logged: 2025-11-09_16-15-59_taxonomy_mapping_pass1_c09cf7bd2f20.json
📝 Response logged: 2025-11-09_16-16-01_taxonomy_mapping_pass1_c09cf7bd2f20_RESPONSE.json
      Pass 1 → Professional Positions & Employment (0.85)
📝 Prompt logged: 2025-11-09_16-16-01_taxonomy_mapping_pass2_batch_1bc763f99347.json
📝 Response logged: 2025-11-09_16-16-03_taxonomy_mapping_pass2_batch_1bc763f99347_RESPONSE.json
      Pass 2 (batch of 1) → Current Academic/Clinical Positions (avg: 0.90)

  [339] Unknown
      Entries: 1, Subgroups: 0
📝 Prompt logged: 2025-11-09_16-16-03_taxonomy_mapping_pass1_0989095413fe.json
📝 Response logged: 2025-11-09_16-16-05_taxonomy_mapping_pass1_0989095413fe_RESPONSE.json
      Pass 1 → Education (0.85)
📝 Prompt logged: 2025-11-09_16-16-05_taxonomy_mapping_pass2_batch_65b423f13f31.json
📝 Response logged: 2025-11-09_16-16-07_taxonomy_mapping_pass2_batch_65b423f13f31_RESPONSE.json
      Pass 2 (batch of 1) → Master's Degree (MA, MS, MPH, MBA) (avg: 0.90)

  [340] Unknown
      Entries: 1, Subgroups: 0
📝 Prompt logged: 2025-11-09_16-16-07_taxonomy_mapping_pass1_340cce9b45de.json
📝 Response logged: 2025-11-09_16-16-09_taxonomy_mapping_pass1_340cce9b45de_RESPONSE.json
      Pass 1 → Research (0.85)
📝 Prompt logged: 2025-11-09_16-16-09_taxonomy_mapping_pass2_batch_6592bca6cf34.json
📝 Response logged: 2025-11-09_16-16-10_taxonomy_mapping_pass2_batch_6592bca6cf34_RESPONSE.json
      Pass 2 (batch of 1) → Research Activities (Summary) (avg: 0.90)

  [341] Unknown
      Entries: 1, Subgroups: 0
📝 Prompt logged: 2025-11-09_16-16-10_taxonomy_mapping_pass1_8a197ecd3b1a.json
📝 Response logged: 2025-11-09_16-16-12_taxonomy_mapping_pass1_8a197ecd3b1a_RESPONSE.json
      Pass 1 → Appendix / Other (0.85)

  [342] Unknown
      Entries: 1, Subgroups: 0
📝 Prompt logged: 2025-11-09_16-16-12_taxonomy_mapping_pass1_8fc81f550886.json
📝 Response logged: 2025-11-09_16-16-14_taxonomy_mapping_pass1_8fc81f550886_RESPONSE.json
      Pass 1 → Bibliography (0.85)
📝 Prompt logged: 2025-11-09_16-16-14_taxonomy_mapping_pass2_batch_d6cc5c3df5b4.json
📝 Response logged: 2025-11-09_16-16-15_taxonomy_mapping_pass2_batch_d6cc5c3df5b4_RESPONSE.json
      Pass 2 (batch of 1) → Research Activities (Summary) (avg: 0.90)

  [343] Unknown
      Entries: 1, Subgroups: 0
📝 Prompt logged: 2025-11-09_16-16-15_taxonomy_mapping_pass1_afdee3c3d332.json
📝 Response logged: 2025-11-09_16-16-17_taxonomy_mapping_pass1_afdee3c3d332_RESPONSE.json
      Pass 1 → Professional Positions & Employment (0.85)
📝 Prompt logged: 2025-11-09_16-16-17_taxonomy_mapping_pass2_batch_e32cf48e4087.json
📝 Response logged: 2025-11-09_16-16-19_taxonomy_mapping_pass2_batch_e32cf48e4087_RESPONSE.json
      Pass 2 (batch of 1) → Current Academic/Clinical Positions (avg: 0.90)

  [344] Unknown
      Entries: 1, Subgroups: 0
📝 Prompt logged: 2025-11-09_16-16-19_taxonomy_mapping_pass1_34919d4114a9.json
📝 Response logged: 2025-11-09_16-16-20_taxonomy_mapping_pass1_34919d4114a9_RESPONSE.json
      Pass 1 → Professional Positions & Employment (0.85)
📝 Prompt logged: 2025-11-09_16-16-20_taxonomy_mapping_pass2_batch_94cb63a34bd7.json
📝 Response logged: 2025-11-09_16-16-22_taxonomy_mapping_pass2_batch_94cb63a34bd7_RESPONSE.json
      Pass 2 (batch of 1) → Past Academic/Clinical Positions (avg: 0.90)

  [345] Unknown
      Entries: 1, Subgroups: 0
📝 Prompt logged: 2025-11-09_16-16-22_taxonomy_mapping_pass1_5fc941636835.json
📝 Response logged: 2025-11-09_16-16-24_taxonomy_mapping_pass1_5fc941636835_RESPONSE.json
      Pass 1 → Research (0.85)
📝 Prompt logged: 2025-11-09_16-16-24_taxonomy_mapping_pass2_batch_dfee7c586912.json
📝 Response logged: 2025-11-09_16-16-26_taxonomy_mapping_pass2_batch_dfee7c586912_RESPONSE.json
      Pass 2 (batch of 1) → Research Activities (Summary) (avg: 0.90)

  [346] Unknown
      Entries: 1, Subgroups: 0
📝 Prompt logged: 2025-11-09_16-16-26_taxonomy_mapping_pass1_9b2cbc519296.json
📝 Response logged: 2025-11-09_16-16-28_taxonomy_mapping_pass1_9b2cbc519296_RESPONSE.json
      Pass 1 → Appendix / Other (0.85)

  [347] Unknown
      Entries: 2, Subgroups: 0
📝 Prompt logged: 2025-11-09_16-16-28_taxonomy_mapping_pass1_ced61f55f23d.json
📝 Response logged: 2025-11-09_16-16-29_taxonomy_mapping_pass1_ced61f55f23d_RESPONSE.json
      Pass 1 → Professional Positions & Employment (0.95)
📝 Prompt logged: 2025-11-09_16-16-29_taxonomy_mapping_pass2_batch_b67d8989bc7e.json
📝 Response logged: 2025-11-09_16-16-32_taxonomy_mapping_pass2_batch_b67d8989bc7e_RESPONSE.json
      Pass 2 (batch of 2) → Current Academic/Clinical Positions (avg: 0.90)

  [348] Unknown
      Entries: 2, Subgroups: 0
📝 Prompt logged: 2025-11-09_16-16-32_taxonomy_mapping_pass1_f99d79f3a853.json
📝 Response logged: 2025-11-09_16-16-34_taxonomy_mapping_pass1_f99d79f3a853_RESPONSE.json
      Pass 1 → Professional Positions & Employment (0.95)
📝 Prompt logged: 2025-11-09_16-16-34_taxonomy_mapping_pass2_batch_d334222a49f5.json
📝 Response logged: 2025-11-09_16-16-36_taxonomy_mapping_pass2_batch_d334222a49f5_RESPONSE.json
      Pass 2 (batch of 2) → Past Academic/Clinical Positions (avg: 0.90)

  [349] Unknown
      Entries: 2, Subgroups: 0
📝 Prompt logged: 2025-11-09_16-16-36_taxonomy_mapping_pass1_9b3ad2c19a70.json
📝 Response logged: 2025-11-09_16-16-38_taxonomy_mapping_pass1_9b3ad2c19a70_RESPONSE.json
      Pass 1 → Professional Positions & Employment (0.85)
📝 Prompt logged: 2025-11-09_16-16-38_taxonomy_mapping_pass2_batch_698b8d95fc6a.json
📝 Response logged: 2025-11-09_16-16-41_taxonomy_mapping_pass2_batch_698b8d95fc6a_RESPONSE.json
      Pass 2 (batch of 2) → Current Academic/Clinical Positions (avg: 0.90)

  [350] Unknown
      Entries: 1, Subgroups: 0
📝 Prompt logged: 2025-11-09_16-16-41_taxonomy_mapping_pass1_71c21a2c6671.json
📝 Response logged: 2025-11-09_16-16-43_taxonomy_mapping_pass1_71c21a2c6671_RESPONSE.json
      Pass 1 → Research (0.85)
📝 Prompt logged: 2025-11-09_16-16-43_taxonomy_mapping_pass2_batch_43edd08443d4.json
📝 Response logged: 2025-11-09_16-16-45_taxonomy_mapping_pass2_batch_43edd08443d4_RESPONSE.json
      Pass 2 (batch of 1) → Research Activities (Summary) (avg: 0.90)

  [351] Unknown
      Entries: 1, Subgroups: 0
📝 Prompt logged: 2025-11-09_16-16-45_taxonomy_mapping_pass1_a92c994426e0.json
📝 Response logged: 2025-11-09_16-16-47_taxonomy_mapping_pass1_a92c994426e0_RESPONSE.json
      Pass 1 → Appendix / Other (0.85)

  [352] Unknown
      Entries: 1, Subgroups: 0
📝 Prompt logged: 2025-11-09_16-16-47_taxonomy_mapping_pass1_d0bb99898f51.json
📝 Response logged: 2025-11-09_16-16-49_taxonomy_mapping_pass1_d0bb99898f51_RESPONSE.json
      Pass 1 → Research (0.85)
📝 Prompt logged: 2025-11-09_16-16-49_taxonomy_mapping_pass2_batch_b7957ee4f9df.json
📝 Response logged: 2025-11-09_16-16-51_taxonomy_mapping_pass2_batch_b7957ee4f9df_RESPONSE.json
      Pass 2 (batch of 1) → Research Activities (Summary) (avg: 0.90)

  [353] Unknown
      Entries: 1, Subgroups: 0
📝 Prompt logged: 2025-11-09_16-16-51_taxonomy_mapping_pass1_372307160703.json
📝 Response logged: 2025-11-09_16-16-53_taxonomy_mapping_pass1_372307160703_RESPONSE.json
      Pass 1 → Appendix / Other (0.85)

  [354] Unknown
      Entries: 1, Subgroups: 0
📝 Prompt logged: 2025-11-09_16-16-53_taxonomy_mapping_pass1_45adf3c11594.json
📝 Response logged: 2025-11-09_16-16-55_taxonomy_mapping_pass1_45adf3c11594_RESPONSE.json
      Pass 1 → Professional Positions & Employment (0.85)
📝 Prompt logged: 2025-11-09_16-16-55_taxonomy_mapping_pass2_batch_ce72a9602b56.json
📝 Response logged: 2025-11-09_16-16-57_taxonomy_mapping_pass2_batch_ce72a9602b56_RESPONSE.json
      Pass 2 (batch of 1) → Current Academic/Clinical Positions (avg: 0.90)

  [355] Unknown
      Entries: 1, Subgroups: 0
📝 Prompt logged: 2025-11-09_16-16-57_taxonomy_mapping_pass1_f204f909042a.json
📝 Response logged: 2025-11-09_16-16-59_taxonomy_mapping_pass1_f204f909042a_RESPONSE.json
      Pass 1 → Appendix / Other (0.85)

  [356] Unknown
      Entries: 1, Subgroups: 0
📝 Prompt logged: 2025-11-09_16-16-59_taxonomy_mapping_pass1_76f7c84c2cee.json
📝 Response logged: 2025-11-09_16-17-00_taxonomy_mapping_pass1_76f7c84c2cee_RESPONSE.json
      Pass 1 → Research (0.95)
📝 Prompt logged: 2025-11-09_16-17-00_taxonomy_mapping_pass2_batch_80d4478d3034.json
📝 Response logged: 2025-11-09_16-17-02_taxonomy_mapping_pass2_batch_80d4478d3034_RESPONSE.json
      Pass 2 (batch of 1) → Research Activities (Summary) (avg: 0.90)

  [357] Unknown
      Entries: 1, Subgroups: 0
📝 Prompt logged: 2025-11-09_16-17-02_taxonomy_mapping_pass1_063d50f8d2eb.json
📝 Response logged: 2025-11-09_16-17-04_taxonomy_mapping_pass1_063d50f8d2eb_RESPONSE.json
      Pass 1 → Appendix / Other (0.85)

  [358] Unknown
      Entries: 1, Subgroups: 0
📝 Prompt logged: 2025-11-09_16-17-04_taxonomy_mapping_pass1_0a131aff830d.json
📝 Response logged: 2025-11-09_16-17-06_taxonomy_mapping_pass1_0a131aff830d_RESPONSE.json
      Pass 1 → Education (0.85)
📝 Prompt logged: 2025-11-09_16-17-06_taxonomy_mapping_pass2_batch_d3d8a2992a24.json
📝 Response logged: 2025-11-09_16-17-07_taxonomy_mapping_pass2_batch_d3d8a2992a24_RESPONSE.json
      Pass 2 (batch of 1) → Continuing Education / Professional Development (avg: 0.90)

  [359] Unknown
      Entries: 0, Subgroups: 2
📝 Prompt logged: 2025-11-09_16-17-07_taxonomy_mapping_pass1_ff21819fabab.json
📝 Response logged: 2025-11-09_16-17-09_taxonomy_mapping_pass1_ff21819fabab_RESPONSE.json
      Pass 1 → Professional Positions & Employment (0.95)

    [360] Unknown
        Entries: 2, Subgroups: 0
📝 Prompt logged: 2025-11-09_16-17-09_taxonomy_mapping_pass1_1236f960bcb3.json
📝 Response logged: 2025-11-09_16-17-11_taxonomy_mapping_pass1_1236f960bcb3_RESPONSE.json
        Pass 1 → Professional Positions & Employment (0.95)
📝 Prompt logged: 2025-11-09_16-17-11_taxonomy_mapping_pass2_batch_5341364c283e.json
📝 Response logged: 2025-11-09_16-17-14_taxonomy_mapping_pass2_batch_5341364c283e_RESPONSE.json
        Pass 2 (batch of 2) → Current Academic/Clinical Positions (avg: 0.45)

    [361] Unknown
        Entries: 2, Subgroups: 0
📝 Prompt logged: 2025-11-09_16-17-14_taxonomy_mapping_pass1_28b4618fc8d7.json
📝 Response logged: 2025-11-09_16-17-16_taxonomy_mapping_pass1_28b4618fc8d7_RESPONSE.json
        Pass 1 → Invitations to Speak/Present (0.95)
📝 Prompt logged: 2025-11-09_16-17-16_taxonomy_mapping_pass2_batch_b2c68aa3658e.json
📝 Response logged: 2025-11-09_16-17-20_taxonomy_mapping_pass2_batch_b2c68aa3658e_RESPONSE.json
        Pass 2 (batch of 2) → Grand Rounds, Visiting Professorships, Departmental Seminars (avg: 0.75)

  [362] Unknown
      Entries: 4, Subgroups: 0
📝 Prompt logged: 2025-11-09_16-17-20_taxonomy_mapping_pass1_d4e698ac329f.json
📝 Response logged: 2025-11-09_16-17-22_taxonomy_mapping_pass1_d4e698ac329f_RESPONSE.json
      Pass 1 → Personal Data / Contact Information (0.95)
      Router → Skip Pass 2 (direct to extraction)

  [363] Unknown
      Entries: 2, Subgroups: 8
📝 Prompt logged: 2025-11-09_16-17-22_taxonomy_mapping_pass1_d972fdcf34c6.json
📝 Response logged: 2025-11-09_16-17-24_taxonomy_mapping_pass1_d972fdcf34c6_RESPONSE.json
      Pass 1 → Appendix / Other (0.85)

    [364] Unknown
        Entries: 2, Subgroups: 0
📝 Prompt logged: 2025-11-09_16-17-24_taxonomy_mapping_pass1_2cd5b7c32869.json
📝 Response logged: 2025-11-09_16-17-25_taxonomy_mapping_pass1_2cd5b7c32869_RESPONSE.json
        Pass 1 → Professional Positions & Employment (0.95)
📝 Prompt logged: 2025-11-09_16-17-25_taxonomy_mapping_pass2_batch_77205ea29091.json
📝 Response logged: 2025-11-09_16-17-29_taxonomy_mapping_pass2_batch_77205ea29091_RESPONSE.json
        Pass 2 (batch of 2) → Past Academic/Clinical Positions (avg: 0.90)

    [365] Unknown
        Entries: 3, Subgroups: 0
📝 Prompt logged: 2025-11-09_16-17-29_taxonomy_mapping_pass1_c2a2aa73c1f0.json
📝 Response logged: 2025-11-09_16-17-32_taxonomy_mapping_pass1_c2a2aa73c1f0_RESPONSE.json
        Pass 1 → Extramural Professional Responsibilities (0.85)
📝 Prompt logged: 2025-11-09_16-17-32_taxonomy_mapping_pass2_batch_563f504936c2.json
📝 Response logged: 2025-11-09_16-17-36_taxonomy_mapping_pass2_batch_563f504936c2_RESPONSE.json
        Pass 2 (batch of 3) → Leadership in Extramural Organizations (avg: 0.85)

    [366] Unknown
        Entries: 3, Subgroups: 0
📝 Prompt logged: 2025-11-09_16-17-36_taxonomy_mapping_pass1_9f778b2e8089.json
📝 Response logged: 2025-11-09_16-17-38_taxonomy_mapping_pass1_9f778b2e8089_RESPONSE.json
        Pass 1 → Personal Data / Contact Information (0.95)
        Router → Skip Pass 2 (direct to extraction)

    [367] Unknown
        Entries: 3, Subgroups: 0
📝 Prompt logged: 2025-11-09_16-17-38_taxonomy_mapping_pass1_d9f4227a0346.json
📝 Response logged: 2025-11-09_16-17-39_taxonomy_mapping_pass1_d9f4227a0346_RESPONSE.json
        Pass 1 → Personal Data / Contact Information (0.95)
        Router → Skip Pass 2 (direct to extraction)

    [368] Unknown
        Entries: 1, Subgroups: 0
📝 Prompt logged: 2025-11-09_16-17-39_taxonomy_mapping_pass1_891432b6a70f.json
📝 Response logged: 2025-11-09_16-17-42_taxonomy_mapping_pass1_891432b6a70f_RESPONSE.json
        Pass 1 → Institutional Administrative Activities (0.90)

    [369] Unknown
        Entries: 2, Subgroups: 0
📝 Prompt logged: 2025-11-09_16-17-42_taxonomy_mapping_pass1_da3e988ef1b1.json
📝 Response logged: 2025-11-09_16-17-44_taxonomy_mapping_pass1_da3e988ef1b1_RESPONSE.json
        Pass 1 → Institutional Leadership Activities (0.95)
📝 Prompt logged: 2025-11-09_16-17-44_taxonomy_mapping_pass2_batch_a698cfc81973.json
📝 Response logged: 2025-11-09_16-17-47_taxonomy_mapping_pass2_batch_a698cfc81973_RESPONSE.json
        Pass 2 (batch of 2) → Institutional Leadership Activities (executive) (avg: 0.90)

    [370] Unknown
        Entries: 2, Subgroups: 0
📝 Prompt logged: 2025-11-09_16-17-47_taxonomy_mapping_pass1_9b27c94cd705.json
📝 Response logged: 2025-11-09_16-17-48_taxonomy_mapping_pass1_9b27c94cd705_RESPONSE.json
        Pass 1 → Extramural Professional Responsibilities (0.85)
📝 Prompt logged: 2025-11-09_16-17-48_taxonomy_mapping_pass2_batch_27ccf91afe82.json
📝 Response logged: 2025-11-09_16-17-51_taxonomy_mapping_pass2_batch_27ccf91afe82_RESPONSE.json
        Pass 2 (batch of 2) → Professional Organizations & Society Memberships (avg: 0.90)

    [371] Unknown
        Entries: 2, Subgroups: 0
📝 Prompt logged: 2025-11-09_16-17-51_taxonomy_mapping_pass1_b6ad8aebcc8f.json
📝 Response logged: 2025-11-09_16-17-54_taxonomy_mapping_pass1_b6ad8aebcc8f_RESPONSE.json
        Pass 1 → Extramural Professional Responsibilities (0.85)
📝 Prompt logged: 2025-11-09_16-17-54_taxonomy_mapping_pass2_batch_ffa013abddc5.json
📝 Response logged: 2025-11-09_16-17-56_taxonomy_mapping_pass2_batch_ffa013abddc5_RESPONSE.json
        Pass 2 (batch of 2) → Professional Organizations & Society Memberships (avg: 0.90)

  [372] Unknown
      Entries: 1, Subgroups: 36
📝 Prompt logged: 2025-11-09_16-17-56_taxonomy_mapping_pass1_3c9199abf865.json
📝 Response logged: 2025-11-09_16-17-57_taxonomy_mapping_pass1_3c9199abf865_RESPONSE.json
      Pass 1 → Honors and Awards (0.95)

    [373] Unknown
        Entries: 29, Subgroups: 0
📝 Prompt logged: 2025-11-09_16-17-57_taxonomy_mapping_pass1_0a1c1775c5aa.json
📝 Response logged: 2025-11-09_16-17-58_taxonomy_mapping_pass1_0a1c1775c5aa_RESPONSE.json
        Pass 1 → Honors and Awards (0.95)

    [374] Unknown
        Entries: 3, Subgroups: 0
📝 Prompt logged: 2025-11-09_16-17-58_taxonomy_mapping_pass1_9ad43be70eef.json
📝 Response logged: 2025-11-09_16-18-00_taxonomy_mapping_pass1_9ad43be70eef_RESPONSE.json
        Pass 1 → Research (0.95)
📝 Prompt logged: 2025-11-09_16-18-00_taxonomy_mapping_pass2_batch_25783482c604.json
📝 Response logged: 2025-11-09_16-18-04_taxonomy_mapping_pass2_batch_25783482c604_RESPONSE.json
        Pass 2 (batch of 3) → Research Support (Grants/Funding) (avg: 0.90)

    [375] Unknown
        Entries: 1, Subgroups: 0
📝 Prompt logged: 2025-11-09_16-18-04_taxonomy_mapping_pass1_0194fde1d4aa.json
📝 Response logged: 2025-11-09_16-18-06_taxonomy_mapping_pass1_0194fde1d4aa_RESPONSE.json
        Pass 1 → Research (0.95)
📝 Prompt logged: 2025-11-09_16-18-06_taxonomy_mapping_pass2_batch_824839a0ff0a.json
📝 Response logged: 2025-11-09_16-18-07_taxonomy_mapping_pass2_batch_824839a0ff0a_RESPONSE.json
        Pass 2 (batch of 1) → Research Support (Grants/Funding) (avg: 0.90)

    [376] Unknown
        Entries: 6, Subgroups: 0
📝 Prompt logged: 2025-11-09_16-18-07_taxonomy_mapping_pass1_cc029c8befd5.json
📝 Response logged: 2025-11-09_16-18-10_taxonomy_mapping_pass1_cc029c8befd5_RESPONSE.json
        Pass 1 → Bibliography (0.95)
📝 Prompt logged: 2025-11-09_16-18-10_taxonomy_mapping_pass2_batch_204d35dfde34.json
📝 Response logged: 2025-11-09_16-18-15_taxonomy_mapping_pass2_batch_204d35dfde34_RESPONSE.json
        Pass 2 (batch of 6) → Peer-Reviewed Research Articles (original research) (avg: 0.90)

    [377] Unknown
        Entries: 1, Subgroups: 0
📝 Prompt logged: 2025-11-09_16-18-15_taxonomy_mapping_pass1_3ac6b290bc1c.json
📝 Response logged: 2025-11-09_16-18-17_taxonomy_mapping_pass1_3ac6b290bc1c_RESPONSE.json
        Pass 1 → Research (0.95)
📝 Prompt logged: 2025-11-09_16-18-17_taxonomy_mapping_pass2_batch_e87feed72644.json
📝 Response logged: 2025-11-09_16-18-18_taxonomy_mapping_pass2_batch_e87feed72644_RESPONSE.json
        Pass 2 (batch of 1) → Research Support (Grants/Funding) (avg: 0.95)

    [378] Unknown
        Entries: 1, Subgroups: 0
📝 Prompt logged: 2025-11-09_16-18-18_taxonomy_mapping_pass1_21914f632b2d.json
📝 Response logged: 2025-11-09_16-18-20_taxonomy_mapping_pass1_21914f632b2d_RESPONSE.json
        Pass 1 → Personal Data / Contact Information (0.95)
        Router → Skip Pass 2 (direct to extraction)

    [379] Unknown
        Entries: 2, Subgroups: 0
📝 Prompt logged: 2025-11-09_16-18-20_taxonomy_mapping_pass1_66f7ffe95311.json
📝 Response logged: 2025-11-09_16-18-22_taxonomy_mapping_pass1_66f7ffe95311_RESPONSE.json
        Pass 1 → Bibliography (0.90)
📝 Prompt logged: 2025-11-09_16-18-22_taxonomy_mapping_pass2_batch_5af672f67aad.json
📝 Response logged: 2025-11-09_16-18-25_taxonomy_mapping_pass2_batch_5af672f67aad_RESPONSE.json
        Pass 2 (batch of 2) → Research Activities (Summary) (avg: 0.90)

    [380] Unknown
        Entries: 1, Subgroups: 0
📝 Prompt logged: 2025-11-09_16-18-25_taxonomy_mapping_pass1_eb20255d0d79.json
📝 Response logged: 2025-11-09_16-18-27_taxonomy_mapping_pass1_eb20255d0d79_RESPONSE.json
        Pass 1 → Extramural Professional Responsibilities (0.85)
📝 Prompt logged: 2025-11-09_16-18-27_taxonomy_mapping_pass2_batch_209e9ae0dc25.json
📝 Response logged: 2025-11-09_16-18-28_taxonomy_mapping_pass2_batch_209e9ae0dc25_RESPONSE.json
        Pass 2 (batch of 1) → Service on Boards and/or Committees (avg: 0.80)

    [381] Unknown
        Entries: 1, Subgroups: 0
📝 Prompt logged: 2025-11-09_16-18-28_taxonomy_mapping_pass1_cd50ad617bee.json
📝 Response logged: 2025-11-09_16-18-30_taxonomy_mapping_pass1_cd50ad617bee_RESPONSE.json
        Pass 1 → Personal Data / Contact Information (0.95)
        Router → Skip Pass 2 (direct to extraction)

    [382] Unknown
        Entries: 2, Subgroups: 0
📝 Prompt logged: 2025-11-09_16-18-30_taxonomy_mapping_pass1_4f8a02db84cd.json
📝 Response logged: 2025-11-09_16-18-31_taxonomy_mapping_pass1_4f8a02db84cd_RESPONSE.json
        Pass 1 → Research (0.85)
📝 Prompt logged: 2025-11-09_16-18-31_taxonomy_mapping_pass2_batch_5b9421282bcd.json
📝 Response logged: 2025-11-09_16-18-34_taxonomy_mapping_pass2_batch_5b9421282bcd_RESPONSE.json
        Pass 2 (batch of 2) → Research Activities (Summary) (avg: 0.90)

    [383] Unknown
        Entries: 11, Subgroups: 0
📝 Prompt logged: 2025-11-09_16-18-34_taxonomy_mapping_pass1_ba2b5bae6c81.json
📝 Response logged: 2025-11-09_16-18-35_taxonomy_mapping_pass1_ba2b5bae6c81_RESPONSE.json
        Pass 1 → Research (0.85)
📝 Prompt logged: 2025-11-09_16-18-35_taxonomy_mapping_pass2_batch_4b437ca6e060.json
📝 Response logged: 2025-11-09_16-18-43_taxonomy_mapping_pass2_batch_4b437ca6e060_RESPONSE.json
        Pass 2 (batch of 11) → Research Activities (Summary) (avg: 0.90)

    [384] Unknown
        Entries: 2, Subgroups: 0
📝 Prompt logged: 2025-11-09_16-18-43_taxonomy_mapping_pass1_244b4956cf07.json
📝 Response logged: 2025-11-09_16-18-45_taxonomy_mapping_pass1_244b4956cf07_RESPONSE.json
        Pass 1 → Honors and Awards (0.85)

    [385] Unknown
        Entries: 4, Subgroups: 0
📝 Prompt logged: 2025-11-09_16-18-45_taxonomy_mapping_pass1_69223e90d053.json
📝 Response logged: 2025-11-09_16-18-47_taxonomy_mapping_pass1_69223e90d053_RESPONSE.json
        Pass 1 → Research (0.95)
📝 Prompt logged: 2025-11-09_16-18-47_taxonomy_mapping_pass2_batch_f8f3e1c851b4.json
📝 Response logged: 2025-11-09_16-18-50_taxonomy_mapping_pass2_batch_f8f3e1c851b4_RESPONSE.json
        Pass 2 (batch of 4) → Research Support (Grants/Funding) (avg: 1.00)

    [386] Unknown
        Entries: 2, Subgroups: 0
📝 Prompt logged: 2025-11-09_16-18-50_taxonomy_mapping_pass1_ddec323cf053.json
📝 Response logged: 2025-11-09_16-18-52_taxonomy_mapping_pass1_ddec323cf053_RESPONSE.json
        Pass 1 → Personal Data / Contact Information (0.95)
        Router → Skip Pass 2 (direct to extraction)

    [387] Unknown
        Entries: 1, Subgroups: 0
📝 Prompt logged: 2025-11-09_16-18-52_taxonomy_mapping_pass1_4c05fcac7081.json
📝 Response logged: 2025-11-09_16-18-55_taxonomy_mapping_pass1_4c05fcac7081_RESPONSE.json
        Pass 1 → Research (0.85)
📝 Prompt logged: 2025-11-09_16-18-55_taxonomy_mapping_pass2_batch_fc2a77e915aa.json
📝 Response logged: 2025-11-09_16-18-57_taxonomy_mapping_pass2_batch_fc2a77e915aa_RESPONSE.json
        Pass 2 (batch of 1) → Research Support (Grants/Funding) (avg: 0.90)

    [388] Unknown
        Entries: 1, Subgroups: 0
📝 Prompt logged: 2025-11-09_16-18-57_taxonomy_mapping_pass1_802991124f42.json
📝 Response logged: 2025-11-09_16-19-00_taxonomy_mapping_pass1_802991124f42_RESPONSE.json
        Pass 1 → Research (0.95)
📝 Prompt logged: 2025-11-09_16-19-00_taxonomy_mapping_pass2_batch_ae35524165ba.json
📝 Response logged: 2025-11-09_16-19-01_taxonomy_mapping_pass2_batch_ae35524165ba_RESPONSE.json
        Pass 2 (batch of 1) → Research Support (Grants/Funding) (avg: 0.90)

    [389] Unknown
        Entries: 1, Subgroups: 0
📝 Prompt logged: 2025-11-09_16-19-01_taxonomy_mapping_pass1_d381b042dadd.json
📝 Response logged: 2025-11-09_16-19-03_taxonomy_mapping_pass1_d381b042dadd_RESPONSE.json
        Pass 1 → Research (0.85)
📝 Prompt logged: 2025-11-09_16-19-03_taxonomy_mapping_pass2_batch_678ff0ad3a4d.json
📝 Response logged: 2025-11-09_16-19-05_taxonomy_mapping_pass2_batch_678ff0ad3a4d_RESPONSE.json
        Pass 2 (batch of 1) → Research Support (Grants/Funding) (avg: 0.90)

    [390] Unknown
        Entries: 1, Subgroups: 0
📝 Prompt logged: 2025-11-09_16-19-05_taxonomy_mapping_pass1_1c885a83fee8.json
📝 Response logged: 2025-11-09_16-19-07_taxonomy_mapping_pass1_1c885a83fee8_RESPONSE.json
        Pass 1 → Research (0.85)
📝 Prompt logged: 2025-11-09_16-19-07_taxonomy_mapping_pass2_batch_6a0922119fb3.json
📝 Response logged: 2025-11-09_16-19-10_taxonomy_mapping_pass2_batch_6a0922119fb3_RESPONSE.json
        Pass 2 (batch of 1) → Research Support (Grants/Funding) (avg: 0.90)

    [391] Unknown
        Entries: 2, Subgroups: 0
📝 Prompt logged: 2025-11-09_16-19-10_taxonomy_mapping_pass1_5bdc0442738e.json
📝 Response logged: 2025-11-09_16-19-12_taxonomy_mapping_pass1_5bdc0442738e_RESPONSE.json
        Pass 1 → Research (0.95)
📝 Prompt logged: 2025-11-09_16-19-12_taxonomy_mapping_pass2_batch_f70afc6ec8ca.json
📝 Response logged: 2025-11-09_16-19-14_taxonomy_mapping_pass2_batch_f70afc6ec8ca_RESPONSE.json
        Pass 2 (batch of 2) → Research Support (Grants/Funding) (avg: 0.90)

    [392] Unknown
        Entries: 4, Subgroups: 0
📝 Prompt logged: 2025-11-09_16-19-14_taxonomy_mapping_pass1_e2d86aa92457.json
📝 Response logged: 2025-11-09_16-19-17_taxonomy_mapping_pass1_e2d86aa92457_RESPONSE.json
        Pass 1 → Research (0.95)
📝 Prompt logged: 2025-11-09_16-19-17_taxonomy_mapping_pass2_batch_7268bd7c0f66.json
📝 Response logged: 2025-11-09_16-19-21_taxonomy_mapping_pass2_batch_7268bd7c0f66_RESPONSE.json
        Pass 2 (batch of 4) → Research Support (Grants/Funding) (avg: 0.89)

    [393] Unknown
        Entries: 1, Subgroups: 0
📝 Prompt logged: 2025-11-09_16-19-21_taxonomy_mapping_pass1_415b94dc8a0e.json
📝 Response logged: 2025-11-09_16-19-22_taxonomy_mapping_pass1_415b94dc8a0e_RESPONSE.json
        Pass 1 → Honors and Awards (0.95)

    [394] Unknown
        Entries: 1, Subgroups: 0
📝 Prompt logged: 2025-11-09_16-19-22_taxonomy_mapping_pass1_8e3b74349f8e.json
📝 Response logged: 2025-11-09_16-19-24_taxonomy_mapping_pass1_8e3b74349f8e_RESPONSE.json
        Pass 1 → Research (0.85)
📝 Prompt logged: 2025-11-09_16-19-24_taxonomy_mapping_pass2_batch_a11a356867ce.json
📝 Response logged: 2025-11-09_16-19-26_taxonomy_mapping_pass2_batch_a11a356867ce_RESPONSE.json
        Pass 2 (batch of 1) → Research Support (Grants/Funding) (avg: 0.90)

    [395] Unknown
        Entries: 1, Subgroups: 0
📝 Prompt logged: 2025-11-09_16-19-26_taxonomy_mapping_pass1_fca4992a0e3d.json
📝 Response logged: 2025-11-09_16-19-28_taxonomy_mapping_pass1_fca4992a0e3d_RESPONSE.json
        Pass 1 → Personal Data / Contact Information (0.95)
        Router → Skip Pass 2 (direct to extraction)

    [396] Unknown
        Entries: 1, Subgroups: 0
📝 Prompt logged: 2025-11-09_16-19-28_taxonomy_mapping_pass1_d3e3139caedf.json
📝 Response logged: 2025-11-09_16-19-34_taxonomy_mapping_pass1_d3e3139caedf_RESPONSE.json
        Pass 1 → Honors and Awards (0.95)

    [397] Unknown
        Entries: 1, Subgroups: 0
📝 Prompt logged: 2025-11-09_16-19-34_taxonomy_mapping_pass1_fa8c683b8b5a.json
📝 Response logged: 2025-11-09_16-19-36_taxonomy_mapping_pass1_fa8c683b8b5a_RESPONSE.json
        Pass 1 → Personal Data / Contact Information (0.95)
        Router → Skip Pass 2 (direct to extraction)

    [398] Unknown
        Entries: 3, Subgroups: 0
📝 Prompt logged: 2025-11-09_16-19-36_taxonomy_mapping_pass1_e8f8866a6843.json
📝 Response logged: 2025-11-09_16-19-38_taxonomy_mapping_pass1_e8f8866a6843_RESPONSE.json
        Pass 1 → Research (0.95)
📝 Prompt logged: 2025-11-09_16-19-38_taxonomy_mapping_pass2_batch_1aef81566702.json
📝 Response logged: 2025-11-09_16-19-41_taxonomy_mapping_pass2_batch_1aef81566702_RESPONSE.json
        Pass 2 (batch of 3) → Research Support (Grants/Funding) (avg: 0.90)

    [399] Unknown
        Entries: 1, Subgroups: 0
📝 Prompt logged: 2025-11-09_16-19-41_taxonomy_mapping_pass1_395cd27433b9.json
📝 Response logged: 2025-11-09_16-19-43_taxonomy_mapping_pass1_395cd27433b9_RESPONSE.json
        Pass 1 → Honors and Awards (0.95)

    [400] Unknown
        Entries: 1, Subgroups: 0
📝 Prompt logged: 2025-11-09_16-19-43_taxonomy_mapping_pass1_d2c0be2d6e59.json
📝 Response logged: 2025-11-09_16-19-44_taxonomy_mapping_pass1_d2c0be2d6e59_RESPONSE.json
        Pass 1 → Personal Data / Contact Information (0.95)
        Router → Skip Pass 2 (direct to extraction)

    [401] Unknown
        Entries: 1, Subgroups: 0
📝 Prompt logged: 2025-11-09_16-19-44_taxonomy_mapping_pass1_71b02912f4f0.json
📝 Response logged: 2025-11-09_16-19-46_taxonomy_mapping_pass1_71b02912f4f0_RESPONSE.json
        Pass 1 → Personal Data / Contact Information (0.95)
        Router → Skip Pass 2 (direct to extraction)

    [402] Unknown
        Entries: 1, Subgroups: 0
📝 Prompt logged: 2025-11-09_16-19-46_taxonomy_mapping_pass1_9fbd8f70e26b.json
📝 Response logged: 2025-11-09_16-19-48_taxonomy_mapping_pass1_9fbd8f70e26b_RESPONSE.json
        Pass 1 → Honors and Awards (0.95)

    [403] Unknown
        Entries: 1, Subgroups: 0
📝 Prompt logged: 2025-11-09_16-19-48_taxonomy_mapping_pass1_2ae601b66f9c.json
📝 Response logged: 2025-11-09_16-19-50_taxonomy_mapping_pass1_2ae601b66f9c_RESPONSE.json
        Pass 1 → Research (0.95)
📝 Prompt logged: 2025-11-09_16-19-50_taxonomy_mapping_pass2_batch_256407668185.json
📝 Response logged: 2025-11-09_16-19-51_taxonomy_mapping_pass2_batch_256407668185_RESPONSE.json
        Pass 2 (batch of 1) → Research Support (Grants/Funding) (avg: 0.90)

    [404] Unknown
        Entries: 1, Subgroups: 0
📝 Prompt logged: 2025-11-09_16-19-51_taxonomy_mapping_pass1_258760e8c51e.json
📝 Response logged: 2025-11-09_16-19-53_taxonomy_mapping_pass1_258760e8c51e_RESPONSE.json
        Pass 1 → Personal Data / Contact Information (0.95)
        Router → Skip Pass 2 (direct to extraction)

    [405] Unknown
        Entries: 1, Subgroups: 0
📝 Prompt logged: 2025-11-09_16-19-53_taxonomy_mapping_pass1_3e5148603575.json
📝 Response logged: 2025-11-09_16-20-03_taxonomy_mapping_pass1_3e5148603575_RESPONSE.json
        Pass 1 → Research (0.85)
📝 Prompt logged: 2025-11-09_16-20-03_taxonomy_mapping_pass2_batch_fa141cf7e8e7.json
📝 Response logged: 2025-11-09_16-28-25_taxonomy_mapping_pass2_batch_fa141cf7e8e7_RESPONSE.json
        Pass 2 (batch of 1) → Research Support (Grants/Funding) (avg: 0.90)

    [406] Unknown
        Entries: 1, Subgroups: 0
📝 Prompt logged: 2025-11-09_16-28-25_taxonomy_mapping_pass1_dec8c5466a51.json
📝 Response logged: 2025-11-09_16-28-28_taxonomy_mapping_pass1_dec8c5466a51_RESPONSE.json
        Pass 1 → Research (0.85)
📝 Prompt logged: 2025-11-09_16-28-28_taxonomy_mapping_pass2_batch_93682771e6de.json
📝 Response logged: 2025-11-09_16-28-30_taxonomy_mapping_pass2_batch_93682771e6de_RESPONSE.json
        Pass 2 (batch of 1) → Research Activities (Summary) (avg: 0.90)

    [407] Unknown
        Entries: 2, Subgroups: 0
📝 Prompt logged: 2025-11-09_16-28-30_taxonomy_mapping_pass1_93e1e8db4174.json
📝 Response logged: 2025-11-09_16-28-33_taxonomy_mapping_pass1_93e1e8db4174_RESPONSE.json
        Pass 1 → Bibliography (0.85)
📝 Prompt logged: 2025-11-09_16-28-33_taxonomy_mapping_pass2_batch_1164b9527981.json
📝 Response logged: 2025-11-09_16-28-35_taxonomy_mapping_pass2_batch_1164b9527981_RESPONSE.json
        Pass 2 (batch of 2) → Research Activities (Summary) (avg: 0.90)

    [408] Unknown
        Entries: 6, Subgroups: 0
📝 Prompt logged: 2025-11-09_16-28-35_taxonomy_mapping_pass1_b011d92abf35.json
📝 Response logged: 2025-11-09_16-28-37_taxonomy_mapping_pass1_b011d92abf35_RESPONSE.json
        Pass 1 → Bibliography (0.95)
📝 Prompt logged: 2025-11-09_16-28-37_taxonomy_mapping_pass2_batch_d760d48d55de.json
📝 Response logged: 2025-11-09_16-28-46_taxonomy_mapping_pass2_batch_d760d48d55de_RESPONSE.json
        Pass 2 (batch of 6) → Peer-Reviewed Research Articles (original research) (avg: 0.90)

================================================================================
MAPPING RESULTS (V2)
================================================================================
Classified sections: 408
  High confidence (≥0.85): 408 (100.0%)
Average confidence: 0.908

API Calls:
  Pass 1 (parent): 408
  Pass 2 (child): 282
  Total: 690

Token Usage:
  Prompt: 839,053
  Completion: 77,083
  Total: 916,136

✓ Results saved to: .outputs/phase2_20cvs/2006_Bush_mapped.json
  ✓ 690 calls, 916,136 tokens, 0.908 confidence (2479.0s)
[6/8] 2007_Frank_Lau...
================================================================================
TWO-PASS HIERARCHICAL TAXONOMY MAPPING (V2)
================================================================================
Input: .outputs/phase2_20cvs/2007_Frank_Lau_preprocessed.json
Strategy: Pass 1 (20 parents) → Router → Pass 2 (3-9 children)

  ✗ ERROR: [Errno 2] No such file or directory: '.outputs/phase2_20cvs/2007_Frank_Lau_preprocessed.json' (0.0s)
[7/8] 2008_Dunkel_Schetter...
================================================================================
TWO-PASS HIERARCHICAL TAXONOMY MAPPING (V2)
================================================================================
Input: .outputs/phase2_20cvs/2008_Dunkel_Schetter_preprocessed.json
Strategy: Pass 1 (20 parents) → Router → Pass 2 (3-9 children)

  ✗ ERROR: [Errno 2] No such file or directory: '.outputs/phase2_20cvs/2008_Dunkel_Schetter_preprocessed.json' (0.0s)
[8/8] 2009_Mucci_March...
================================================================================
TWO-PASS HIERARCHICAL TAXONOMY MAPPING (V2)
================================================================================
Input: .outputs/phase2_20cvs/2009_Mucci_March_preprocessed.json
Strategy: Pass 1 (20 parents) → Router → Pass 2 (3-9 children)

  ✗ ERROR: [Errno 2] No such file or directory: '.outputs/phase2_20cvs/2009_Mucci_March_preprocessed.json' (0.0s)

======================================================================
MAPPING COMPLETE
======================================================================
Successful: 5/8
Total tokens: 2,733,662
Total time: 136.4 minutes
Avg time per CV: 17.1 minutes
